transport_mode,km_per_month,flights_per_year,electricity_kwh,energy_source,heating_type,diet_type,food_source,food_waste_level,waste_kg,recycling,shopping_spend,co2_monthly_kg,emission_tier
car_diesel,230.8,0,278.7,renewable,electric,vegetarian,local,high,23.3,most,164.4,244.89,low
car_electric,130.5,2,211.5,mixed,electric,vegetarian,local,medium,20.6,some,129.2,294.26,low
car_petrol,316.0,2,335.3,mixed,gas,omnivore,local,high,36.2,some,50.8,453.5,moderate
cycle,486.8,6,269.7,renewable,gas,meat_heavy,local,medium,36.8,some,186.3,443.9,moderate
car_diesel,228.0,0,262.1,renewable,oil,meat_heavy,local,high,38.3,none,202.3,419.02,moderate
cycle,372.7,0,234.0,mixed,electric,omnivore,imported,medium,23.9,most,206.6,432.11,moderate
train,1758.8,0,167.2,coal,gas,omnivore,mixed,medium,25.8,some,148.2,497.52,moderate
cycle,334.5,2,273.1,coal,oil,omnivore,imported,high,31.1,some,102.1,627.99,high
train,68.4,0,281.1,mixed,none,omnivore,mixed,medium,30.6,none,114.6,284.58,low
car_diesel,433.9,2,190.7,coal,none,meat_heavy,local,medium,28.0,none,185.7,458.71,moderate
car_petrol,280.3,2,374.6,mixed,gas,vegetarian,mixed,low,29.0,some,86.7,388.43,low
bus,455.9,2,305.8,coal,gas,meat_heavy,imported,high,26.4,most,214.2,824.36,high
motorbike,369.6,4,231.5,mixed,gas,omnivore,mixed,high,30.5,some,147.3,559.62,high
car_petrol,295.4,1,344.4,coal,electric,meat_heavy,mixed,medium,41.3,some,154.0,661.7,high
car_petrol,194.3,6,180.5,mixed,oil,omnivore,mixed,medium,25.4,most,451.4,646.18,high
cycle,560.4,4,238.8,renewable,none,vegetarian,local,medium,35.4,none,64.0,237.49,low
cycle,601.2,2,408.7,renewable,gas,omnivore,imported,medium,38.8,some,215.3,426.7,moderate
cycle,568.9,1,379.4,mixed,electric,vegetarian,imported,medium,28.1,some,132.5,348.87,low
car_electric,143.7,0,282.2,coal,oil,omnivore,local,medium,20.8,some,177.2,506.98,moderate
motorbike,306.6,2,251.4,mixed,oil,omnivore,mixed,low,32.4,most,71.7,470.04,moderate
car_petrol,517.1,2,104.9,coal,none,vegetarian,mixed,medium,12.8,some,87.8,340.42,low
motorbike,643.1,1,133.5,mixed,gas,omnivore,mixed,low,26.9,some,124.4,479.41,moderate
bus,395.1,6,255.5,mixed,gas,omnivore,mixed,medium,26.5,none,168.6,579.27,high
car_petrol,311.9,3,194.0,mixed,electric,vegetarian,mixed,high,24.4,most,165.3,412.91,moderate
cycle,143.8,0,140.1,renewable,oil,omnivore,mixed,high,41.1,some,121.6,322.45,low
cycle,410.8,2,88.7,mixed,electric,vegetarian,mixed,high,23.5,most,75.6,277.5,low
car_electric,372.7,0,322.3,mixed,electric,meat_heavy,local,medium,23.3,most,137.9,373.45,low
train,189.4,10,190.2,coal,oil,omnivore,mixed,high,41.6,most,99.1,727.09,high
car_petrol,801.5,6,319.4,mixed,gas,vegetarian,local,high,30.2,most,120.9,618.76,high
bus,564.6,1,358.0,renewable,gas,omnivore,imported,high,46.2,some,41.8,440.26,moderate
car_electric,722.5,6,87.1,renewable,electric,omnivore,mixed,high,19.0,none,159.9,435.42,moderate
cycle,1009.3,0,243.4,renewable,none,meat_heavy,mixed,medium,25.2,none,141.4,331.54,low
car_electric,415.5,3,245.0,renewable,none,omnivore,mixed,high,23.5,some,171.8,387.72,low
car_petrol,569.1,2,175.5,mixed,electric,vegetarian,mixed,high,25.0,some,212.4,488.7,moderate
car_petrol,878.5,0,329.0,coal,gas,omnivore,mixed,medium,25.3,some,180.8,762.09,high
cycle,193.0,0,248.7,coal,electric,vegan,mixed,medium,36.0,some,111.2,317.0,low
car_petrol,232.4,4,293.9,mixed,electric,meat_heavy,local,low,22.7,most,70.7,462.03,moderate
car_petrol,242.4,1,240.8,mixed,electric,meat_heavy,imported,high,28.4,most,194.1,623.23,high
car_petrol,325.8,2,139.5,mixed,electric,vegetarian,local,low,33.8,some,144.4,358.11,low
motorbike,254.9,0,233.2,mixed,gas,omnivore,local,high,27.5,some,215.5,457.57,moderate
car_petrol,1242.1,1,341.3,coal,gas,omnivore,mixed,medium,14.0,most,166.3,759.41,high
car_petrol,337.3,0,24.8,renewable,gas,omnivore,imported,high,34.8,none,74.3,407.4,moderate
cycle,1096.3,3,395.8,coal,gas,omnivore,mixed,low,30.6,most,65.1,538.51,high
motorbike,216.3,0,195.8,mixed,oil,omnivore,mixed,medium,35.6,some,132.9,424.77,moderate
car_petrol,561.9,0,392.2,mixed,gas,meat_heavy,local,high,30.9,some,346.2,737.58,high
car_electric,352.7,1,344.6,mixed,gas,vegetarian,mixed,medium,19.6,none,66.0,353.58,low
bus,268.0,2,214.0,mixed,oil,vegetarian,local,medium,36.3,most,67.4,356.9,low
car_diesel,521.2,0,365.8,coal,gas,vegetarian,mixed,medium,23.6,some,35.6,499.23,moderate
car_petrol,480.4,1,325.2,renewable,gas,omnivore,mixed,medium,29.1,some,181.6,404.69,moderate
bus,557.5,1,266.5,renewable,electric,meat_heavy,imported,high,29.0,most,419.9,670.97,high
car_petrol,734.8,0,197.5,mixed,electric,vegan,mixed,medium,24.6,most,289.2,441.93,moderate
motorbike,380.3,4,347.2,mixed,gas,omnivore,local,high,9.6,most,70.3,480.87,moderate
motorbike,301.9,0,263.4,renewable,gas,meat_heavy,local,medium,20.9,none,128.0,284.26,low
car_electric,741.5,0,276.1,renewable,gas,omnivore,mixed,medium,25.5,most,159.3,300.41,low
car_petrol,297.2,0,184.5,coal,oil,meat_heavy,mixed,low,25.6,some,94.5,558.06,high
bus,763.8,0,99.7,renewable,oil,omnivore,local,medium,45.6,some,184.6,322.69,low
bus,147.6,3,201.0,coal,oil,omnivore,imported,high,24.4,most,115.9,595.84,high
car_petrol,633.8,10,134.0,coal,gas,vegan,local,medium,29.0,most,335.9,767.5,high
car_petrol,927.3,0,391.3,renewable,gas,omnivore,mixed,low,33.2,most,74.2,417.64,moderate
car_diesel,189.5,2,301.7,mixed,electric,vegan,mixed,low,10.5,most,170.4,301.52,low
motorbike,154.8,0,338.8,coal,electric,omnivore,mixed,medium,35.1,none,83.2,488.26,moderate
car_diesel,168.8,4,131.3,mixed,oil,vegetarian,imported,medium,25.7,some,89.6,441.84,moderate
car_petrol,656.1,2,262.0,coal,none,vegan,imported,medium,28.3,some,122.2,427.92,moderate
car_petrol,342.1,0,156.2,mixed,gas,omnivore,mixed,high,40.8,some,195.7,518.73,high
car_petrol,625.1,10,254.2,mixed,oil,omnivore,mixed,medium,23.5,some,261.6,782.73,high
car_diesel,378.4,0,76.0,mixed,gas,vegan,mixed,low,15.9,some,382.3,380.12,low
cycle,766.4,0,395.9,coal,gas,meat_heavy,mixed,medium,42.2,some,82.8,570.04,high
car_petrol,602.0,2,174.4,renewable,gas,meat_heavy,imported,high,29.6,none,164.5,700.24,high
car_petrol,148.1,2,136.8,mixed,gas,meat_heavy,mixed,low,27.8,some,230.2,504.62,moderate
bus,726.2,0,271.6,mixed,oil,vegetarian,mixed,high,31.1,some,210.4,500.69,moderate
car_petrol,360.3,0,175.0,renewable,oil,omnivore,local,low,29.9,some,123.4,314.78,low
train,1147.8,3,298.4,mixed,electric,vegan,local,high,28.5,some,106.8,353.03,low
car_petrol,141.4,0,336.9,renewable,none,vegan,mixed,low,43.7,some,115.2,171.74,low
car_petrol,103.5,2,351.0,coal,none,meat_heavy,mixed,high,41.1,some,50.5,581.27,high
cycle,680.2,0,231.4,coal,electric,omnivore,imported,medium,31.4,none,156.8,503.74,moderate
car_petrol,821.5,4,362.4,mixed,gas,meat_heavy,mixed,medium,32.9,most,73.4,702.72,high
car_petrol,309.7,0,339.6,coal,gas,omnivore,mixed,low,35.9,none,154.1,558.02,high
car_petrol,429.1,0,466.2,mixed,electric,meat_heavy,mixed,medium,27.8,most,101.3,535.97,high
car_diesel,486.4,3,154.4,coal,gas,meat_heavy,mixed,medium,28.6,some,78.5,654.96,high
car_diesel,602.7,0,260.3,renewable,electric,omnivore,mixed,medium,37.5,most,59.0,326.14,low
bus,1533.5,0,241.3,renewable,none,omnivore,local,medium,25.4,none,34.4,313.9,low
car_diesel,909.8,10,109.4,mixed,electric,vegetarian,imported,medium,48.0,most,189.0,683.77,high
bus,838.2,2,319.9,renewable,gas,meat_heavy,imported,low,27.7,most,228.5,549.59,high
car_diesel,56.4,0,283.7,coal,electric,omnivore,mixed,low,27.1,none,38.1,394.73,low
car_petrol,112.8,1,272.9,coal,electric,vegetarian,local,low,24.8,none,346.4,511.37,high
car_petrol,497.2,0,254.4,renewable,gas,meat_heavy,mixed,high,21.1,some,81.7,468.63,moderate
cycle,472.8,1,290.7,mixed,electric,omnivore,local,low,39.1,most,58.7,300.67,low
cycle,1042.6,2,247.2,mixed,oil,omnivore,local,high,48.0,some,57.0,448.1,moderate
car_diesel,285.4,10,276.7,coal,none,omnivore,imported,high,44.1,none,156.5,788.39,high
train,213.9,3,366.1,coal,electric,meat_heavy,mixed,medium,25.4,some,66.0,619.92,high
car_petrol,204.7,2,195.9,mixed,electric,omnivore,mixed,high,3.0,most,379.3,506.13,moderate
bus,159.9,2,311.2,mixed,none,meat_heavy,local,low,33.8,some,102.4,375.43,low
car_petrol,398.0,1,299.8,coal,gas,omnivore,imported,medium,37.2,some,37.6,579.75,high
car_petrol,390.4,0,416.2,coal,electric,omnivore,imported,medium,30.2,none,82.3,607.15,high
cycle,779.4,0,284.6,coal,electric,omnivore,imported,high,15.6,none,75.9,492.59,moderate
bus,793.5,2,450.0,coal,electric,vegetarian,local,low,15.6,most,234.4,593.99,high
car_petrol,867.8,10,98.3,coal,electric,omnivore,mixed,medium,33.7,most,283.8,799.74,high
car_petrol,245.6,0,181.7,renewable,gas,omnivore,imported,medium,28.3,some,52.8,310.84,low
cycle,619.8,1,425.2,coal,electric,vegan,local,medium,29.7,most,43.2,338.78,low
bus,789.5,4,201.9,coal,none,vegan,mixed,high,13.9,some,72.9,344.21,low
car_petrol,566.2,0,302.4,mixed,gas,omnivore,local,high,9.6,some,161.3,518.45,high
cycle,1297.4,10,215.4,renewable,gas,vegetarian,mixed,high,32.6,none,166.8,483.38,moderate
car_petrol,219.6,0,218.2,renewable,electric,vegetarian,local,high,27.7,some,190.7,268.26,low
car_diesel,202.2,1,295.7,mixed,gas,omnivore,mixed,low,28.5,some,164.2,420.44,moderate
car_petrol,300.0,0,244.4,mixed,none,meat_heavy,local,low,21.9,some,99.1,348.15,low
train,440.7,0,295.0,mixed,gas,vegetarian,mixed,low,50.9,some,232.4,397.85,low
train,433.2,0,234.3,coal,oil,meat_heavy,mixed,low,27.8,most,167.8,601.68,high
car_petrol,404.6,0,355.1,mixed,gas,omnivore,mixed,high,19.4,none,225.0,536.83,high
car_petrol,420.0,2,332.9,renewable,electric,omnivore,local,medium,32.6,some,76.8,344.94,low
car_petrol,483.8,6,177.8,coal,gas,vegetarian,mixed,low,41.0,most,142.0,584.11,high
car_petrol,594.8,0,368.0,coal,electric,vegetarian,mixed,medium,21.6,none,201.9,601.37,high
train,567.3,0,300.1,coal,gas,omnivore,mixed,medium,25.9,none,87.8,494.32,moderate
cycle,198.3,4,332.2,renewable,none,omnivore,mixed,medium,32.9,none,182.5,382.93,low
cycle,204.2,0,241.5,mixed,oil,meat_heavy,mixed,high,27.1,some,380.8,661.47,high
car_diesel,1001.3,2,306.1,mixed,gas,omnivore,local,low,25.9,none,67.7,592.58,high
bus,537.1,1,275.0,coal,oil,meat_heavy,mixed,low,42.5,none,41.9,584.48,high
car_diesel,277.7,4,61.5,mixed,gas,omnivore,mixed,low,12.7,none,238.7,478.22,moderate
bus,1328.5,2,417.5,mixed,electric,vegetarian,local,high,46.9,some,222.1,527.62,high
train,60.9,0,322.1,mixed,gas,meat_heavy,mixed,medium,17.8,some,314.3,530.73,high
train,254.3,2,137.2,mixed,gas,meat_heavy,local,high,31.5,most,133.0,495.05,moderate
train,396.7,3,144.7,coal,gas,vegetarian,mixed,medium,2.0,some,81.0,408.16,moderate
car_petrol,640.6,0,360.4,coal,gas,omnivore,local,high,19.6,none,64.2,601.27,high
car_petrol,436.8,0,31.8,mixed,oil,meat_heavy,mixed,high,36.8,some,37.9,518.92,high
cycle,648.9,2,137.1,mixed,none,omnivore,mixed,low,23.7,most,84.4,281.46,low
car_petrol,1379.5,2,265.9,mixed,gas,omnivore,mixed,low,24.3,none,155.0,751.89,high
car_electric,598.2,1,435.2,renewable,electric,meat_heavy,mixed,low,20.9,some,86.3,319.43,low
cycle,462.2,4,223.7,renewable,oil,meat_heavy,local,medium,12.4,none,107.2,419.22,moderate
bus,349.1,6,353.4,coal,electric,omnivore,mixed,medium,39.9,some,163.9,608.0,high
bus,467.6,0,219.9,coal,oil,omnivore,local,medium,24.0,some,121.8,531.45,high
car_electric,238.2,1,288.5,coal,gas,omnivore,mixed,medium,19.9,none,169.4,583.46,high
car_diesel,525.6,3,59.0,mixed,oil,omnivore,local,medium,21.9,none,103.3,462.88,moderate
car_diesel,925.3,2,221.0,mixed,oil,omnivore,imported,medium,31.7,some,70.8,606.66,high
train,571.8,2,261.4,mixed,gas,meat_heavy,mixed,medium,47.4,none,147.7,575.47,high
bus,541.0,2,228.3,coal,gas,omnivore,imported,medium,30.5,most,115.4,579.86,high
cycle,544.2,4,316.5,coal,none,vegetarian,mixed,high,34.2,most,149.1,441.87,moderate
car_petrol,435.6,2,222.7,coal,gas,vegetarian,local,high,32.3,some,198.9,584.16,high
car_petrol,307.0,10,256.3,coal,oil,omnivore,local,low,39.6,none,206.9,820.2,high
bus,65.3,1,311.0,mixed,electric,vegetarian,mixed,medium,40.2,some,299.9,393.56,low
car_diesel,447.0,2,261.1,mixed,electric,omnivore,local,low,33.5,some,80.4,415.32,moderate
car_petrol,189.5,0,242.5,coal,electric,meat_heavy,local,low,38.8,some,82.4,465.39,moderate
car_diesel,399.8,2,221.3,mixed,oil,omnivore,mixed,high,20.0,most,75.1,467.94,moderate
car_electric,504.3,0,295.8,renewable,none,vegetarian,local,medium,29.4,some,80.3,168.14,low
car_diesel,102.6,1,238.2,coal,gas,vegan,mixed,medium,28.8,some,112.9,394.74,low
cycle,697.4,0,275.8,renewable,gas,omnivore,local,low,11.0,some,78.5,172.82,low
train,630.7,3,191.8,mixed,gas,omnivore,mixed,medium,45.8,none,142.5,505.21,moderate
car_electric,648.7,2,92.6,mixed,electric,omnivore,local,medium,18.4,most,91.1,305.67,low
car_petrol,781.8,0,336.8,mixed,gas,vegan,mixed,medium,44.2,most,88.4,447.17,moderate
cycle,347.2,1,240.1,coal,gas,vegetarian,mixed,low,27.1,none,137.6,394.04,low
car_diesel,179.2,0,405.9,mixed,oil,omnivore,mixed,low,50.3,most,108.1,442.05,moderate
cycle,123.9,0,317.3,mixed,electric,omnivore,mixed,high,30.9,some,199.0,428.71,moderate
car_petrol,207.1,1,272.8,mixed,oil,meat_heavy,mixed,low,32.7,none,171.7,541.45,high
car_petrol,532.5,4,247.4,mixed,gas,omnivore,local,high,30.4,some,15.6,563.92,high
train,367.0,6,232.2,renewable,gas,vegetarian,imported,low,26.5,none,169.1,329.36,low
cycle,435.7,2,215.0,mixed,gas,omnivore,mixed,high,19.1,none,76.4,417.77,moderate
car_petrol,667.6,3,192.3,mixed,oil,omnivore,mixed,high,32.3,some,118.1,602.21,high
car_electric,302.4,0,237.0,renewable,none,meat_heavy,imported,medium,23.4,some,104.6,376.38,low
car_petrol,459.2,0,180.8,renewable,none,omnivore,imported,medium,18.6,some,173.0,372.01,low
bus,832.6,4,132.2,mixed,gas,omnivore,mixed,low,16.9,some,187.1,518.72,high
motorbike,835.7,3,247.7,coal,gas,omnivore,local,medium,10.3,some,120.0,573.88,high
car_petrol,368.9,0,264.0,coal,electric,omnivore,local,medium,35.3,some,87.6,461.81,moderate
cycle,694.8,6,273.9,mixed,gas,omnivore,mixed,low,22.2,most,205.8,552.98,high
train,460.7,0,267.8,mixed,electric,meat_heavy,mixed,high,2.0,some,121.2,432.76,moderate
car_petrol,188.2,1,279.4,coal,electric,omnivore,imported,low,31.0,some,38.2,504.3,moderate
bus,268.9,1,351.3,mixed,gas,vegetarian,local,medium,10.6,none,129.0,327.24,low
car_petrol,227.5,1,20.0,mixed,electric,meat_heavy,mixed,high,26.1,some,52.5,478.09,moderate
train,548.6,0,251.8,mixed,oil,meat_heavy,local,low,37.8,some,73.3,437.36,moderate
cycle,196.8,0,265.6,mixed,electric,omnivore,mixed,low,30.4,most,112.6,300.32,low
motorbike,444.8,0,270.8,mixed,gas,meat_heavy,local,medium,31.9,most,256.7,475.19,moderate
bus,911.4,0,228.9,mixed,oil,vegetarian,local,low,32.7,most,68.5,395.3,low
cycle,164.3,2,266.6,coal,gas,vegetarian,mixed,medium,22.4,most,114.0,444.76,moderate
car_petrol,530.9,0,106.2,mixed,electric,meat_heavy,mixed,high,32.6,most,154.1,556.51,high
car_petrol,998.5,2,232.8,mixed,gas,omnivore,mixed,medium,34.2,most,105.4,594.92,high
train,234.9,0,210.7,mixed,electric,meat_heavy,local,medium,27.3,none,78.3,386.91,low
train,135.4,0,340.7,mixed,gas,omnivore,local,low,12.7,most,122.4,348.42,low
car_diesel,397.9,2,427.9,mixed,oil,omnivore,mixed,high,12.4,none,106.6,596.52,high
motorbike,183.7,0,248.9,mixed,oil,meat_heavy,local,low,28.1,some,180.1,439.06,moderate
bus,698.8,2,89.9,mixed,gas,meat_heavy,mixed,low,31.2,some,76.9,475.74,moderate
car_petrol,234.5,0,152.3,mixed,none,meat_heavy,mixed,medium,25.5,some,224.1,446.54,moderate
car_petrol,587.1,4,196.2,mixed,electric,meat_heavy,mixed,medium,42.2,most,153.4,670.29,high
car_petrol,607.0,2,114.7,mixed,gas,omnivore,mixed,medium,38.8,some,209.0,596.97,high
cycle,688.4,3,199.8,mixed,none,vegetarian,mixed,medium,17.0,some,119.6,277.02,low
car_petrol,620.0,0,326.4,renewable,gas,vegetarian,imported,medium,35.7,none,60.4,388.61,low
cycle,449.2,3,56.2,coal,oil,meat_heavy,mixed,low,39.0,none,216.0,620.31,high
bus,781.4,0,273.5,mixed,gas,omnivore,local,medium,40.5,some,39.5,387.82,low
train,406.1,1,149.5,coal,gas,vegan,mixed,medium,40.4,some,95.5,340.66,low
car_petrol,253.6,10,163.9,coal,electric,meat_heavy,imported,low,43.1,some,80.3,712.32,high
car_petrol,158.0,1,167.0,mixed,none,omnivore,local,low,18.0,none,84.1,263.69,low
bus,203.8,6,324.7,coal,electric,vegetarian,mixed,medium,34.6,none,38.8,505.56,moderate
bus,506.7,2,229.4,mixed,gas,omnivore,imported,medium,27.6,none,166.5,508.34,moderate
car_petrol,434.6,3,234.3,renewable,gas,omnivore,mixed,medium,28.2,some,113.7,435.7,moderate
car_petrol,252.1,4,179.5,coal,gas,meat_heavy,mixed,medium,21.1,some,82.2,629.16,high
train,565.1,1,292.5,coal,electric,vegetarian,mixed,medium,26.1,none,80.0,369.24,low
car_diesel,508.8,2,229.2,mixed,gas,vegetarian,mixed,medium,42.5,some,84.0,454.63,moderate
car_petrol,445.9,1,77.2,renewable,gas,vegetarian,mixed,medium,21.0,most,87.3,286.12,low
cycle,241.9,2,220.2,mixed,gas,omnivore,mixed,medium,21.9,some,159.0,436.11,moderate
cycle,411.8,1,279.5,renewable,oil,meat_heavy,mixed,medium,14.0,none,121.1,355.48,low
train,478.9,2,292.6,coal,electric,meat_heavy,local,low,18.7,most,206.9,549.34,high
car_petrol,296.3,0,136.7,mixed,electric,meat_heavy,local,medium,20.6,none,75.6,347.3,low
car_electric,851.0,2,171.9,mixed,gas,vegetarian,mixed,medium,33.3,most,64.0,355.11,low
car_petrol,248.6,4,308.6,coal,electric,omnivore,local,high,27.5,some,72.1,526.79,high
car_petrol,662.1,1,283.5,renewable,electric,omnivore,mixed,medium,31.9,most,70.3,393.73,low
train,430.2,4,255.2,mixed,electric,vegan,local,medium,26.1,none,77.6,309.77,low
car_diesel,300.0,0,195.6,mixed,electric,vegetarian,local,low,5.9,some,105.8,268.51,low
train,291.9,2,257.4,mixed,oil,vegetarian,mixed,low,38.7,some,270.7,459.4,moderate
train,413.5,3,403.0,renewable,electric,omnivore,local,medium,38.7,some,67.9,297.81,low
car_petrol,360.2,1,123.5,coal,gas,omnivore,mixed,high,39.1,most,169.4,578.26,high
bus,428.0,0,303.8,coal,electric,omnivore,mixed,high,18.5,none,75.7,507.29,moderate
bus,246.6,0,73.4,coal,oil,meat_heavy,mixed,low,15.6,none,227.5,557.21,high
cycle,376.2,3,292.2,coal,gas,vegan,mixed,medium,12.6,none,59.7,399.88,moderate
car_diesel,521.3,2,378.8,coal,gas,vegetarian,mixed,high,38.7,some,338.1,763.89,high
cycle,978.9,1,176.3,coal,electric,vegan,imported,medium,43.3,some,172.1,375.6,low
car_petrol,1059.1,1,204.5,renewable,gas,omnivore,mixed,medium,14.9,most,195.7,491.41,moderate
bus,531.5,2,219.8,coal,oil,omnivore,mixed,high,31.4,none,123.2,649.24,high
car_electric,497.8,4,146.4,mixed,electric,omnivore,local,low,19.9,some,109.4,385.66,low
car_petrol,650.4,4,306.7,coal,oil,vegan,local,high,20.0,some,117.5,642.08,high
car_petrol,331.7,3,232.3,renewable,none,meat_heavy,mixed,low,21.4,some,75.3,363.02,low
train,342.0,0,206.2,coal,gas,omnivore,local,low,24.5,none,92.1,396.99,low
car_petrol,432.8,2,173.6,renewable,gas,omnivore,mixed,low,13.7,some,187.1,358.17,low
train,355.6,1,406.5,mixed,electric,vegetarian,imported,medium,24.8,some,100.7,383.87,low
motorbike,428.1,3,403.4,mixed,oil,omnivore,mixed,medium,23.1,most,147.2,551.86,high
bus,210.0,2,276.6,mixed,electric,meat_heavy,mixed,low,12.8,most,80.6,412.53,moderate
car_diesel,231.8,3,269.8,mixed,gas,omnivore,imported,high,33.2,most,61.5,540.23,high
car_petrol,575.8,4,298.1,mixed,gas,omnivore,mixed,low,40.3,some,63.5,549.79,high
cycle,100.1,0,59.1,mixed,gas,omnivore,imported,high,39.7,most,95.1,404.52,moderate
motorbike,231.1,4,295.7,coal,gas,omnivore,mixed,high,67.3,most,116.7,636.97,high
car_petrol,321.6,0,279.7,coal,gas,vegetarian,mixed,high,31.3,most,90.1,499.95,moderate
car_diesel,466.7,0,258.8,mixed,gas,omnivore,local,high,41.0,some,111.7,474.47,moderate
bus,671.5,4,209.0,mixed,gas,omnivore,imported,low,37.9,some,213.6,557.41,high
car_petrol,206.6,0,339.7,renewable,gas,omnivore,imported,low,23.3,most,145.4,320.97,low
cycle,459.9,1,20.0,mixed,oil,vegetarian,mixed,high,33.7,most,179.0,353.01,low
car_electric,229.9,4,352.2,coal,gas,meat_heavy,mixed,medium,16.9,none,147.8,655.49,high
car_diesel,130.6,1,243.8,coal,gas,omnivore,imported,medium,36.5,none,237.5,685.61,high
cycle,653.6,0,239.0,mixed,electric,meat_heavy,imported,low,28.9,most,269.5,520.31,high
bus,255.5,2,257.0,coal,none,vegetarian,imported,low,27.3,some,156.3,364.74,low
car_electric,374.3,2,293.7,mixed,oil,vegetarian,mixed,medium,12.5,some,82.0,391.0,low
car_petrol,175.1,0,20.0,mixed,oil,vegetarian,mixed,medium,32.1,most,106.8,309.58,low
car_petrol,1060.3,1,290.8,renewable,electric,vegetarian,local,medium,18.2,most,170.7,432.9,moderate
car_petrol,625.5,3,65.5,renewable,electric,omnivore,local,low,17.3,some,30.8,349.88,low
car_petrol,301.6,3,241.6,coal,oil,omnivore,local,medium,22.7,some,137.3,615.99,high
car_electric,488.1,1,396.9,mixed,oil,meat_heavy,imported,medium,25.7,some,227.5,674.34,high
motorbike,340.0,0,86.4,coal,gas,meat_heavy,imported,high,35.6,some,67.1,670.03,high
train,410.9,0,302.2,renewable,gas,omnivore,mixed,medium,32.4,most,53.7,224.91,low
car_petrol,798.1,1,285.0,coal,gas,meat_heavy,local,medium,30.5,some,87.9,659.97,high
train,562.8,1,217.8,coal,gas,omnivore,mixed,low,26.2,none,122.3,495.61,moderate
car_diesel,334.1,1,335.6,coal,none,omnivore,mixed,low,17.8,some,154.6,440.94,moderate
car_petrol,415.1,4,169.3,coal,gas,vegetarian,local,medium,8.7,some,76.9,494.55,moderate
train,219.9,0,208.7,mixed,gas,omnivore,local,low,21.1,some,63.1,313.48,low
car_petrol,247.5,0,182.3,mixed,oil,omnivore,imported,medium,32.8,some,75.8,456.75,moderate
cycle,394.3,10,330.4,renewable,gas,omnivore,mixed,medium,46.3,some,180.4,479.21,moderate
car_petrol,483.9,2,288.3,mixed,gas,vegetarian,local,high,34.6,most,74.3,432.15,moderate
bus,679.3,2,316.2,mixed,gas,vegetarian,local,medium,45.8,most,251.5,491.48,moderate
car_petrol,508.5,0,161.1,mixed,gas,omnivore,imported,medium,24.8,most,118.3,499.97,moderate
car_electric,380.3,0,340.7,renewable,gas,vegetarian,mixed,medium,15.5,some,34.4,185.22,low
car_electric,549.4,1,184.0,mixed,none,vegetarian,mixed,medium,26.8,most,139.5,268.4,low
bus,226.9,0,168.6,mixed,electric,omnivore,local,low,39.7,none,137.8,352.61,low
car_electric,675.2,0,314.9,mixed,gas,omnivore,local,medium,34.1,most,459.6,577.55,high
car_diesel,166.6,0,193.5,coal,none,omnivore,mixed,high,25.1,none,240.4,441.34,moderate
car_diesel,948.6,0,164.9,coal,electric,meat_heavy,mixed,medium,38.4,none,190.9,694.69,high
car_petrol,860.6,0,437.7,renewable,gas,meat_heavy,imported,low,17.9,some,222.8,664.5,high
car_petrol,486.6,0,168.6,mixed,oil,meat_heavy,mixed,medium,19.6,some,56.9,520.79,high
train,806.8,2,127.1,mixed,electric,omnivore,imported,low,26.5,some,59.3,417.4,moderate
car_diesel,377.8,6,393.2,coal,gas,omnivore,imported,medium,26.2,some,87.2,664.95,high
car_electric,300.4,4,88.5,mixed,gas,omnivore,local,high,14.4,none,151.9,448.83,moderate
motorbike,864.7,0,412.6,coal,gas,meat_heavy,mixed,low,28.8,some,76.6,589.7,high
train,687.0,0,327.5,mixed,gas,meat_heavy,local,medium,29.4,some,161.1,501.28,moderate
car_petrol,1195.5,3,213.6,coal,none,meat_heavy,imported,high,33.6,most,69.6,913.89,high
cycle,573.8,1,189.3,mixed,electric,omnivore,local,medium,24.0,none,47.9,291.05,low
car_petrol,545.3,1,287.6,mixed,electric,vegetarian,mixed,high,12.8,none,299.6,479.68,moderate
bus,566.6,0,263.1,mixed,electric,meat_heavy,mixed,low,21.9,some,93.7,419.85,moderate
car_diesel,411.3,1,199.5,mixed,oil,meat_heavy,mixed,low,29.3,some,73.7,517.39,high
car_petrol,456.0,0,265.8,mixed,gas,vegan,imported,low,14.6,most,113.4,358.18,low
motorbike,295.0,2,134.4,renewable,gas,omnivore,mixed,low,16.9,some,302.7,389.79,low
train,567.2,1,220.6,coal,oil,omnivore,mixed,medium,25.9,none,107.0,524.92,high
train,450.5,1,254.6,mixed,none,meat_heavy,mixed,medium,22.5,some,280.0,471.24,moderate
car_petrol,508.0,0,365.2,mixed,electric,vegan,local,medium,5.8,some,82.1,309.72,low
motorbike,139.1,2,155.4,coal,electric,omnivore,mixed,low,40.0,some,79.7,434.82,moderate
train,988.3,2,150.0,coal,gas,omnivore,mixed,low,27.6,most,29.2,449.66,moderate
car_petrol,604.2,1,261.1,coal,electric,omnivore,mixed,medium,27.6,most,123.7,590.96,high
bus,483.8,1,278.9,mixed,gas,omnivore,local,low,29.9,some,353.6,543.84,high
bus,456.6,0,133.6,mixed,oil,meat_heavy,mixed,medium,26.9,some,209.4,527.64,high
cycle,487.3,0,280.3,coal,gas,meat_heavy,imported,medium,25.7,some,187.1,610.84,high
car_diesel,197.0,2,212.6,renewable,gas,vegetarian,mixed,medium,27.0,most,153.3,287.73,low
car_petrol,928.0,0,420.8,mixed,gas,omnivore,local,low,18.5,none,103.5,581.86,high
cycle,366.6,1,283.3,mixed,gas,omnivore,local,low,37.9,none,81.8,362.22,low
bus,544.6,2,250.6,mixed,electric,meat_heavy,mixed,high,7.1,none,230.7,551.42,high
train,408.1,0,280.5,mixed,electric,omnivore,local,high,26.0,none,307.7,468.03,moderate
motorbike,367.6,2,473.7,mixed,oil,vegetarian,mixed,low,30.6,none,233.6,549.23,high
cycle,321.3,4,279.9,coal,none,omnivore,mixed,low,38.0,some,74.0,403.37,moderate
cycle,382.0,1,275.3,mixed,oil,omnivore,mixed,low,6.7,none,107.2,383.63,low
bus,160.7,0,89.2,renewable,electric,omnivore,mixed,low,28.8,some,286.8,322.22,low
cycle,444.9,0,216.6,coal,gas,vegan,imported,medium,14.5,most,145.2,359.16,low
car_petrol,105.4,2,266.1,mixed,gas,meat_heavy,imported,low,26.9,none,89.6,596.96,high
motorbike,315.0,4,275.0,mixed,none,vegetarian,local,medium,27.8,none,61.6,341.67,low
car_electric,611.1,3,200.2,coal,gas,meat_heavy,local,low,30.4,most,46.6,533.83,high
cycle,374.3,0,236.5,coal,gas,meat_heavy,mixed,low,24.7,some,133.8,542.51,high
cycle,588.9,4,212.9,coal,electric,vegetarian,imported,high,21.6,most,65.7,461.23,moderate
car_petrol,100.5,0,253.1,mixed,electric,omnivore,local,medium,8.3,most,49.0,261.39,low
car_petrol,357.8,1,238.9,renewable,gas,vegetarian,local,high,41.1,some,83.1,288.88,low
cycle,368.2,4,356.4,coal,gas,omnivore,mixed,medium,32.8,most,235.9,648.99,high
car_petrol,313.4,2,186.1,mixed,electric,omnivore,imported,low,42.1,most,109.7,457.02,moderate
bus,650.9,2,217.1,mixed,gas,omnivore,local,low,26.5,most,119.5,414.95,moderate
car_diesel,517.6,2,398.8,mixed,gas,meat_heavy,imported,medium,41.3,some,78.1,690.6,high
cycle,886.0,0,112.1,mixed,none,omnivore,mixed,high,26.0,some,108.5,301.92,low
car_diesel,587.9,3,357.4,renewable,electric,vegetarian,imported,high,22.4,some,111.1,395.11,low
car_electric,290.6,0,366.2,mixed,electric,meat_heavy,local,medium,13.0,none,113.4,397.62,low
motorbike,578.4,1,158.8,mixed,gas,meat_heavy,local,low,36.5,none,184.2,467.45,moderate
bus,558.1,3,185.1,mixed,none,omnivore,mixed,medium,24.5,none,71.7,364.99,low
cycle,87.6,4,258.7,renewable,gas,omnivore,local,medium,26.6,some,53.0,300.07,low
car_petrol,601.3,2,81.1,mixed,none,vegetarian,imported,medium,21.9,some,148.7,427.27,moderate
car_petrol,808.2,2,256.9,mixed,gas,omnivore,mixed,medium,29.2,some,23.4,561.8,high
car_petrol,330.6,1,295.6,mixed,gas,omnivore,mixed,medium,7.3,some,122.1,411.82,moderate
cycle,370.4,2,240.4,coal,none,omnivore,mixed,low,45.0,some,72.3,349.96,low
train,295.3,3,195.1,coal,electric,meat_heavy,local,low,27.2,none,82.3,460.8,moderate
car_electric,420.1,2,138.8,coal,gas,meat_heavy,mixed,high,16.8,none,141.8,644.56,high
car_diesel,292.9,3,443.4,coal,gas,vegan,local,medium,30.0,some,185.5,595.8,high
bus,351.3,0,373.3,coal,electric,vegan,mixed,low,11.7,some,86.8,381.57,low
bus,500.1,0,322.8,coal,none,vegetarian,mixed,medium,33.7,some,75.3,316.41,low
car_diesel,466.5,0,223.9,mixed,gas,omnivore,local,low,24.4,some,125.9,409.83,moderate
motorbike,394.3,0,318.4,renewable,oil,vegan,mixed,medium,26.9,some,137.0,227.32,low
train,317.9,1,161.8,renewable,electric,vegetarian,imported,medium,17.1,none,215.4,281.48,low
cycle,302.2,1,151.5,mixed,gas,vegetarian,local,low,25.6,most,27.8,230.19,low
bus,409.2,0,401.6,mixed,electric,omnivore,mixed,low,38.0,some,100.5,408.95,moderate
cycle,455.5,2,20.0,mixed,oil,vegetarian,mixed,medium,31.9,some,113.2,321.37,low
car_petrol,753.3,1,227.5,renewable,electric,meat_heavy,imported,medium,31.2,most,225.5,604.93,high
car_petrol,355.7,1,185.1,coal,gas,omnivore,imported,medium,27.9,most,144.0,639.11,high
cycle,365.8,0,162.5,coal,gas,meat_heavy,mixed,low,37.8,some,47.2,502.16,moderate
train,404.3,1,334.3,mixed,oil,vegetarian,mixed,medium,2.0,most,167.1,387.65,low
car_diesel,234.0,1,178.6,coal,gas,omnivore,local,medium,29.5,most,108.6,469.44,moderate
cycle,370.4,1,252.2,mixed,electric,vegan,local,medium,4.1,most,193.4,262.05,low
bus,770.2,1,263.5,renewable,electric,omnivore,mixed,low,47.3,some,67.7,300.76,low
motorbike,526.8,3,373.0,coal,gas,omnivore,local,low,29.6,some,217.6,643.27,high
bus,496.0,1,343.2,coal,electric,omnivore,imported,low,20.5,none,49.7,465.95,moderate
motorbike,316.7,0,238.1,mixed,gas,omnivore,mixed,low,22.8,some,115.1,395.07,low
bus,763.8,0,337.6,mixed,gas,omnivore,mixed,low,26.6,most,232.1,476.71,moderate
bus,229.5,0,161.4,coal,gas,vegetarian,local,medium,20.1,some,79.4,359.09,low
car_diesel,450.3,4,92.9,renewable,gas,omnivore,mixed,low,10.8,some,64.5,380.2,low
car_diesel,318.0,2,311.3,mixed,none,meat_heavy,mixed,medium,16.5,most,23.3,405.43,moderate
cycle,1056.7,0,342.3,coal,electric,omnivore,local,medium,16.5,some,68.0,377.88,low
train,517.2,3,277.7,renewable,electric,omnivore,mixed,medium,19.8,most,77.1,316.98,low
car_diesel,233.7,3,262.2,coal,gas,meat_heavy,imported,medium,18.3,some,114.2,708.55,high
car_petrol,746.9,0,195.3,coal,gas,vegan,mixed,high,24.0,some,145.4,503.12,moderate
bus,263.8,0,163.2,mixed,electric,vegetarian,imported,high,41.3,most,245.6,382.71,low
car_diesel,423.7,2,189.8,mixed,electric,vegan,mixed,medium,27.4,some,96.0,296.06,low
bus,796.1,0,335.1,coal,electric,meat_heavy,mixed,high,26.7,some,206.0,711.4,high
car_petrol,573.2,3,219.3,mixed,gas,meat_heavy,imported,high,33.0,none,26.5,705.26,high
car_petrol,560.0,0,384.7,coal,gas,omnivore,imported,low,29.0,none,81.5,691.38,high
car_petrol,152.6,3,357.0,mixed,electric,meat_heavy,mixed,low,46.5,most,193.9,561.73,high
bus,518.5,3,365.5,mixed,oil,meat_heavy,mixed,high,37.0,some,44.9,634.6,high
car_petrol,342.3,0,246.9,renewable,gas,meat_heavy,mixed,medium,12.1,none,151.5,387.06,low
car_petrol,667.7,0,401.0,mixed,gas,vegan,local,low,36.7,most,26.0,403.42,moderate
car_petrol,375.8,4,309.2,mixed,gas,meat_heavy,mixed,low,27.3,most,107.4,559.44,high
car_petrol,525.0,0,169.2,coal,none,vegetarian,mixed,medium,47.7,some,153.2,398.34,low
bus,415.1,10,295.1,mixed,none,vegan,mixed,low,19.2,none,136.6,442.16,moderate
car_diesel,241.6,0,425.1,mixed,none,vegan,local,high,19.1,most,194.1,290.7,low
train,627.3,2,242.9,mixed,gas,vegetarian,local,medium,25.0,some,65.4,339.32,low
cycle,321.5,0,270.0,renewable,electric,vegetarian,local,high,28.8,none,86.5,183.49,low
car_petrol,344.7,0,354.9,renewable,electric,omnivore,local,high,22.3,most,192.1,360.47,low
cycle,250.3,3,409.8,mixed,gas,omnivore,mixed,low,23.4,some,130.8,464.58,moderate
train,837.5,4,221.6,mixed,electric,omnivore,mixed,low,24.5,most,159.7,453.85,moderate
car_petrol,861.5,0,203.9,coal,electric,omnivore,mixed,low,44.5,some,81.8,587.64,high
bus,321.1,0,348.6,mixed,gas,vegetarian,mixed,medium,32.3,some,162.7,363.08,low
cycle,120.2,4,20.0,renewable,electric,vegetarian,mixed,medium,26.4,most,44.7,227.48,low
motorbike,410.0,1,221.6,coal,electric,omnivore,mixed,low,18.6,most,180.9,467.43,moderate
car_electric,271.1,2,253.2,coal,electric,meat_heavy,imported,low,15.4,some,182.2,623.87,high
cycle,906.1,0,382.4,mixed,gas,meat_heavy,local,medium,21.0,most,114.0,421.11,moderate
car_petrol,696.8,0,297.4,mixed,electric,meat_heavy,mixed,medium,40.9,none,79.6,578.67,high
train,589.5,4,195.2,renewable,oil,omnivore,imported,low,33.9,most,395.0,548.47,high
car_petrol,627.9,3,260.1,coal,electric,omnivore,mixed,low,28.3,none,334.7,720.95,high
car_petrol,253.9,2,178.8,mixed,gas,vegetarian,imported,high,28.3,some,280.7,506.28,moderate
motorbike,269.1,4,258.8,renewable,gas,meat_heavy,local,high,31.9,most,77.7,449.71,moderate
car_petrol,317.9,0,310.5,coal,oil,omnivore,local,medium,31.8,most,212.7,616.48,high
motorbike,605.6,1,251.7,renewable,electric,omnivore,mixed,high,24.6,some,227.8,395.86,low
train,543.4,0,226.1,renewable,gas,meat_heavy,mixed,medium,24.0,most,159.4,324.7,low
car_diesel,567.1,0,244.8,coal,electric,vegetarian,local,medium,27.4,none,96.9,400.53,moderate
train,512.6,4,277.7,mixed,electric,omnivore,imported,low,25.5,most,68.0,453.49,moderate
cycle,425.8,1,271.7,coal,electric,omnivore,imported,low,24.2,most,131.0,468.99,moderate
car_diesel,878.8,0,371.6,mixed,gas,meat_heavy,local,medium,21.5,none,227.7,642.94,high
car_diesel,323.1,1,293.1,mixed,none,omnivore,mixed,low,21.2,none,153.2,359.79,low
car_diesel,275.7,1,267.2,coal,gas,meat_heavy,mixed,low,27.6,none,517.8,819.09,high
car_petrol,314.6,0,158.7,coal,none,meat_heavy,imported,high,20.6,most,92.1,571.08,high
cycle,595.3,0,306.9,coal,gas,vegetarian,mixed,high,23.3,some,69.2,391.47,low
car_petrol,238.0,1,249.1,mixed,oil,meat_heavy,mixed,medium,31.8,some,90.2,505.12,moderate
bus,379.9,10,203.4,mixed,none,omnivore,local,medium,41.3,none,249.2,620.44,high
cycle,943.7,2,277.5,coal,oil,vegetarian,local,medium,23.0,most,60.2,477.84,moderate
bus,679.3,0,250.3,renewable,gas,omnivore,mixed,medium,40.3,none,126.2,344.4,low
bus,291.0,0,129.9,renewable,electric,vegetarian,mixed,low,38.6,some,135.2,208.97,low
car_diesel,406.0,0,191.0,mixed,gas,vegetarian,mixed,medium,25.6,none,60.1,312.39,low
car_diesel,838.8,1,260.4,mixed,gas,omnivore,imported,medium,46.6,most,206.4,727.06,high
car_diesel,600.3,0,239.7,mixed,gas,meat_heavy,mixed,medium,33.7,some,189.7,555.22,high
car_petrol,142.9,2,220.3,mixed,oil,omnivore,local,low,28.6,some,142.2,420.12,moderate
bus,445.0,6,60.6,renewable,electric,meat_heavy,mixed,low,48.4,some,377.2,555.09,high
car_petrol,807.3,0,251.3,renewable,none,meat_heavy,local,medium,30.3,some,199.2,468.7,moderate
bus,163.6,3,294.9,coal,gas,vegetarian,mixed,high,11.1,most,23.0,454.62,moderate
cycle,629.7,4,281.6,coal,oil,omnivore,mixed,medium,37.4,some,93.6,537.85,high
cycle,210.8,1,248.1,coal,gas,omnivore,local,high,30.9,none,170.6,483.02,moderate
cycle,449.6,2,343.3,mixed,gas,meat_heavy,mixed,low,28.9,some,91.5,458.18,moderate
bus,433.9,10,86.1,renewable,gas,omnivore,mixed,low,20.9,some,197.9,490.93,moderate
car_petrol,286.3,3,256.1,mixed,oil,omnivore,imported,medium,28.3,most,189.5,597.69,high
motorbike,248.6,0,246.4,renewable,gas,omnivore,mixed,medium,14.0,most,44.5,238.06,low
car_petrol,383.4,3,243.7,coal,gas,omnivore,local,low,33.9,none,176.0,599.29,high
train,472.5,3,107.6,renewable,electric,vegan,local,low,28.5,most,82.6,197.98,low
cycle,722.9,4,213.3,renewable,gas,meat_heavy,local,medium,27.0,some,208.4,409.07,moderate
car_petrol,147.4,1,233.4,mixed,electric,omnivore,local,high,16.7,some,86.7,368.1,low
cycle,286.4,2,148.5,coal,gas,omnivore,mixed,medium,43.5,most,25.0,443.93,moderate
car_petrol,494.1,2,216.8,mixed,gas,omnivore,local,low,30.1,none,29.0,439.23,moderate
cycle,272.8,0,333.3,renewable,electric,omnivore,mixed,medium,29.1,most,253.6,325.79,low
car_diesel,454.2,3,276.2,coal,gas,omnivore,mixed,low,22.9,some,490.8,716.72,high
car_petrol,592.8,2,336.2,mixed,gas,omnivore,mixed,medium,34.8,some,101.3,608.96,high
train,372.6,4,196.0,renewable,oil,omnivore,imported,low,12.4,none,62.1,348.87,low
car_electric,277.6,0,148.0,mixed,gas,omnivore,mixed,high,20.3,some,228.1,436.62,moderate
train,269.0,0,129.8,mixed,electric,omnivore,local,high,35.2,some,41.1,285.65,low
car_petrol,308.5,3,309.3,mixed,electric,omnivore,mixed,high,34.0,some,32.6,487.24,moderate
train,135.2,1,312.7,coal,gas,vegetarian,imported,high,30.8,some,110.8,481.48,moderate
car_diesel,380.3,0,361.0,mixed,gas,vegan,imported,medium,18.2,some,89.8,357.51,low
cycle,253.4,10,203.4,renewable,gas,omnivore,mixed,medium,30.2,most,139.8,507.26,moderate
car_diesel,285.4,0,205.2,mixed,none,vegan,local,high,20.6,none,97.3,213.81,low
car_diesel,217.3,1,225.3,mixed,gas,vegetarian,imported,high,6.0,none,132.7,425.91,moderate
car_diesel,161.4,0,168.6,renewable,gas,meat_heavy,mixed,low,25.6,some,97.5,332.59,low
car_electric,651.9,0,151.3,coal,none,vegetarian,mixed,medium,27.3,some,170.5,274.34,low
car_petrol,262.5,0,401.6,mixed,none,vegan,local,medium,17.2,none,149.9,272.98,low
car_electric,203.8,0,259.3,coal,gas,omnivore,local,high,29.5,some,27.7,449.75,moderate
car_petrol,574.6,0,258.2,mixed,gas,vegetarian,mixed,low,33.9,most,77.0,391.08,low
car_electric,240.7,6,198.7,coal,electric,omnivore,imported,high,16.2,some,205.7,657.67,high
car_petrol,285.5,0,90.3,coal,electric,omnivore,local,low,32.2,some,148.4,380.53,low
car_petrol,255.2,4,128.5,renewable,gas,meat_heavy,mixed,medium,45.7,most,293.9,513.71,high
bus,310.8,0,225.0,renewable,electric,omnivore,mixed,medium,37.6,none,82.1,294.16,low
train,318.4,0,234.7,mixed,gas,vegetarian,mixed,medium,44.4,some,126.2,341.88,low
car_diesel,471.6,0,288.6,renewable,gas,omnivore,mixed,low,21.7,some,131.0,359.29,low
train,353.0,0,264.9,renewable,oil,vegetarian,mixed,medium,14.2,some,104.1,199.2,low
bus,603.4,2,273.3,coal,gas,vegetarian,mixed,medium,34.1,most,18.9,443.45,moderate
train,283.8,0,350.7,coal,gas,omnivore,mixed,medium,28.1,none,108.6,587.14,high
cycle,239.3,0,218.2,mixed,electric,omnivore,imported,low,45.0,some,17.6,367.66,low
car_petrol,220.5,1,244.3,renewable,electric,vegan,mixed,medium,13.5,most,79.7,192.72,low
cycle,447.3,3,312.1,coal,electric,meat_heavy,mixed,low,23.2,some,55.0,518.0,high
car_petrol,280.1,2,397.9,mixed,oil,omnivore,mixed,medium,31.9,most,230.0,620.26,high
car_petrol,288.5,2,284.4,renewable,gas,meat_heavy,imported,low,13.6,most,177.9,492.83,moderate
car_electric,369.4,4,135.6,mixed,none,vegetarian,local,medium,24.2,some,213.6,325.34,low
motorbike,402.4,6,220.7,coal,electric,omnivore,local,medium,34.1,some,151.7,580.08,high
car_petrol,340.6,2,179.6,mixed,electric,vegetarian,local,high,35.1,none,187.6,416.91,moderate
car_electric,638.9,1,93.1,mixed,electric,vegetarian,local,high,11.2,most,99.6,266.06,low
train,672.7,1,250.7,coal,gas,vegetarian,mixed,low,13.2,none,32.5,420.36,moderate
bus,308.5,0,504.2,renewable,electric,meat_heavy,mixed,high,26.5,most,161.4,417.91,moderate
car_electric,291.3,3,135.9,coal,electric,meat_heavy,mixed,medium,26.3,some,92.9,488.86,moderate
cycle,416.3,1,305.2,coal,electric,omnivore,mixed,medium,31.7,some,194.1,452.04,moderate
car_petrol,504.3,4,285.5,renewable,none,omnivore,imported,medium,23.7,some,90.9,507.29,moderate
car_petrol,344.9,1,140.7,mixed,none,omnivore,local,medium,24.2,most,180.7,368.99,low
car_petrol,1057.4,2,251.8,mixed,gas,vegan,imported,medium,13.3,most,118.7,506.38,moderate
cycle,429.7,2,139.0,coal,gas,omnivore,imported,low,37.7,most,76.8,428.84,moderate
car_diesel,501.9,10,259.6,mixed,none,meat_heavy,mixed,medium,24.8,some,178.9,653.06,high
bus,552.3,1,218.0,mixed,gas,meat_heavy,local,medium,34.8,some,123.8,539.27,high
car_petrol,87.6,1,276.8,mixed,gas,omnivore,mixed,low,29.4,none,143.0,426.06,moderate
car_electric,769.7,1,262.3,mixed,electric,meat_heavy,imported,medium,20.2,some,140.1,543.95,high
car_electric,277.0,0,137.5,renewable,electric,omnivore,mixed,low,25.3,none,81.3,221.54,low
car_petrol,477.9,0,372.6,coal,oil,omnivore,local,low,34.7,some,302.8,711.71,high
cycle,231.7,2,115.6,coal,oil,omnivore,mixed,medium,6.8,most,138.8,464.93,moderate
bus,192.8,1,88.2,coal,gas,omnivore,mixed,low,14.2,most,107.3,403.45,moderate
car_petrol,491.9,0,192.8,coal,electric,omnivore,mixed,medium,30.1,most,69.4,480.27,moderate
car_electric,613.3,10,115.0,mixed,gas,meat_heavy,local,medium,35.1,some,104.0,647.04,high
bus,358.2,0,253.4,mixed,electric,omnivore,local,high,38.9,some,65.6,361.65,low
motorbike,946.6,6,168.9,mixed,oil,meat_heavy,mixed,medium,38.9,most,136.1,669.86,high
bus,561.4,3,308.0,mixed,gas,omnivore,imported,high,28.8,none,229.4,670.89,high
car_petrol,464.1,2,41.7,mixed,electric,omnivore,mixed,medium,24.5,most,105.7,448.99,moderate
bus,440.2,1,100.0,coal,gas,omnivore,imported,low,13.1,most,74.7,477.28,moderate
bus,412.3,1,304.2,mixed,gas,meat_heavy,mixed,medium,34.0,some,188.4,550.64,high
cycle,1000.3,0,311.7,coal,electric,meat_heavy,local,medium,6.5,some,138.5,462.13,moderate
car_diesel,1074.5,3,285.4,mixed,gas,meat_heavy,imported,medium,37.4,most,50.7,721.99,high
bus,604.1,2,149.7,mixed,gas,vegan,mixed,low,21.7,some,224.8,364.51,low
car_electric,487.5,2,348.5,mixed,electric,vegetarian,mixed,high,27.2,some,287.8,462.06,moderate
bus,376.4,0,73.1,mixed,gas,meat_heavy,mixed,medium,22.1,most,195.2,417.72,moderate
car_petrol,656.7,2,323.6,mixed,electric,meat_heavy,mixed,high,5.6,most,120.4,665.68,high
car_diesel,535.9,2,256.7,mixed,electric,vegetarian,imported,low,38.3,most,123.7,448.03,moderate
motorbike,482.7,0,225.4,mixed,oil,meat_heavy,imported,low,34.6,some,130.7,529.85,high
car_petrol,632.5,0,365.2,coal,electric,vegetarian,mixed,high,27.0,most,97.2,538.26,high
bus,430.8,0,285.9,coal,gas,omnivore,imported,medium,30.5,some,179.7,599.01,high
bus,482.7,3,184.2,mixed,electric,omnivore,local,medium,38.4,most,49.0,374.42,low
car_petrol,243.1,0,291.6,coal,gas,vegetarian,mixed,medium,15.7,most,69.1,423.33,moderate
motorbike,247.3,0,325.1,coal,gas,vegetarian,imported,medium,23.2,none,116.7,483.33,moderate
car_diesel,616.4,0,369.5,coal,gas,omnivore,mixed,low,50.1,none,87.5,608.96,high
car_petrol,294.9,2,219.0,renewable,gas,meat_heavy,local,low,26.4,most,64.4,344.36,low
car_diesel,672.2,1,217.3,renewable,none,omnivore,mixed,low,45.1,most,45.9,329.98,low
car_petrol,1180.8,1,165.5,renewable,electric,omnivore,local,medium,32.2,none,227.8,586.33,high
train,236.1,1,88.4,coal,gas,meat_heavy,local,low,12.2,most,41.0,409.69,moderate
car_petrol,208.8,3,126.6,coal,none,vegetarian,mixed,medium,16.4,some,277.8,381.79,low
motorbike,305.1,0,204.7,mixed,gas,omnivore,local,medium,33.6,none,89.1,321.72,low
bus,153.6,2,244.0,coal,gas,vegetarian,local,high,30.9,some,95.2,442.63,moderate
motorbike,702.4,0,321.2,coal,gas,omnivore,mixed,medium,16.8,most,175.2,565.57,high
train,536.7,2,213.6,mixed,gas,meat_heavy,mixed,medium,24.1,some,19.9,430.72,moderate
bus,368.2,6,263.6,coal,oil,omnivore,mixed,high,21.6,most,71.6,655.47,high
bus,422.4,10,209.0,mixed,gas,vegan,mixed,low,29.1,some,134.2,501.34,moderate
bus,313.1,1,310.3,mixed,oil,vegetarian,mixed,low,34.7,most,74.3,357.56,low
car_petrol,675.0,2,241.3,mixed,gas,vegan,mixed,medium,19.9,some,194.6,475.04,moderate
bus,781.4,2,236.3,mixed,electric,vegetarian,mixed,high,43.5,none,42.7,400.76,moderate
train,472.7,1,110.7,mixed,gas,meat_heavy,mixed,low,34.9,some,90.2,405.53,moderate
bus,414.4,4,337.6,mixed,gas,meat_heavy,mixed,medium,34.2,some,119.0,582.49,high
car_electric,149.9,3,421.1,mixed,oil,meat_heavy,mixed,medium,25.5,some,17.9,522.25,high
bus,398.2,6,438.9,renewable,electric,vegan,local,low,14.1,some,238.1,358.67,low
car_diesel,208.4,3,289.5,mixed,electric,omnivore,imported,medium,12.1,some,77.5,470.01,moderate
car_diesel,205.8,0,133.8,coal,gas,vegan,imported,low,37.2,none,148.4,398.36,low
bus,405.9,1,192.3,coal,gas,vegetarian,mixed,medium,32.9,some,103.9,463.7,moderate
car_petrol,472.4,3,301.5,mixed,gas,vegetarian,imported,low,19.4,some,17.4,440.7,moderate
car_petrol,310.7,3,414.6,renewable,electric,omnivore,mixed,low,35.8,most,65.4,343.39,low
car_petrol,342.3,1,331.2,mixed,gas,meat_heavy,mixed,medium,24.7,some,171.3,526.82,high
car_petrol,608.9,2,237.5,coal,gas,meat_heavy,mixed,low,33.3,most,77.6,658.87,high
bus,88.3,0,305.2,coal,gas,vegetarian,mixed,medium,31.9,some,138.3,419.62,moderate
car_petrol,849.0,0,229.5,mixed,electric,vegetarian,mixed,low,38.0,most,229.5,523.66,high
car_petrol,216.4,4,135.8,renewable,gas,vegan,mixed,high,45.9,most,166.8,310.64,low
train,813.3,0,107.8,coal,gas,omnivore,mixed,medium,2.0,some,146.7,424.7,moderate
bus,652.7,1,295.1,mixed,gas,meat_heavy,mixed,high,28.1,some,104.4,583.64,high
train,674.3,0,158.7,coal,gas,omnivore,mixed,medium,10.5,most,107.4,400.24,moderate
cycle,277.6,4,150.8,mixed,gas,omnivore,local,high,27.9,most,288.3,498.1,moderate
train,853.0,6,219.5,mixed,electric,vegetarian,imported,medium,26.7,none,46.8,486.85,moderate
train,340.6,4,125.7,mixed,gas,omnivore,local,low,30.2,none,95.1,398.55,low
motorbike,372.8,2,389.0,coal,gas,omnivore,mixed,medium,9.6,most,246.5,579.34,high
motorbike,973.5,2,209.7,mixed,none,omnivore,mixed,low,34.5,some,200.9,475.85,moderate
bus,752.9,1,235.8,renewable,electric,omnivore,mixed,low,4.2,some,134.7,303.94,low
car_petrol,117.1,3,386.3,coal,electric,omnivore,local,low,32.1,most,75.2,483.18,moderate
car_diesel,379.6,0,219.5,renewable,none,meat_heavy,mixed,low,17.0,most,306.4,396.55,low
car_petrol,996.1,2,309.3,coal,electric,omnivore,imported,low,38.8,some,157.6,741.42,high
cycle,379.3,10,293.6,coal,gas,omnivore,local,low,20.8,some,64.1,634.75,high
car_petrol,622.0,2,262.9,renewable,electric,vegetarian,local,medium,27.2,most,158.6,349.59,low
car_electric,210.7,1,269.0,mixed,gas,vegan,local,medium,25.6,most,157.6,321.98,low
car_diesel,753.2,6,242.7,renewable,electric,omnivore,local,medium,36.0,some,116.6,481.89,moderate
bus,630.0,2,271.7,mixed,electric,omnivore,local,high,38.5,some,114.1,473.29,moderate
car_diesel,739.8,3,125.6,coal,none,meat_heavy,mixed,medium,12.4,some,88.7,516.11,high
train,358.0,2,284.2,renewable,electric,omnivore,imported,high,10.9,some,93.4,364.53,low
cycle,260.3,2,206.1,coal,gas,vegetarian,imported,low,17.7,some,217.1,471.08,moderate
motorbike,683.4,1,290.2,renewable,electric,omnivore,mixed,medium,49.4,some,141.9,389.08,low
car_electric,447.7,2,315.6,renewable,gas,vegan,imported,low,15.0,most,120.8,206.38,low
car_petrol,174.5,0,314.3,mixed,electric,meat_heavy,local,medium,36.9,none,80.7,461.24,moderate
train,909.2,0,273.6,mixed,gas,meat_heavy,mixed,low,11.0,most,42.8,402.34,moderate
car_diesel,954.7,0,40.7,renewable,gas,omnivore,local,medium,47.9,some,311.5,508.35,moderate
cycle,316.5,1,172.3,mixed,electric,meat_heavy,local,high,23.8,most,35.7,389.47,low
car_diesel,421.7,1,239.1,mixed,gas,meat_heavy,mixed,medium,28.9,some,158.5,521.37,high
car_petrol,288.3,3,181.3,mixed,oil,omnivore,mixed,medium,28.1,none,126.7,551.16,high
cycle,123.4,0,245.9,mixed,oil,vegetarian,mixed,low,14.5,most,65.3,277.21,low
car_diesel,292.9,2,233.0,mixed,gas,omnivore,local,medium,16.1,most,121.2,425.11,moderate
car_petrol,274.0,0,185.2,coal,electric,meat_heavy,mixed,medium,16.7,none,153.8,515.51,high
car_petrol,223.1,0,217.8,mixed,gas,vegan,local,high,35.3,some,74.3,294.09,low
bus,652.5,1,407.6,coal,electric,vegetarian,local,low,27.7,some,24.0,398.16,low
motorbike,424.7,0,153.3,mixed,none,omnivore,imported,medium,25.5,some,98.1,373.29,low
bus,205.9,1,84.5,coal,none,meat_heavy,local,high,37.0,some,46.3,373.37,low
car_petrol,248.2,1,92.1,renewable,gas,omnivore,mixed,high,29.0,none,81.5,367.92,low
bus,469.0,0,244.7,coal,electric,omnivore,local,low,36.3,most,322.5,530.96,high
train,518.0,2,340.2,mixed,electric,omnivore,mixed,high,31.9,most,68.5,417.99,moderate
car_petrol,179.1,1,248.0,renewable,electric,vegetarian,mixed,medium,27.4,most,185.8,264.79,low
motorbike,646.2,6,90.0,mixed,none,vegetarian,mixed,medium,42.6,some,247.9,468.64,moderate
car_petrol,519.1,1,366.1,mixed,electric,omnivore,local,medium,28.6,none,144.3,469.01,moderate
car_petrol,195.1,2,202.1,mixed,electric,meat_heavy,imported,medium,24.1,some,26.8,502.43,moderate
cycle,547.9,6,291.5,coal,oil,meat_heavy,mixed,medium,12.8,some,206.1,744.37,high
cycle,473.7,0,94.7,mixed,electric,omnivore,mixed,medium,12.5,most,175.9,286.13,low
train,596.1,0,315.9,mixed,electric,meat_heavy,mixed,medium,40.5,none,147.0,523.87,high
car_petrol,372.8,1,60.6,coal,none,meat_heavy,imported,high,45.7,some,135.3,548.36,high
bus,243.7,2,171.0,coal,gas,omnivore,local,low,13.9,none,127.7,447.32,moderate
cycle,128.3,1,236.6,mixed,gas,vegan,mixed,medium,19.0,none,254.6,337.16,low
train,517.1,0,210.8,renewable,gas,omnivore,local,medium,19.6,some,121.7,256.05,low
motorbike,423.1,6,233.4,renewable,gas,meat_heavy,local,high,32.1,some,163.1,485.32,moderate
motorbike,387.3,0,277.9,mixed,electric,omnivore,mixed,high,32.8,none,66.4,442.77,moderate
car_electric,766.6,0,180.2,mixed,none,meat_heavy,mixed,medium,27.8,some,71.2,353.28,low
car_petrol,617.5,1,373.7,mixed,electric,meat_heavy,local,low,31.6,none,182.0,548.6,high
motorbike,115.6,1,440.9,mixed,none,vegan,imported,high,48.9,none,91.3,320.1,low
bus,563.7,6,323.2,mixed,gas,vegetarian,mixed,medium,19.6,some,391.6,603.69,high
car_petrol,443.2,1,300.7,mixed,gas,omnivore,mixed,medium,16.8,some,119.4,533.25,high
car_electric,737.3,2,193.5,renewable,oil,vegetarian,local,low,40.9,most,178.0,278.27,low
car_petrol,271.5,3,192.1,mixed,gas,omnivore,mixed,low,39.9,some,213.5,534.47,high
car_petrol,538.8,6,314.7,renewable,gas,omnivore,mixed,high,46.2,most,332.8,645.71,high
bus,407.0,0,190.9,mixed,none,vegetarian,local,low,36.7,most,401.2,342.35,low
cycle,623.4,3,155.1,renewable,electric,vegetarian,mixed,low,27.3,most,330.3,324.47,low
bus,736.2,4,344.3,mixed,electric,meat_heavy,mixed,low,14.7,some,179.5,544.24,high
car_petrol,285.9,0,291.1,mixed,electric,vegetarian,local,low,2.0,most,89.9,277.52,low
motorbike,229.9,0,388.5,coal,electric,meat_heavy,local,medium,28.9,most,133.4,535.22,high
train,871.7,0,514.9,mixed,electric,vegan,imported,high,35.2,none,117.3,354.22,low
motorbike,316.1,3,287.1,coal,gas,omnivore,mixed,medium,36.6,most,23.3,574.78,high
train,207.9,4,142.7,coal,none,vegetarian,local,medium,47.4,none,213.6,393.73,low
bus,205.7,6,204.5,mixed,electric,omnivore,mixed,high,31.7,none,199.2,594.53,high
car_petrol,366.0,3,221.6,renewable,electric,omnivore,imported,medium,31.1,most,123.3,398.65,low
train,533.6,0,372.9,coal,oil,meat_heavy,local,medium,37.8,most,103.4,600.94,high
car_diesel,151.9,4,229.6,mixed,electric,vegan,imported,low,32.0,some,118.5,356.1,low
car_petrol,227.5,0,342.6,coal,gas,meat_heavy,mixed,low,15.7,some,122.2,580.1,high
car_petrol,249.7,0,408.8,renewable,electric,omnivore,mixed,high,55.9,none,186.6,425.58,moderate
train,342.9,0,292.8,coal,gas,vegetarian,local,low,19.8,most,164.0,402.83,moderate
car_petrol,253.1,1,356.3,mixed,gas,meat_heavy,imported,low,37.5,some,98.9,578.14,high
train,969.4,4,252.4,mixed,electric,omnivore,imported,low,36.9,none,95.4,526.96,high
car_petrol,658.7,4,113.9,mixed,gas,meat_heavy,local,medium,22.0,some,120.1,571.6,high
motorbike,1131.0,6,257.9,mixed,electric,vegan,mixed,medium,13.1,most,39.0,460.62,moderate
motorbike,280.3,2,255.5,coal,electric,vegetarian,mixed,medium,37.9,none,37.1,415.25,moderate
cycle,282.2,10,233.3,renewable,gas,omnivore,mixed,high,33.9,most,49.6,490.77,moderate
car_diesel,117.1,0,215.6,coal,electric,vegan,local,high,35.9,some,248.9,385.23,low
bus,250.9,3,268.8,mixed,gas,omnivore,mixed,high,23.3,some,95.5,520.34,high
car_petrol,408.5,2,202.7,mixed,gas,meat_heavy,local,medium,24.4,some,50.6,458.67,moderate
train,446.9,0,246.2,mixed,gas,omnivore,local,high,4.4,most,129.4,367.58,low
train,183.4,2,247.1,coal,none,meat_heavy,imported,high,32.0,some,132.9,568.58,high
car_diesel,417.0,1,335.6,renewable,gas,omnivore,local,medium,11.1,most,49.9,297.18,low
cycle,430.0,1,219.4,mixed,gas,meat_heavy,mixed,medium,29.6,some,266.8,502.31,moderate
car_petrol,333.9,1,308.3,coal,electric,vegetarian,mixed,low,28.9,most,180.3,453.16,moderate
car_electric,268.2,1,389.0,mixed,none,meat_heavy,mixed,medium,23.6,some,120.6,382.65,low
car_diesel,1096.8,1,65.2,renewable,gas,omnivore,local,medium,16.2,some,167.0,456.26,moderate
bus,321.1,0,350.5,mixed,gas,omnivore,local,high,19.6,some,73.3,387.68,low
car_petrol,267.9,3,411.8,mixed,gas,vegan,imported,low,24.8,most,105.8,456.83,moderate
train,922.5,0,331.2,mixed,gas,meat_heavy,imported,medium,36.9,none,55.4,539.21,high
motorbike,374.7,0,168.5,renewable,gas,omnivore,imported,low,19.9,none,167.6,327.12,low
cycle,578.7,0,190.6,mixed,oil,omnivore,mixed,high,44.4,some,42.6,413.02,moderate
motorbike,479.4,0,251.0,coal,gas,omnivore,local,low,13.2,some,184.3,494.19,moderate
car_electric,365.1,2,224.7,mixed,electric,omnivore,imported,medium,36.1,none,74.2,428.33,moderate
car_diesel,1216.3,2,322.5,coal,electric,vegetarian,mixed,medium,39.3,none,61.6,685.05,high
car_petrol,656.9,4,168.0,renewable,gas,vegetarian,local,medium,24.1,some,211.1,442.07,moderate
car_petrol,453.9,4,175.9,mixed,gas,meat_heavy,imported,medium,27.6,none,170.3,737.33,high
car_electric,325.5,0,174.8,coal,electric,meat_heavy,local,medium,32.3,some,296.4,525.34,high
car_petrol,400.3,4,203.0,coal,electric,meat_heavy,imported,medium,33.0,some,142.8,697.37,high
train,245.4,4,216.9,mixed,oil,meat_heavy,local,low,34.4,most,101.2,496.3,moderate
car_petrol,422.4,0,98.7,renewable,electric,omnivore,mixed,low,23.0,some,104.6,307.87,low
car_diesel,424.5,4,161.6,mixed,none,meat_heavy,local,medium,18.0,some,67.5,360.14,low
motorbike,577.4,1,188.2,mixed,electric,vegetarian,mixed,low,22.9,some,80.9,366.06,low
motorbike,961.1,3,296.7,coal,gas,vegan,imported,low,14.8,some,103.3,540.05,high
car_diesel,558.5,0,79.5,coal,gas,vegetarian,mixed,medium,34.3,some,106.7,436.91,moderate
cycle,410.4,1,301.8,mixed,gas,omnivore,mixed,high,28.9,none,100.7,459.75,moderate
cycle,583.0,1,216.8,coal,gas,meat_heavy,imported,low,25.6,some,143.5,609.11,high
car_petrol,512.4,4,316.8,coal,electric,meat_heavy,imported,low,31.1,none,40.6,713.59,high
cycle,832.4,1,20.0,mixed,electric,omnivore,local,low,16.2,some,84.0,241.37,low
bus,445.4,6,398.9,renewable,electric,omnivore,imported,low,25.3,most,44.1,446.32,moderate
bus,1120.2,0,385.4,mixed,oil,meat_heavy,local,low,35.8,some,143.0,561.7,high
bus,256.8,6,322.5,mixed,none,omnivore,mixed,low,28.9,some,32.9,407.59,moderate
car_petrol,1032.6,0,178.1,mixed,gas,meat_heavy,imported,medium,30.2,most,117.9,748.25,high
bus,595.7,0,131.3,coal,gas,omnivore,mixed,medium,27.7,none,86.7,501.55,moderate
train,584.5,4,330.2,coal,gas,meat_heavy,mixed,medium,25.5,most,144.4,665.53,high
bus,331.5,4,460.6,coal,gas,omnivore,mixed,medium,16.6,some,124.5,637.15,high
bus,883.2,2,39.5,mixed,electric,omnivore,imported,high,21.8,most,147.0,488.49,moderate
car_petrol,382.8,2,283.4,mixed,gas,meat_heavy,mixed,low,17.2,most,52.6,494.64,moderate
car_petrol,556.1,6,179.9,mixed,none,vegetarian,mixed,medium,24.6,some,141.0,446.63,moderate
cycle,1000.8,0,285.9,coal,electric,omnivore,imported,medium,31.6,none,247.2,533.0,high
motorbike,644.0,1,147.1,renewable,gas,vegetarian,imported,low,19.1,some,175.4,313.99,low
bus,738.0,2,250.4,mixed,electric,vegan,imported,low,4.0,some,76.7,297.96,low
cycle,123.7,4,459.1,renewable,gas,omnivore,mixed,medium,24.3,none,107.8,347.04,low
bus,456.9,0,145.7,mixed,electric,vegan,imported,medium,36.8,none,63.0,267.29,low
cycle,588.6,6,259.0,mixed,electric,meat_heavy,mixed,low,25.9,some,87.2,468.63,moderate
motorbike,535.4,0,311.4,mixed,gas,vegetarian,local,medium,37.3,most,93.8,363.58,low
cycle,287.1,1,253.5,mixed,electric,omnivore,local,high,35.9,some,69.9,352.51,low
cycle,764.4,2,210.7,mixed,gas,vegan,mixed,medium,28.0,most,130.6,311.33,low
train,601.8,0,221.8,renewable,oil,vegetarian,imported,medium,25.4,some,78.9,234.9,low
motorbike,449.1,0,448.7,coal,gas,meat_heavy,imported,low,34.1,some,38.0,685.26,high
car_petrol,604.5,6,298.7,coal,gas,omnivore,local,medium,36.9,some,220.3,736.43,high
car_diesel,383.9,2,272.3,mixed,none,omnivore,local,medium,7.6,some,82.3,354.82,low
car_diesel,249.9,1,102.8,mixed,gas,omnivore,mixed,medium,25.3,none,56.1,350.2,low
train,1350.6,3,328.1,coal,electric,omnivore,local,low,5.8,most,106.2,476.74,moderate
car_petrol,648.4,0,265.4,mixed,gas,meat_heavy,local,low,33.9,some,128.1,499.53,moderate
car_diesel,720.7,1,193.2,mixed,electric,omnivore,local,medium,21.7,some,27.4,418.86,moderate
train,1159.6,1,320.4,mixed,gas,vegetarian,mixed,low,31.7,none,129.7,396.56,low
car_diesel,470.8,0,172.9,mixed,electric,vegetarian,imported,medium,19.7,some,87.3,378.59,low
train,935.2,0,211.4,renewable,gas,vegan,local,low,36.1,most,187.7,217.15,low
cycle,981.6,0,360.1,mixed,none,vegan,imported,high,29.5,some,107.9,269.29,low
motorbike,199.7,0,256.7,coal,oil,omnivore,mixed,low,29.0,none,155.1,584.36,high
car_petrol,191.7,2,239.3,renewable,gas,meat_heavy,mixed,high,33.7,some,150.4,478.8,moderate
car_diesel,261.3,4,208.3,coal,electric,vegan,imported,medium,17.3,none,41.6,405.94,moderate
bus,275.8,1,314.5,renewable,gas,vegetarian,mixed,low,37.3,some,132.8,260.34,low
car_diesel,765.7,1,42.5,mixed,electric,meat_heavy,imported,medium,44.6,some,190.6,597.56,high
cycle,308.8,0,194.5,mixed,oil,omnivore,local,low,34.1,most,117.6,308.36,low
car_electric,328.5,3,323.3,coal,none,meat_heavy,imported,high,18.7,none,301.6,709.1,high
car_petrol,213.7,0,231.2,mixed,electric,omnivore,mixed,low,10.4,none,156.5,358.85,low
car_petrol,311.5,2,254.7,renewable,electric,omnivore,mixed,medium,12.3,most,43.8,337.16,low
train,166.6,3,366.4,mixed,gas,meat_heavy,local,high,29.5,some,38.3,500.34,moderate
car_electric,432.6,2,162.6,mixed,gas,vegetarian,mixed,medium,32.2,most,284.2,406.0,moderate
train,776.1,1,410.8,mixed,electric,omnivore,mixed,low,38.5,none,68.3,426.35,moderate
cycle,588.5,2,353.4,mixed,oil,meat_heavy,local,medium,21.8,some,234.3,511.95,high
car_diesel,383.6,3,204.5,mixed,electric,vegetarian,local,high,34.4,none,293.0,486.11,moderate
motorbike,195.4,6,285.1,mixed,gas,vegan,imported,medium,20.7,most,98.2,402.56,moderate
motorbike,457.6,2,292.4,mixed,oil,omnivore,imported,low,37.3,none,136.0,490.88,moderate
bus,444.2,0,409.0,coal,oil,omnivore,imported,medium,32.8,most,66.9,615.8,high
car_petrol,478.2,0,397.1,mixed,electric,omnivore,imported,medium,46.6,most,75.6,508.65,moderate
bus,1051.6,0,262.2,renewable,gas,vegetarian,local,high,40.7,most,37.3,255.43,low
car_diesel,372.3,2,305.2,mixed,gas,omnivore,mixed,high,39.4,most,136.8,537.06,high
car_petrol,437.2,0,162.0,mixed,electric,omnivore,local,high,33.5,some,88.9,386.6,low
train,326.7,0,386.4,mixed,gas,omnivore,mixed,low,39.5,none,161.5,438.37,moderate
car_petrol,926.0,4,180.7,mixed,electric,omnivore,mixed,high,25.4,some,102.7,624.98,high
cycle,212.3,2,218.0,renewable,electric,omnivore,mixed,medium,44.5,some,97.7,320.79,low
car_petrol,534.5,2,321.9,renewable,electric,vegetarian,mixed,high,17.4,some,195.4,400.52,moderate
car_diesel,240.5,6,328.4,mixed,gas,omnivore,mixed,high,31.3,most,161.6,620.59,high
cycle,432.1,2,331.5,coal,electric,vegetarian,local,low,36.5,none,174.2,453.34,moderate
train,408.1,2,268.4,mixed,electric,meat_heavy,mixed,medium,32.1,most,221.2,530.61,high
car_diesel,605.3,2,263.2,mixed,gas,vegetarian,imported,low,29.2,some,22.4,429.33,moderate
car_petrol,629.2,1,108.8,coal,oil,vegan,mixed,medium,21.6,some,72.8,503.89,moderate
bus,1099.7,3,187.6,coal,gas,omnivore,mixed,medium,33.5,none,186.0,662.6,high
car_diesel,557.1,0,264.7,coal,electric,omnivore,local,low,42.6,some,211.2,536.64,high
motorbike,359.3,0,391.2,mixed,electric,meat_heavy,mixed,high,16.8,none,20.9,468.55,moderate
bus,219.6,0,306.6,mixed,none,vegetarian,imported,low,25.0,none,22.0,233.21,low
cycle,454.7,1,225.2,renewable,gas,vegan,local,medium,16.3,some,190.0,184.05,low
motorbike,759.9,0,172.0,renewable,electric,vegan,mixed,high,27.7,some,144.5,256.08,low
car_petrol,561.0,2,274.1,mixed,none,meat_heavy,mixed,low,40.4,most,282.5,547.1,high
car_petrol,514.7,0,313.6,coal,gas,omnivore,mixed,high,27.8,none,75.2,649.76,high
car_diesel,547.8,0,183.3,renewable,gas,omnivore,mixed,medium,20.8,some,113.0,343.25,low
car_electric,649.0,6,211.7,mixed,electric,meat_heavy,mixed,low,11.4,some,215.7,570.42,high
car_petrol,555.3,1,220.0,coal,oil,omnivore,mixed,medium,29.8,some,226.0,663.7,high
cycle,614.4,1,222.8,coal,gas,omnivore,mixed,medium,33.3,none,57.9,483.77,moderate
car_petrol,251.6,0,264.4,coal,electric,vegetarian,mixed,low,20.6,some,26.2,365.21,low
train,133.2,0,152.1,mixed,gas,omnivore,local,medium,26.8,most,95.0,313.79,low
motorbike,600.3,3,245.6,mixed,electric,omnivore,imported,medium,13.4,most,154.6,503.3,moderate
car_petrol,136.6,0,232.1,renewable,electric,meat_heavy,mixed,medium,29.8,most,100.4,355.63,low
car_petrol,697.3,6,223.0,renewable,gas,meat_heavy,imported,medium,40.9,most,153.8,690.5,high
bus,494.9,1,190.7,coal,electric,omnivore,imported,medium,41.3,none,98.8,562.91,high
car_electric,390.2,0,400.0,mixed,oil,omnivore,mixed,low,21.9,none,118.2,435.96,moderate
car_petrol,434.3,2,188.4,mixed,electric,omnivore,mixed,low,36.0,some,105.7,477.07,moderate
bus,523.3,1,133.2,coal,gas,meat_heavy,local,medium,32.7,some,104.9,560.44,high
car_petrol,506.5,1,210.7,coal,electric,meat_heavy,mixed,low,38.7,some,117.9,598.33,high
motorbike,642.9,3,249.3,coal,electric,meat_heavy,mixed,medium,25.2,none,116.4,615.78,high
car_diesel,456.1,0,93.0,renewable,oil,meat_heavy,local,medium,21.1,some,112.7,353.87,low
bus,553.4,0,217.0,renewable,gas,vegetarian,local,medium,18.7,none,223.9,288.56,low
bus,113.3,1,154.1,mixed,electric,vegan,local,medium,11.2,none,340.3,357.36,low
car_diesel,620.4,0,218.7,mixed,oil,vegetarian,local,medium,24.9,some,112.0,436.08,moderate
bus,298.0,0,318.3,mixed,gas,meat_heavy,local,medium,32.5,none,164.2,504.36,moderate
cycle,369.8,2,325.1,coal,oil,omnivore,mixed,medium,33.2,some,125.3,596.56,high
car_petrol,660.6,2,303.8,mixed,oil,vegetarian,local,high,12.8,none,85.0,484.92,moderate
car_petrol,649.5,0,175.8,mixed,gas,omnivore,mixed,low,37.4,some,138.9,514.38,high
car_petrol,550.1,2,224.8,mixed,gas,meat_heavy,mixed,medium,37.4,some,115.4,612.37,high
motorbike,523.4,0,146.2,renewable,none,vegetarian,mixed,high,43.7,some,189.6,295.0,low
car_petrol,304.1,4,345.9,coal,electric,omnivore,local,low,27.1,some,281.5,649.97,high
car_diesel,524.5,2,219.0,mixed,none,vegetarian,mixed,medium,51.3,most,100.8,338.77,low
car_petrol,335.3,0,350.1,coal,oil,omnivore,imported,high,13.5,none,233.0,759.22,high
car_diesel,779.5,0,274.2,mixed,gas,meat_heavy,imported,low,21.0,some,59.0,569.63,high
car_petrol,341.3,0,245.3,coal,electric,omnivore,mixed,low,34.5,some,68.3,430.89,moderate
cycle,436.9,0,150.4,coal,electric,vegan,imported,medium,38.6,most,142.9,279.86,low
car_electric,351.8,2,174.8,coal,oil,omnivore,mixed,medium,17.0,some,170.7,521.27,high
car_petrol,258.5,1,310.6,mixed,electric,omnivore,mixed,medium,17.9,some,52.4,400.44,moderate
cycle,246.7,0,267.8,renewable,oil,vegan,mixed,medium,2.8,most,37.8,108.5,low
bus,287.5,0,186.1,coal,electric,vegetarian,mixed,low,45.3,some,160.1,349.98,low
bus,1022.4,0,347.0,coal,electric,meat_heavy,mixed,low,27.1,some,89.9,565.41,high
motorbike,184.4,0,282.6,renewable,electric,omnivore,mixed,high,18.3,none,48.8,284.62,low
train,320.9,4,165.9,mixed,oil,meat_heavy,local,low,28.8,some,146.0,512.99,high
car_petrol,595.4,3,220.1,mixed,gas,omnivore,mixed,high,31.0,most,134.2,598.91,high
bus,402.1,1,350.0,renewable,none,vegetarian,mixed,medium,13.0,none,39.9,197.26,low
car_petrol,317.9,0,279.8,mixed,gas,omnivore,local,low,6.8,most,119.2,392.18,low
car_petrol,605.4,6,178.4,mixed,oil,vegetarian,mixed,medium,45.5,most,132.9,600.45,high
cycle,603.2,0,207.2,coal,none,omnivore,imported,low,27.7,most,92.9,308.11,low
car_petrol,468.5,0,215.0,coal,electric,meat_heavy,local,low,41.6,none,50.6,486.43,moderate
train,465.2,3,227.5,mixed,none,omnivore,imported,high,23.4,most,193.7,509.8,moderate
car_petrol,411.0,3,224.6,mixed,electric,meat_heavy,imported,medium,21.6,none,31.6,579.29,high
car_petrol,252.3,2,257.2,coal,gas,vegetarian,imported,low,31.8,some,108.2,509.32,moderate
train,394.2,4,344.1,mixed,none,vegan,mixed,high,26.0,none,163.9,327.13,low
train,858.5,6,82.6,mixed,gas,vegetarian,mixed,medium,28.2,some,25.8,416.53,moderate
motorbike,468.5,4,123.2,mixed,gas,vegetarian,mixed,medium,30.8,most,136.1,418.94,moderate
car_petrol,259.7,3,141.2,mixed,electric,vegetarian,mixed,low,33.9,none,126.3,399.22,low
car_electric,487.2,6,213.7,mixed,gas,meat_heavy,imported,medium,36.3,none,135.9,635.11,high
train,1015.8,0,357.1,coal,gas,omnivore,mixed,medium,10.9,most,149.4,550.36,high
car_petrol,728.2,4,322.8,mixed,gas,vegan,mixed,medium,40.3,none,70.4,561.25,high
car_petrol,519.9,3,198.4,renewable,gas,omnivore,imported,high,20.8,some,235.4,567.93,high
cycle,522.1,1,117.5,coal,gas,meat_heavy,mixed,high,35.3,some,158.0,586.03,high
car_petrol,1144.8,0,215.7,coal,gas,omnivore,mixed,low,37.3,most,290.9,744.89,high
car_petrol,295.0,2,112.1,mixed,electric,vegetarian,mixed,medium,30.7,some,196.6,384.33,low
cycle,795.1,2,352.3,mixed,gas,omnivore,imported,medium,20.7,some,109.5,483.04,moderate
car_electric,1262.5,0,261.5,mixed,gas,vegetarian,local,low,34.4,some,212.4,387.93,low
train,483.2,0,330.3,mixed,electric,vegan,imported,medium,23.5,some,8.1,236.07,low
car_petrol,391.0,1,243.1,mixed,gas,omnivore,local,medium,43.0,none,104.8,467.41,moderate
cycle,516.4,10,269.3,coal,gas,vegetarian,imported,low,26.4,none,104.5,658.64,high
motorbike,621.2,2,304.6,mixed,oil,vegan,mixed,high,9.6,most,81.5,414.87,moderate
car_diesel,259.9,0,274.2,renewable,electric,omnivore,mixed,medium,44.5,some,206.9,329.55,low
train,305.4,0,80.5,renewable,electric,omnivore,imported,medium,12.8,some,103.8,273.53,low
bus,778.6,0,116.0,mixed,none,meat_heavy,mixed,medium,16.9,some,248.5,432.65,moderate
car_petrol,190.9,6,290.9,coal,electric,meat_heavy,mixed,high,27.3,most,127.7,717.52,high
cycle,289.1,1,223.0,mixed,gas,omnivore,mixed,medium,23.8,none,344.3,507.85,moderate
cycle,233.8,0,118.6,renewable,oil,meat_heavy,mixed,high,29.9,some,87.8,375.31,low
car_petrol,343.0,3,344.2,coal,gas,omnivore,local,high,30.3,none,309.0,733.81,high
motorbike,1429.1,0,222.8,renewable,gas,omnivore,imported,medium,43.9,none,89.4,512.74,high
car_petrol,171.6,1,268.4,mixed,gas,vegan,local,low,25.3,none,148.2,365.18,low
car_diesel,531.0,1,239.6,mixed,oil,omnivore,mixed,low,16.2,some,131.9,509.29,moderate
cycle,115.0,0,231.6,renewable,electric,vegan,local,low,28.0,none,104.5,149.8,low
train,360.1,3,177.4,coal,electric,omnivore,local,low,23.4,none,59.6,390.03,low
car_petrol,1148.7,2,344.9,coal,gas,omnivore,mixed,low,13.8,most,71.3,717.31,high
car_petrol,566.3,0,192.5,coal,oil,vegetarian,local,medium,26.4,most,165.6,577.97,high
train,573.6,10,153.4,mixed,none,meat_heavy,imported,medium,42.6,some,126.1,653.95,high
bus,500.0,3,150.1,coal,electric,meat_heavy,local,medium,45.1,most,164.6,506.96,moderate
car_diesel,501.5,2,149.3,coal,gas,meat_heavy,mixed,high,20.9,most,69.2,677.44,high
cycle,839.7,0,337.3,mixed,electric,omnivore,mixed,high,15.4,some,74.6,388.78,low
cycle,817.0,0,201.5,mixed,gas,vegan,imported,low,30.4,some,62.0,219.56,low
car_petrol,660.4,4,311.9,coal,gas,meat_heavy,mixed,high,33.5,some,144.4,886.7,high
car_electric,322.1,2,412.1,coal,electric,omnivore,mixed,high,50.0,none,58.9,580.62,high
car_petrol,576.3,0,272.9,coal,gas,meat_heavy,mixed,medium,35.0,none,57.3,629.92,high
cycle,915.5,0,295.1,coal,electric,vegetarian,local,medium,24.4,some,239.9,423.56,moderate
cycle,636.3,1,209.9,mixed,none,omnivore,local,low,23.0,some,61.4,223.99,low
car_petrol,858.5,2,267.2,mixed,electric,omnivore,mixed,high,20.2,most,222.7,648.45,high
car_petrol,272.0,3,340.1,mixed,gas,vegetarian,mixed,medium,20.2,most,191.2,471.84,moderate
car_petrol,295.3,3,411.5,mixed,oil,vegetarian,mixed,low,27.6,most,54.6,434.85,moderate
cycle,547.1,3,72.1,coal,gas,omnivore,mixed,low,23.0,most,129.3,437.03,moderate
car_petrol,275.8,4,260.8,mixed,none,vegetarian,imported,medium,17.9,some,75.7,358.72,low
car_electric,292.4,2,262.6,mixed,electric,omnivore,local,high,30.4,most,136.6,401.69,moderate
car_diesel,708.3,4,291.3,coal,gas,meat_heavy,mixed,medium,41.8,some,169.3,782.61,high
car_diesel,531.3,2,210.5,mixed,gas,meat_heavy,imported,high,16.6,some,176.6,726.65,high
car_petrol,848.5,10,268.1,mixed,gas,omnivore,local,high,27.0,none,164.3,882.58,high
car_electric,391.0,0,224.7,renewable,oil,meat_heavy,mixed,medium,29.2,some,179.1,352.17,low
car_petrol,557.8,2,20.0,coal,electric,vegan,local,high,27.4,most,103.3,364.22,low
car_electric,230.6,2,233.9,coal,gas,vegetarian,mixed,medium,35.5,most,32.4,400.72,moderate
cycle,447.9,1,173.1,renewable,electric,omnivore,local,high,22.2,most,374.1,373.67,low
car_electric,585.7,3,157.2,mixed,electric,vegetarian,imported,medium,22.9,most,114.4,374.52,low
bus,187.8,3,270.2,mixed,electric,meat_heavy,local,medium,30.4,none,112.7,436.97,moderate
cycle,455.7,0,347.0,renewable,gas,vegetarian,local,low,27.8,none,141.2,212.7,low
train,510.5,6,269.3,renewable,gas,vegetarian,mixed,medium,22.3,some,131.0,343.38,low
cycle,189.9,1,330.7,mixed,oil,omnivore,imported,medium,2.0,some,240.2,532.12,high
car_petrol,328.6,2,176.3,coal,oil,omnivore,mixed,medium,31.4,most,102.4,579.79,high
car_diesel,728.2,2,206.9,coal,gas,omnivore,mixed,medium,33.2,most,188.8,642.7,high
car_diesel,572.8,1,180.8,coal,none,omnivore,imported,high,27.9,most,106.1,483.28,moderate
car_petrol,448.0,6,318.7,mixed,gas,vegan,local,high,32.0,some,95.0,494.5,moderate
bus,287.3,2,301.4,renewable,electric,omnivore,imported,medium,33.4,most,325.9,447.27,moderate
car_petrol,330.9,1,170.8,coal,electric,omnivore,mixed,medium,26.3,none,321.8,546.95,high
train,1031.9,2,163.1,renewable,electric,vegan,mixed,high,22.7,some,126.9,253.81,low
car_diesel,305.7,6,360.0,mixed,electric,vegan,mixed,medium,11.3,none,133.9,412.54,moderate
bus,569.6,6,345.9,coal,gas,omnivore,mixed,low,15.4,some,92.7,636.72,high
car_electric,353.1,0,305.6,mixed,electric,omnivore,imported,high,21.3,most,130.7,428.72,moderate
car_electric,619.6,1,481.5,renewable,gas,omnivore,local,low,18.6,most,129.3,304.35,low
car_petrol,581.8,0,126.7,mixed,none,vegan,local,high,45.6,most,71.6,262.41,low
train,473.8,3,301.8,coal,gas,meat_heavy,mixed,low,29.2,some,54.6,578.66,high
car_petrol,306.6,0,413.0,mixed,gas,omnivore,imported,low,33.8,some,88.7,536.08,high
motorbike,425.6,3,242.9,coal,none,vegan,imported,high,21.7,some,105.9,312.12,low
car_petrol,466.7,1,364.5,mixed,none,omnivore,imported,low,30.2,none,62.6,464.75,moderate
cycle,430.8,2,204.8,renewable,gas,omnivore,imported,high,26.6,most,201.5,413.89,moderate
car_petrol,519.3,1,293.8,coal,electric,vegan,imported,low,30.0,most,156.7,458.5,moderate
bus,249.6,1,205.8,mixed,gas,omnivore,local,low,23.5,some,102.1,367.83,low
car_diesel,289.8,2,297.2,coal,electric,vegan,imported,low,28.9,some,148.7,418.55,moderate
car_diesel,1037.2,4,285.4,mixed,gas,omnivore,local,medium,11.9,most,73.7,581.77,high
car_petrol,248.8,0,186.5,mixed,gas,omnivore,imported,medium,25.4,some,186.7,488.69,moderate
motorbike,356.0,2,80.6,mixed,gas,meat_heavy,mixed,high,46.3,some,176.2,641.37,high
car_petrol,305.7,0,270.6,coal,gas,omnivore,imported,medium,27.1,some,90.8,594.07,high
car_diesel,743.4,1,144.5,mixed,gas,omnivore,mixed,high,34.1,some,93.3,505.94,moderate
car_diesel,269.1,1,340.9,coal,oil,vegetarian,mixed,high,12.9,most,122.8,533.04,high
bus,807.7,0,309.1,mixed,gas,omnivore,mixed,medium,32.7,most,53.6,405.95,moderate
cycle,294.7,0,152.0,coal,gas,vegan,mixed,medium,56.0,some,68.1,311.07,low
cycle,538.1,0,216.7,coal,gas,vegan,mixed,low,33.6,some,88.8,327.93,low
train,753.2,0,266.5,mixed,none,omnivore,mixed,high,9.5,some,253.0,390.19,low
train,531.6,2,226.4,renewable,gas,vegetarian,mixed,high,25.1,none,50.9,255.08,low
train,231.1,2,359.3,coal,gas,meat_heavy,mixed,low,29.1,some,89.2,591.53,high
bus,734.3,0,231.3,mixed,gas,vegetarian,imported,medium,17.0,some,185.3,404.61,moderate
car_electric,290.6,1,379.1,coal,electric,meat_heavy,local,low,19.1,none,255.6,571.85,high
bus,614.8,3,249.3,coal,electric,omnivore,imported,low,22.0,most,37.7,519.63,high
cycle,751.2,0,175.1,renewable,gas,omnivore,mixed,medium,29.0,most,232.8,296.0,low
car_diesel,734.0,4,242.0,coal,electric,omnivore,mixed,high,25.1,some,73.3,660.87,high
car_diesel,317.8,3,252.9,coal,gas,omnivore,mixed,medium,19.1,some,102.9,526.49,high
cycle,450.7,3,317.4,mixed,electric,vegan,mixed,low,24.9,none,94.2,301.11,low
car_electric,287.2,4,43.8,mixed,gas,meat_heavy,imported,low,16.9,most,61.2,411.46,moderate
car_petrol,885.5,1,160.0,mixed,oil,omnivore,local,medium,23.2,some,143.6,559.39,high
car_diesel,330.2,2,47.6,mixed,gas,vegetarian,imported,low,16.7,most,152.6,358.7,low
train,370.5,2,394.1,mixed,electric,omnivore,mixed,medium,43.0,some,185.9,470.5,moderate
car_petrol,1037.8,2,285.1,mixed,gas,meat_heavy,local,high,28.7,most,277.6,808.37,high
cycle,148.8,4,209.0,coal,gas,meat_heavy,local,high,7.5,none,203.9,632.99,high
train,403.7,1,198.9,mixed,none,omnivore,mixed,medium,33.1,most,78.8,304.44,low
car_petrol,417.4,0,269.3,renewable,electric,vegetarian,mixed,medium,29.5,most,62.3,245.45,low
car_petrol,822.2,0,200.2,mixed,oil,omnivore,local,medium,22.0,some,76.1,487.26,moderate
cycle,325.5,0,196.5,renewable,oil,vegetarian,local,high,24.4,none,147.5,222.64,low
bus,311.7,0,172.2,coal,gas,meat_heavy,local,low,34.9,some,209.0,503.13,moderate
car_electric,437.2,6,220.5,mixed,electric,meat_heavy,mixed,high,30.9,none,46.8,601.46,high
cycle,491.1,2,310.0,renewable,gas,omnivore,local,low,37.8,most,88.0,259.24,low
bus,274.2,3,174.0,renewable,oil,vegan,mixed,high,42.3,most,110.9,248.02,low
car_petrol,244.1,0,166.6,mixed,gas,omnivore,mixed,medium,22.7,most,84.4,369.33,low
car_diesel,185.6,0,299.5,coal,electric,omnivore,local,medium,32.0,none,128.0,444.69,moderate
motorbike,533.4,0,155.9,mixed,electric,omnivore,local,low,25.9,some,177.9,358.62,low
cycle,79.8,0,309.4,mixed,oil,vegetarian,mixed,high,34.9,some,43.3,358.88,low
cycle,193.5,0,56.2,mixed,none,omnivore,mixed,medium,30.2,most,142.5,249.02,low
car_petrol,602.7,3,157.6,coal,none,omnivore,mixed,medium,24.5,none,84.2,478.43,moderate
car_diesel,793.5,0,213.5,renewable,gas,omnivore,imported,medium,33.4,some,172.0,491.86,moderate
car_electric,317.0,0,212.0,coal,gas,vegetarian,mixed,medium,28.5,most,136.1,393.81,low
cycle,884.0,0,245.0,coal,none,meat_heavy,mixed,medium,27.2,none,107.6,384.24,low
car_diesel,580.1,0,103.8,mixed,electric,vegan,imported,high,13.6,some,127.5,327.27,low
car_petrol,493.7,0,171.0,renewable,gas,meat_heavy,local,low,18.2,most,132.5,348.25,low
car_diesel,390.4,1,346.8,mixed,oil,meat_heavy,local,medium,42.7,none,115.2,560.21,high
cycle,1332.1,4,324.4,coal,gas,vegan,local,high,20.6,most,82.7,463.43,moderate
car_petrol,143.6,0,340.6,coal,gas,omnivore,imported,high,32.4,none,39.2,626.49,high
car_petrol,79.3,0,191.0,coal,gas,meat_heavy,local,high,29.9,most,52.6,530.5,high
bus,576.1,3,211.3,mixed,none,vegetarian,imported,medium,44.2,none,108.1,406.16,moderate
car_petrol,313.5,0,300.5,coal,electric,omnivore,local,medium,26.0,some,162.6,477.01,moderate
car_petrol,397.2,0,129.4,coal,electric,vegan,mixed,medium,32.9,none,293.8,451.38,moderate
train,599.5,0,186.9,mixed,gas,vegetarian,local,high,37.8,some,133.7,315.44,low
car_diesel,327.6,0,233.5,mixed,gas,omnivore,mixed,medium,37.2,most,221.0,435.99,moderate
car_electric,126.6,0,213.7,mixed,electric,omnivore,mixed,medium,26.3,some,375.9,458.88,moderate
car_diesel,415.7,4,239.8,mixed,gas,vegetarian,imported,high,38.2,most,143.7,534.43,high
car_petrol,332.0,1,318.8,coal,gas,vegetarian,local,medium,24.1,none,191.4,490.26,moderate
car_petrol,378.6,0,194.6,mixed,gas,omnivore,imported,low,16.3,most,314.7,558.47,high
bus,688.3,4,310.8,renewable,electric,omnivore,imported,high,33.8,most,173.6,512.09,high
car_petrol,422.7,10,100.5,mixed,electric,omnivore,mixed,medium,18.6,none,174.9,637.91,high
car_petrol,145.8,4,230.6,mixed,gas,meat_heavy,mixed,medium,39.4,none,242.8,631.58,high
cycle,491.1,0,241.3,mixed,oil,omnivore,imported,medium,28.0,some,26.5,378.43,low
car_petrol,330.2,1,278.5,renewable,electric,omnivore,mixed,medium,41.7,some,74.6,359.93,low
car_petrol,623.6,0,319.8,mixed,electric,meat_heavy,mixed,low,27.0,some,46.2,493.99,moderate
car_petrol,323.8,1,179.3,mixed,electric,meat_heavy,local,high,47.5,most,229.0,589.16,high
cycle,145.6,0,139.3,coal,gas,meat_heavy,local,medium,28.9,none,161.1,430.95,moderate
car_petrol,339.8,6,227.8,coal,gas,meat_heavy,mixed,low,16.7,some,109.1,656.38,high
car_diesel,683.0,1,286.5,renewable,oil,vegan,mixed,high,38.0,some,188.3,363.64,low
bus,518.3,0,262.0,coal,gas,vegetarian,imported,high,34.8,some,42.8,454.87,moderate
train,494.9,1,184.8,renewable,gas,vegetarian,local,low,21.1,none,112.0,225.62,low
car_electric,552.1,3,129.3,mixed,electric,vegetarian,mixed,high,33.4,most,124.0,375.25,low
car_petrol,821.7,0,197.0,mixed,gas,vegan,imported,low,41.3,some,65.9,403.97,moderate
car_electric,225.1,3,150.1,renewable,electric,omnivore,imported,high,11.2,most,158.7,418.24,moderate
car_diesel,394.9,3,235.5,renewable,oil,meat_heavy,local,high,15.2,none,56.5,439.97,moderate
cycle,390.5,4,297.3,renewable,none,omnivore,local,low,4.1,some,117.2,263.37,low
car_electric,308.9,3,152.8,coal,gas,vegetarian,mixed,high,8.1,some,75.1,414.72,moderate
car_electric,446.1,1,266.6,renewable,oil,meat_heavy,local,medium,34.1,most,81.6,314.76,low
motorbike,524.8,1,347.0,mixed,electric,vegan,local,medium,23.4,none,146.7,332.56,low
cycle,218.7,0,141.3,coal,gas,omnivore,mixed,medium,47.2,some,191.8,491.32,moderate
car_petrol,548.4,1,436.6,coal,electric,meat_heavy,mixed,high,32.3,some,140.3,772.69,high
car_petrol,451.8,0,312.7,mixed,none,omnivore,local,low,22.1,some,118.3,343.02,low
cycle,779.9,2,271.3,renewable,oil,omnivore,mixed,high,23.8,none,95.9,343.75,low
train,539.3,1,295.9,mixed,gas,vegetarian,mixed,medium,38.1,most,127.0,367.63,low
cycle,894.6,1,241.8,mixed,gas,omnivore,mixed,low,37.9,none,79.2,400.09,moderate
bus,318.6,2,176.6,mixed,electric,vegetarian,mixed,medium,21.6,none,221.5,384.59,low
car_petrol,810.1,1,229.0,renewable,electric,omnivore,local,high,47.1,none,78.8,494.09,moderate
car_petrol,224.0,2,261.3,mixed,electric,vegetarian,local,high,33.7,some,76.9,354.25,low
bus,445.0,3,207.6,mixed,none,omnivore,imported,low,17.9,none,56.7,391.86,low
car_petrol,210.9,10,205.6,coal,electric,omnivore,imported,medium,11.6,most,417.3,788.31,high
bus,412.9,1,353.0,coal,gas,omnivore,imported,high,12.2,some,185.8,670.91,high
cycle,554.3,0,426.4,renewable,oil,omnivore,imported,medium,24.9,most,246.1,411.47,moderate
car_petrol,291.1,1,193.6,mixed,oil,omnivore,mixed,medium,28.6,none,93.1,483.75,moderate
car_diesel,404.3,10,385.9,renewable,electric,omnivore,local,medium,2.0,none,135.9,524.56,high
train,504.2,4,401.1,mixed,gas,omnivore,mixed,low,22.9,most,190.4,476.53,moderate
train,560.9,6,241.2,mixed,gas,omnivore,mixed,medium,11.2,some,121.2,500.9,moderate
car_petrol,231.9,0,163.8,mixed,electric,omnivore,imported,medium,41.8,some,126.3,395.88,low
train,170.8,0,193.3,coal,electric,vegetarian,mixed,medium,15.7,none,34.6,318.51,low
train,287.7,4,306.0,mixed,electric,omnivore,imported,low,17.9,some,135.4,482.6,moderate
car_electric,381.2,1,217.7,mixed,electric,vegetarian,mixed,low,15.0,none,86.9,292.25,low
car_electric,692.1,0,232.7,renewable,none,omnivore,mixed,low,28.7,most,72.6,223.62,low
car_petrol,389.9,0,328.6,mixed,electric,meat_heavy,local,low,34.1,some,174.0,519.22,high
car_petrol,316.1,1,361.2,mixed,none,vegan,mixed,medium,29.8,some,113.0,285.21,low
motorbike,398.4,0,302.1,mixed,oil,omnivore,local,low,32.7,some,114.2,401.98,moderate
car_diesel,227.1,0,270.8,mixed,electric,vegetarian,imported,medium,28.7,none,102.9,339.85,low
car_electric,260.7,10,93.4,mixed,gas,meat_heavy,local,medium,13.8,some,136.5,559.24,high
cycle,210.6,3,378.2,mixed,electric,vegetarian,imported,medium,25.7,most,258.6,438.13,moderate
car_petrol,471.4,1,220.5,mixed,electric,meat_heavy,local,low,32.3,some,36.5,435.34,moderate
cycle,523.8,1,168.2,mixed,gas,vegetarian,local,high,34.1,most,95.5,310.55,low
motorbike,853.2,0,132.6,renewable,electric,vegetarian,mixed,medium,25.6,some,212.5,324.79,low
bus,245.5,0,67.6,mixed,oil,vegetarian,local,high,20.4,some,80.0,292.8,low
car_petrol,370.2,0,246.3,coal,gas,omnivore,local,medium,24.7,none,126.0,518.67,high
car_petrol,364.4,2,41.9,coal,gas,meat_heavy,imported,low,22.0,some,52.7,557.04,high
car_electric,901.8,0,99.7,mixed,electric,meat_heavy,mixed,low,30.5,none,47.0,382.48,low
bus,294.8,3,287.3,coal,gas,vegetarian,mixed,high,30.5,most,253.8,633.54,high
motorbike,214.2,2,289.1,mixed,oil,omnivore,local,high,24.2,most,140.2,489.83,moderate
bus,321.2,2,402.9,renewable,electric,vegetarian,imported,low,21.0,some,121.5,260.68,low
car_petrol,179.6,1,305.3,mixed,gas,omnivore,local,low,41.8,most,151.6,405.77,moderate
cycle,733.2,0,268.7,coal,gas,meat_heavy,mixed,medium,9.6,most,70.7,542.28,high
car_petrol,533.6,0,253.7,coal,gas,omnivore,imported,high,30.0,some,43.3,600.86,high
motorbike,377.8,3,203.1,coal,none,omnivore,imported,low,31.8,some,223.2,495.92,moderate
car_petrol,720.6,10,226.4,renewable,gas,meat_heavy,local,medium,32.5,none,52.4,636.52,high
car_diesel,256.4,1,109.1,renewable,gas,meat_heavy,imported,low,53.9,none,43.4,441.12,moderate
bus,564.6,2,202.4,renewable,electric,omnivore,mixed,low,32.3,most,52.7,320.09,low
car_diesel,295.6,1,133.6,renewable,none,vegetarian,imported,medium,41.5,some,195.5,333.08,low
bus,569.6,0,328.3,mixed,none,meat_heavy,mixed,medium,27.9,most,142.1,416.38,moderate
bus,492.3,4,173.4,coal,gas,vegetarian,local,low,33.0,none,253.5,564.19,high
car_petrol,386.8,2,281.3,coal,none,omnivore,local,high,44.8,some,181.7,489.75,moderate
bus,426.8,0,217.7,mixed,gas,omnivore,local,medium,39.4,some,105.6,398.15,low
bus,402.7,4,313.2,coal,gas,meat_heavy,imported,low,26.5,most,221.7,766.09,high
bus,222.6,0,337.4,mixed,oil,meat_heavy,imported,medium,32.4,most,51.9,553.39,high
car_electric,326.1,4,326.7,mixed,gas,vegetarian,mixed,medium,17.6,none,149.2,438.9,moderate
train,457.3,0,348.0,mixed,oil,omnivore,mixed,high,19.7,most,91.0,394.45,low
car_diesel,241.8,6,311.4,mixed,electric,meat_heavy,imported,low,30.4,some,124.2,616.21,high
train,420.6,2,254.6,mixed,electric,omnivore,mixed,medium,15.7,some,200.8,389.28,low
cycle,190.0,4,250.4,coal,electric,omnivore,local,high,13.7,none,64.9,477.31,moderate
train,650.6,0,299.2,coal,electric,meat_heavy,mixed,medium,41.3,none,152.1,538.13,high
bus,700.1,4,336.7,coal,gas,omnivore,mixed,low,6.4,some,235.1,647.19,high
car_petrol,423.6,6,157.9,renewable,electric,vegetarian,mixed,medium,42.2,some,81.7,384.98,low
cycle,380.3,0,408.0,mixed,electric,omnivore,local,high,38.0,some,93.4,396.49,low
motorbike,687.2,0,310.3,coal,gas,vegan,local,medium,30.5,some,38.8,455.94,moderate
car_petrol,668.3,2,326.7,coal,gas,vegetarian,mixed,medium,39.1,none,83.9,575.77,high
train,474.5,0,258.0,mixed,gas,omnivore,imported,medium,12.2,none,88.4,410.32,moderate
car_electric,747.7,6,304.3,mixed,gas,omnivore,local,low,23.4,most,47.4,497.55,moderate
bus,920.3,0,186.9,renewable,electric,meat_heavy,mixed,high,24.0,some,78.9,454.08,moderate
train,754.1,2,354.5,mixed,gas,omnivore,imported,medium,46.3,none,153.4,604.16,high
train,386.0,1,338.8,renewable,oil,meat_heavy,mixed,medium,12.0,none,66.1,374.58,low
bus,384.4,4,395.7,coal,gas,vegan,imported,high,24.2,most,97.5,523.39,high
train,641.2,1,116.9,coal,electric,omnivore,mixed,high,18.8,some,126.9,440.21,moderate
bus,247.8,4,305.1,renewable,gas,omnivore,imported,medium,35.4,none,176.3,473.86,moderate
car_petrol,396.5,1,229.1,mixed,oil,vegetarian,mixed,medium,23.5,most,103.9,393.6,low
car_petrol,130.0,2,106.8,mixed,gas,vegan,local,high,41.4,some,71.6,329.63,low
car_diesel,403.1,3,260.7,mixed,gas,vegetarian,mixed,medium,4.4,some,156.4,443.83,moderate
motorbike,597.7,0,360.1,coal,electric,vegetarian,mixed,medium,15.8,most,195.4,467.73,moderate
bus,314.6,0,291.9,mixed,electric,omnivore,mixed,low,16.7,most,175.4,382.93,low
car_petrol,229.2,2,324.6,mixed,gas,omnivore,mixed,high,26.0,most,256.2,560.53,high
car_diesel,334.3,0,248.5,coal,electric,omnivore,mixed,low,17.4,most,91.8,426.28,moderate
bus,272.7,2,379.0,renewable,gas,meat_heavy,local,high,31.5,most,252.2,470.73,moderate
car_petrol,144.8,3,211.0,coal,oil,omnivore,imported,medium,9.7,none,133.9,643.37,high
car_diesel,345.8,2,238.2,mixed,gas,omnivore,local,medium,20.4,none,61.5,421.27,moderate
car_petrol,345.8,2,287.8,coal,oil,vegan,imported,medium,12.0,some,126.9,516.24,high
car_electric,122.9,3,252.7,coal,electric,omnivore,mixed,high,28.0,none,83.5,503.82,moderate
bus,173.3,0,231.1,coal,gas,meat_heavy,local,low,22.9,none,95.7,463.6,moderate
cycle,639.1,3,310.5,mixed,gas,omnivore,imported,high,23.7,most,40.2,504.38,moderate
car_diesel,438.2,0,316.2,coal,gas,meat_heavy,mixed,low,24.7,most,107.8,625.2,high
bus,348.6,0,192.5,mixed,electric,vegetarian,imported,low,15.5,most,54.1,267.33,low
motorbike,924.4,2,281.5,coal,electric,omnivore,mixed,medium,41.8,some,170.7,621.85,high
cycle,1039.3,1,259.8,renewable,gas,meat_heavy,mixed,high,30.9,some,188.4,446.27,moderate
bus,945.6,6,311.4,coal,electric,vegetarian,mixed,high,29.1,most,109.4,551.43,high
motorbike,339.9,1,238.8,renewable,gas,omnivore,imported,high,47.3,most,112.6,421.77,moderate
bus,841.8,0,239.9,coal,oil,omnivore,mixed,medium,38.5,some,147.6,631.18,high
car_petrol,362.3,4,334.0,coal,electric,vegetarian,mixed,medium,41.4,none,174.5,585.9,high
car_diesel,427.5,0,237.9,mixed,gas,meat_heavy,local,low,27.3,most,159.7,463.72,moderate
cycle,324.6,3,181.3,coal,electric,meat_heavy,local,high,34.5,some,160.0,560.42,high
car_diesel,476.9,2,334.3,renewable,electric,omnivore,mixed,high,25.4,some,124.1,412.11,moderate
train,368.3,0,67.5,coal,gas,meat_heavy,mixed,high,26.2,most,161.1,556.21,high
car_petrol,692.9,1,339.6,mixed,none,omnivore,mixed,high,28.7,none,11.8,461.63,moderate
cycle,412.4,4,161.2,renewable,electric,meat_heavy,mixed,medium,36.1,none,98.9,381.09,low
bus,584.6,0,245.1,coal,electric,omnivore,mixed,medium,27.0,some,113.5,495.18,moderate
car_electric,346.5,4,263.2,renewable,none,omnivore,mixed,medium,16.2,none,136.9,319.64,low
car_petrol,354.5,0,273.9,mixed,electric,meat_heavy,imported,medium,34.4,none,309.2,670.1,high
bus,634.1,0,313.6,renewable,none,meat_heavy,imported,low,17.1,none,239.5,391.96,low
car_diesel,420.3,0,283.3,mixed,gas,omnivore,local,high,31.1,most,97.0,448.43,moderate
bus,704.4,0,160.1,renewable,electric,vegetarian,mixed,medium,18.4,some,79.2,241.65,low
bus,245.5,0,173.0,coal,gas,vegan,mixed,low,26.1,most,88.4,355.67,low
cycle,212.6,6,285.3,mixed,electric,omnivore,mixed,medium,29.9,none,173.7,524.21,high
car_petrol,181.5,0,303.0,mixed,gas,omnivore,imported,medium,33.6,most,163.2,475.54,moderate
car_petrol,228.1,1,182.8,mixed,gas,omnivore,mixed,medium,39.9,most,300.8,480.03,moderate
bus,141.2,0,184.6,mixed,gas,vegetarian,local,medium,21.9,none,138.8,305.16,low
car_petrol,819.5,2,316.2,renewable,gas,omnivore,mixed,medium,36.3,some,193.3,498.63,moderate
car_petrol,480.3,0,251.7,renewable,gas,omnivore,mixed,high,33.8,some,173.8,425.39,moderate
car_petrol,921.9,1,147.4,coal,electric,vegetarian,mixed,medium,27.4,some,51.1,503.81,moderate
motorbike,296.8,4,144.5,coal,gas,omnivore,mixed,low,41.0,some,50.4,516.76,high
train,587.3,1,185.2,mixed,none,omnivore,mixed,medium,21.7,none,245.8,362.8,low
bus,802.9,0,266.4,mixed,gas,omnivore,mixed,medium,46.2,most,197.0,506.77,moderate
car_diesel,801.9,2,344.4,mixed,gas,omnivore,local,medium,30.6,none,138.6,564.42,high
car_petrol,495.4,0,176.6,mixed,gas,vegetarian,local,medium,36.1,most,117.6,364.48,low
train,294.2,0,141.9,mixed,oil,meat_heavy,local,medium,41.0,some,17.8,375.93,low
car_diesel,329.6,6,279.2,mixed,gas,meat_heavy,mixed,medium,28.1,most,27.8,563.68,high
car_diesel,365.9,2,310.2,mixed,gas,omnivore,mixed,medium,24.6,none,102.3,490.45,moderate
cycle,1228.3,1,267.5,coal,gas,vegetarian,imported,medium,31.8,some,63.7,477.79,moderate
car_petrol,183.6,1,343.3,mixed,electric,omnivore,mixed,high,27.5,none,90.6,469.8,moderate
cycle,1149.4,1,153.9,renewable,none,omnivore,mixed,medium,24.4,none,187.1,307.85,low
cycle,452.1,10,330.5,coal,gas,meat_heavy,imported,medium,35.0,most,157.1,870.35,high
bus,1018.7,1,228.1,coal,gas,omnivore,mixed,high,30.5,some,327.3,671.98,high
car_petrol,869.3,1,368.3,mixed,electric,vegan,local,medium,29.1,some,42.7,393.54,low
car_petrol,656.2,0,259.5,renewable,gas,vegan,mixed,medium,33.9,some,157.7,349.15,low
car_petrol,384.6,1,472.6,mixed,oil,meat_heavy,mixed,high,14.7,none,203.3,715.12,high
cycle,439.7,0,244.7,renewable,oil,omnivore,mixed,low,25.3,most,50.1,223.6,low
bus,509.8,2,297.7,mixed,none,vegetarian,mixed,medium,12.6,most,226.1,355.79,low
car_petrol,601.8,0,177.1,mixed,electric,omnivore,mixed,medium,17.8,none,161.4,457.79,moderate
bus,1110.2,4,229.4,coal,gas,omnivore,mixed,low,23.7,some,403.6,777.95,high
cycle,436.8,0,181.4,mixed,gas,omnivore,mixed,high,17.9,some,405.6,539.04,high
car_petrol,697.8,1,283.1,mixed,oil,omnivore,mixed,high,29.3,none,39.9,572.47,high
train,569.9,0,428.1,mixed,gas,vegetarian,mixed,medium,25.1,most,255.1,427.69,moderate
motorbike,646.8,4,179.3,renewable,electric,vegetarian,mixed,medium,35.1,some,139.8,340.37,low
car_petrol,120.4,1,89.9,mixed,oil,vegan,mixed,low,39.5,none,60.6,317.2,low
car_petrol,461.7,3,332.6,mixed,oil,vegan,mixed,high,24.8,some,132.7,480.94,moderate
bus,641.1,0,253.3,renewable,gas,omnivore,local,low,20.8,some,132.0,269.56,low
car_petrol,1162.7,2,358.2,renewable,electric,meat_heavy,mixed,medium,33.5,some,181.6,669.21,high
car_diesel,734.1,4,252.7,renewable,electric,meat_heavy,imported,low,28.7,some,55.2,520.5,high
car_diesel,757.8,0,293.7,mixed,electric,vegan,local,high,51.3,most,152.2,389.61,low
motorbike,276.2,3,341.0,mixed,none,omnivore,local,low,51.3,some,103.2,383.55,low
bus,327.9,6,268.1,renewable,gas,meat_heavy,mixed,medium,22.4,none,107.6,491.17,moderate
cycle,528.7,0,20.0,mixed,none,vegetarian,mixed,low,21.0,some,84.6,154.71,low
car_petrol,400.1,2,241.4,mixed,gas,meat_heavy,local,medium,19.7,none,66.9,492.85,moderate
car_petrol,98.8,4,282.3,coal,electric,vegan,imported,medium,26.8,most,137.0,439.94,moderate
bus,642.5,3,327.2,mixed,electric,meat_heavy,mixed,medium,37.3,some,79.4,557.71,high
car_petrol,245.0,0,352.1,mixed,none,vegetarian,local,low,34.1,most,168.2,290.98,low
car_petrol,1320.8,1,114.1,mixed,electric,omnivore,mixed,low,33.7,none,208.9,589.59,high
cycle,239.2,4,292.0,coal,gas,vegan,mixed,low,40.7,some,64.7,469.96,moderate
car_electric,664.9,2,210.6,mixed,electric,omnivore,mixed,high,40.7,most,115.4,452.67,moderate
motorbike,522.7,0,209.9,mixed,electric,vegan,mixed,low,30.3,some,121.1,282.59,low
car_electric,476.6,0,277.5,mixed,oil,meat_heavy,imported,medium,33.7,some,124.3,588.52,high
bus,119.5,2,199.8,mixed,electric,vegan,mixed,medium,23.9,most,131.3,290.53,low
train,487.8,0,99.2,mixed,none,omnivore,imported,high,19.7,some,184.9,396.98,low
bus,503.8,0,324.7,renewable,electric,vegetarian,mixed,medium,37.3,some,141.3,271.06,low
car_petrol,532.4,0,87.6,mixed,gas,vegetarian,mixed,medium,23.6,some,66.5,345.93,low
bus,623.3,10,257.5,mixed,oil,vegetarian,mixed,high,34.0,some,209.5,680.72,high
train,310.1,1,132.5,mixed,none,omnivore,mixed,medium,31.9,some,223.0,384.93,low
bus,640.0,4,251.0,renewable,oil,omnivore,mixed,low,28.3,most,83.3,406.4,moderate
train,320.0,0,442.2,coal,gas,vegan,local,low,34.0,some,67.2,411.79,moderate
car_petrol,234.4,0,278.9,mixed,gas,omnivore,local,medium,42.0,some,291.4,486.88,moderate
train,524.2,2,159.3,mixed,gas,vegetarian,mixed,medium,28.4,none,87.5,375.96,low
motorbike,515.9,2,382.9,mixed,oil,omnivore,local,medium,35.2,none,26.7,487.31,moderate
motorbike,594.3,0,297.7,mixed,gas,omnivore,mixed,high,34.0,none,182.9,520.76,high
cycle,848.7,0,78.7,mixed,electric,vegetarian,mixed,medium,33.4,most,155.4,220.82,low
car_petrol,323.2,1,133.2,mixed,gas,omnivore,mixed,low,31.8,some,300.5,518.76,high
bus,371.2,4,284.9,mixed,gas,omnivore,local,low,40.1,none,172.4,470.24,moderate
train,1717.8,1,437.3,mixed,oil,omnivore,mixed,low,24.5,some,126.4,473.97,moderate
train,529.9,3,147.2,renewable,gas,vegan,local,low,31.8,most,208.9,270.27,low
car_electric,291.8,2,424.8,coal,oil,vegetarian,mixed,low,21.1,most,40.5,512.71,high
bus,761.4,4,299.4,renewable,electric,vegan,mixed,low,22.3,most,54.0,276.85,low
car_diesel,573.2,2,247.9,mixed,gas,omnivore,mixed,high,23.5,none,382.7,691.05,high
cycle,535.9,1,246.4,mixed,gas,vegan,mixed,high,29.6,most,184.4,337.27,low
car_diesel,248.2,0,247.6,mixed,gas,meat_heavy,local,high,4.2,some,179.2,482.29,moderate
car_petrol,427.5,10,284.0,renewable,electric,meat_heavy,local,medium,26.0,some,52.3,612.78,high
motorbike,602.7,0,277.9,coal,gas,omnivore,mixed,medium,18.8,some,127.0,533.99,high
car_petrol,582.6,0,302.4,coal,electric,omnivore,mixed,low,14.7,none,237.7,570.97,high
motorbike,166.1,1,148.5,renewable,electric,meat_heavy,mixed,high,20.0,none,156.7,459.91,moderate
cycle,466.0,2,93.8,mixed,none,meat_heavy,local,high,29.8,some,75.1,332.42,low
cycle,574.3,1,257.6,mixed,none,vegetarian,mixed,high,20.1,some,342.7,382.59,low
train,494.9,4,131.4,renewable,electric,omnivore,mixed,medium,31.0,none,19.3,328.73,low
bus,485.1,1,263.2,mixed,gas,omnivore,mixed,high,39.4,most,61.0,448.37,moderate
cycle,804.6,0,388.7,mixed,electric,omnivore,imported,high,28.3,most,132.3,471.78,moderate
car_diesel,979.9,3,146.1,mixed,electric,omnivore,mixed,low,19.2,none,82.1,509.12,moderate
bus,417.9,3,242.7,mixed,electric,meat_heavy,mixed,low,21.0,some,107.3,465.38,moderate
car_diesel,423.7,1,172.7,mixed,electric,vegan,local,low,42.2,some,42.1,299.96,low
train,518.6,1,189.7,mixed,gas,meat_heavy,mixed,high,49.1,most,21.6,499.03,moderate
cycle,263.7,0,367.0,coal,electric,vegetarian,local,medium,2.0,none,85.5,324.84,low
motorbike,525.2,1,220.3,mixed,electric,meat_heavy,mixed,medium,28.5,some,136.9,476.41,moderate
motorbike,633.1,2,338.6,renewable,gas,vegetarian,mixed,high,18.2,none,60.0,312.54,low
car_petrol,308.1,2,276.8,coal,gas,vegetarian,mixed,high,31.9,some,172.9,577.82,high
car_diesel,199.7,0,136.7,mixed,none,omnivore,local,high,29.9,most,128.0,330.65,low
motorbike,653.4,0,440.9,mixed,electric,omnivore,mixed,medium,25.3,some,91.9,472.16,moderate
cycle,317.1,3,216.2,coal,electric,omnivore,local,medium,35.4,most,265.6,527.96,high
car_diesel,565.7,0,203.4,renewable,electric,vegetarian,local,low,42.0,none,188.8,331.04,low
car_diesel,378.2,1,264.6,coal,gas,omnivore,local,medium,19.9,none,63.4,540.79,high
cycle,293.4,1,107.9,mixed,none,vegan,local,low,37.6,none,42.2,152.33,low
car_diesel,587.7,0,217.9,coal,electric,meat_heavy,mixed,medium,23.7,none,166.0,575.72,high
car_petrol,1009.5,0,207.4,mixed,gas,meat_heavy,local,medium,17.2,some,255.4,639.3,high
cycle,397.6,1,100.7,renewable,electric,vegan,mixed,medium,46.2,some,157.7,194.1,low
train,340.6,0,262.0,mixed,gas,vegan,imported,low,9.0,some,40.6,249.74,low
motorbike,156.8,1,191.8,mixed,gas,omnivore,mixed,medium,34.9,some,181.5,440.36,moderate
car_petrol,582.7,0,254.4,mixed,gas,omnivore,imported,low,38.8,some,108.4,551.24,high
bus,208.6,2,237.3,renewable,gas,meat_heavy,mixed,high,33.8,most,96.2,475.07,moderate
car_diesel,633.6,0,238.7,renewable,oil,omnivore,mixed,low,22.6,none,172.0,411.53,moderate
cycle,519.2,2,326.9,mixed,gas,omnivore,mixed,medium,11.9,none,87.6,408.98,moderate
cycle,314.5,0,247.7,mixed,electric,vegetarian,imported,medium,26.1,some,83.1,291.9,low
motorbike,483.5,1,124.1,mixed,electric,meat_heavy,mixed,low,26.5,some,294.6,529.78,high
car_petrol,355.7,2,371.2,mixed,electric,vegetarian,mixed,medium,34.3,some,174.5,466.27,moderate
car_diesel,470.7,2,314.5,renewable,oil,vegetarian,local,high,37.9,some,124.9,314.65,low
bus,399.4,2,239.2,mixed,oil,vegetarian,mixed,medium,37.9,some,184.5,432.35,moderate
car_electric,728.6,1,330.3,renewable,gas,meat_heavy,imported,medium,31.3,none,94.2,472.77,moderate
cycle,274.5,1,176.4,renewable,oil,vegan,mixed,high,26.9,most,230.6,249.39,low
train,522.0,0,347.6,mixed,gas,omnivore,mixed,high,26.1,some,240.6,488.25,moderate
cycle,379.0,0,309.4,mixed,gas,vegan,local,low,7.4,most,57.4,227.13,low
car_diesel,269.7,1,274.6,coal,electric,meat_heavy,local,medium,24.3,some,103.8,528.64,high
cycle,588.8,3,105.5,coal,electric,vegan,mixed,medium,40.9,some,26.3,275.21,low
car_diesel,577.2,0,282.5,renewable,gas,omnivore,mixed,medium,26.5,some,85.6,376.64,low
train,772.2,1,204.9,mixed,electric,meat_heavy,mixed,high,18.8,some,189.5,547.23,high
bus,517.1,0,246.4,coal,electric,vegan,local,low,20.1,some,42.3,295.64,low
car_petrol,366.6,0,229.5,mixed,gas,meat_heavy,mixed,medium,35.1,none,185.5,597.37,high
cycle,628.5,2,87.1,mixed,gas,meat_heavy,local,medium,16.9,some,231.7,449.04,moderate
car_diesel,318.2,3,226.2,mixed,electric,vegetarian,mixed,low,30.8,most,270.8,457.49,moderate
car_petrol,250.2,0,346.0,mixed,electric,omnivore,local,low,37.7,most,48.6,344.65,low
car_petrol,365.4,2,364.0,coal,gas,omnivore,mixed,medium,26.6,some,87.3,606.51,high
motorbike,599.7,0,352.2,mixed,gas,omnivore,mixed,high,39.2,most,233.0,552.56,high
cycle,268.4,0,59.0,mixed,oil,omnivore,local,high,19.8,most,182.7,390.93,low
car_petrol,390.7,1,342.6,mixed,electric,omnivore,mixed,high,13.3,none,108.3,474.25,moderate
car_petrol,563.0,3,178.7,mixed,electric,meat_heavy,local,medium,19.5,none,18.3,491.56,moderate
car_diesel,334.2,2,135.9,mixed,oil,vegetarian,mixed,high,36.0,none,180.9,486.16,moderate
train,370.1,0,160.3,mixed,gas,meat_heavy,local,medium,31.6,some,98.6,376.39,low
cycle,225.7,2,138.2,mixed,electric,vegan,local,high,31.2,some,230.1,311.09,low
car_diesel,580.2,1,183.1,renewable,gas,omnivore,local,medium,33.2,some,215.2,389.96,low
train,502.9,0,253.5,coal,oil,vegetarian,mixed,medium,33.2,none,119.2,485.53,moderate
bus,338.0,2,266.5,mixed,gas,omnivore,mixed,medium,20.2,some,186.4,495.87,moderate
car_diesel,251.6,1,448.5,coal,none,meat_heavy,mixed,low,21.5,most,27.2,465.54,moderate
bus,219.7,4,199.9,mixed,electric,omnivore,local,high,21.6,some,97.2,404.5,moderate
bus,380.2,1,174.5,renewable,gas,omnivore,imported,medium,11.8,some,156.2,367.96,low
motorbike,567.0,0,342.6,mixed,oil,meat_heavy,mixed,medium,20.7,some,150.8,532.24,high
train,965.8,1,135.3,mixed,gas,omnivore,mixed,medium,23.6,some,224.2,437.0,moderate
car_petrol,219.0,1,241.5,renewable,gas,meat_heavy,mixed,medium,30.3,most,103.4,357.29,low
bus,211.8,0,253.7,mixed,oil,vegan,mixed,medium,40.5,some,53.6,248.95,low
car_diesel,491.2,6,166.8,mixed,electric,meat_heavy,mixed,low,31.3,none,161.5,580.13,high
car_diesel,445.5,2,294.6,mixed,electric,meat_heavy,mixed,medium,19.7,some,75.9,530.47,high
bus,289.7,0,303.6,mixed,oil,vegetarian,imported,low,18.7,some,50.3,321.69,low
bus,753.4,0,254.9,renewable,gas,omnivore,mixed,high,35.6,some,196.4,412.45,moderate
car_petrol,915.6,1,374.7,renewable,electric,meat_heavy,local,high,32.2,some,137.4,530.32,high
bus,725.8,1,283.7,renewable,oil,omnivore,mixed,high,31.7,some,123.5,369.65,low
bus,215.4,3,174.9,mixed,electric,vegetarian,mixed,medium,26.7,some,170.2,409.63,moderate
cycle,655.0,6,354.7,coal,electric,vegan,imported,medium,26.5,none,165.8,500.88,moderate
car_petrol,298.9,1,289.1,mixed,electric,omnivore,mixed,medium,38.3,some,99.9,426.58,moderate
train,817.0,2,238.9,mixed,oil,vegan,mixed,high,23.1,some,136.2,372.09,low
car_petrol,499.9,3,236.8,renewable,oil,meat_heavy,local,low,26.7,some,107.0,445.81,moderate
cycle,711.1,4,93.5,renewable,gas,omnivore,mixed,medium,24.4,none,161.8,354.12,low
bus,292.7,0,213.2,coal,gas,omnivore,mixed,low,23.9,some,39.0,437.37,moderate
car_diesel,794.1,3,372.1,mixed,electric,omnivore,mixed,low,32.5,none,161.0,608.72,high
car_petrol,503.8,2,210.7,coal,none,vegan,mixed,medium,35.3,none,194.6,447.8,moderate
cycle,628.7,6,365.5,mixed,gas,omnivore,imported,high,28.5,most,155.0,637.2,high
car_petrol,269.6,0,248.6,coal,gas,vegan,local,medium,31.0,some,176.7,454.58,moderate
motorbike,511.6,4,330.6,coal,gas,vegan,local,high,28.9,none,132.6,577.89,high
cycle,592.7,2,364.5,renewable,gas,meat_heavy,mixed,medium,22.6,none,156.3,367.51,low
bus,330.8,0,182.5,coal,oil,meat_heavy,mixed,low,33.9,some,84.0,545.73,high
cycle,334.5,1,228.0,mixed,gas,vegetarian,mixed,medium,28.8,most,123.2,319.27,low
motorbike,37.0,2,339.7,coal,electric,omnivore,mixed,high,46.6,some,117.4,546.81,high
train,158.2,2,258.0,renewable,electric,omnivore,mixed,medium,27.8,none,251.3,379.1,low
car_petrol,341.4,1,246.3,coal,electric,omnivore,imported,medium,45.2,some,179.2,576.26,high
cycle,427.1,0,204.8,mixed,none,omnivore,imported,low,34.1,some,285.5,364.7,low
cycle,670.6,3,345.0,mixed,gas,omnivore,local,medium,24.7,most,42.5,445.27,moderate
car_petrol,758.5,4,343.3,mixed,electric,omnivore,local,high,26.6,some,128.9,644.98,high
car_petrol,534.6,0,237.1,renewable,electric,vegetarian,local,low,27.7,most,235.7,315.39,low
car_petrol,368.4,2,389.9,coal,gas,vegetarian,mixed,medium,23.7,most,41.8,533.36,high
cycle,679.2,2,295.0,coal,gas,vegan,mixed,high,15.5,some,62.4,362.5,low
bus,248.5,1,360.0,mixed,gas,meat_heavy,mixed,medium,19.4,most,90.2,485.39,moderate
cycle,618.4,0,343.6,renewable,gas,meat_heavy,local,low,31.9,most,62.4,245.07,low
car_electric,350.4,2,63.3,renewable,gas,meat_heavy,imported,medium,20.7,none,177.4,452.84,moderate
cycle,506.9,3,216.9,mixed,gas,omnivore,mixed,low,23.2,some,33.5,397.0,low
car_diesel,390.4,2,243.7,mixed,gas,omnivore,mixed,medium,10.4,most,100.4,451.28,moderate
car_petrol,492.6,6,281.0,renewable,gas,vegan,local,low,39.8,some,264.0,423.95,moderate
bus,593.1,0,417.6,coal,oil,meat_heavy,imported,medium,22.0,most,145.9,710.09,high
car_petrol,241.2,0,190.8,mixed,gas,vegetarian,mixed,low,49.0,some,156.3,382.92,low
car_electric,341.0,0,146.8,mixed,electric,vegetarian,local,high,34.3,some,166.2,319.59,low
cycle,707.0,0,202.4,mixed,gas,meat_heavy,mixed,high,18.2,most,268.4,524.73,high
cycle,590.0,3,240.8,mixed,gas,omnivore,local,high,41.1,most,41.1,407.31,moderate
motorbike,208.8,3,148.8,mixed,electric,vegetarian,mixed,medium,23.0,most,172.7,358.49,low
train,567.0,0,145.2,mixed,oil,meat_heavy,local,low,26.8,some,185.1,455.99,moderate
motorbike,326.4,4,124.3,mixed,gas,omnivore,mixed,high,44.9,some,235.3,537.25,high
cycle,610.6,3,249.3,mixed,gas,vegetarian,mixed,medium,16.0,none,197.0,384.51,low
car_diesel,776.6,0,281.7,mixed,gas,vegan,local,high,33.4,some,118.0,418.09,moderate
car_petrol,373.6,0,274.2,renewable,electric,vegan,mixed,medium,38.6,some,232.8,293.07,low
train,314.7,0,300.7,mixed,electric,vegan,local,low,26.3,none,74.2,249.35,low
car_diesel,509.4,0,290.9,mixed,gas,omnivore,imported,low,34.9,none,113.2,515.79,high
car_diesel,700.5,3,342.7,mixed,gas,vegetarian,mixed,low,29.0,none,200.7,566.01,high
car_electric,51.4,4,215.6,mixed,none,omnivore,mixed,high,30.9,some,256.5,453.11,moderate
bus,695.9,0,315.5,coal,electric,omnivore,mixed,low,5.0,some,132.9,485.14,moderate
car_petrol,379.0,4,344.5,coal,electric,omnivore,local,medium,29.1,some,157.4,611.81,high
car_diesel,148.7,1,54.2,coal,electric,vegetarian,mixed,medium,23.3,most,83.3,299.97,low
car_petrol,645.7,1,160.4,mixed,electric,meat_heavy,local,low,48.5,most,101.5,472.07,moderate
bus,727.7,4,279.7,mixed,gas,omnivore,local,high,24.1,some,65.8,526.09,high
car_diesel,352.8,2,254.2,coal,none,vegan,imported,medium,14.7,some,154.4,340.23,low
car_electric,248.3,2,292.0,mixed,gas,meat_heavy,imported,high,11.0,none,148.3,680.18,high
train,760.5,0,315.3,mixed,gas,omnivore,mixed,medium,31.0,some,153.5,437.75,moderate
train,310.9,0,146.5,mixed,electric,vegetarian,local,low,29.3,most,184.3,249.8,low
cycle,1015.8,2,316.6,mixed,electric,meat_heavy,mixed,medium,27.1,some,83.7,432.74,moderate
car_diesel,352.5,1,269.8,renewable,oil,omnivore,mixed,low,20.3,some,128.5,333.98,low
train,1002.6,0,316.3,renewable,electric,vegetarian,mixed,low,33.2,most,105.4,213.94,low
cycle,940.4,0,204.6,coal,electric,vegetarian,imported,medium,25.5,some,192.4,389.35,low
train,403.0,2,332.5,mixed,oil,omnivore,local,high,21.5,most,66.5,427.77,moderate
bus,248.8,4,411.7,mixed,gas,omnivore,local,low,14.0,most,87.8,414.21,moderate
bus,232.9,1,273.5,mixed,gas,omnivore,mixed,medium,32.6,most,117.9,449.14,moderate
bus,159.9,0,275.0,renewable,electric,omnivore,mixed,low,25.4,some,148.3,295.35,low
cycle,339.2,4,311.8,coal,electric,omnivore,mixed,high,21.9,most,108.1,590.71,high
car_petrol,304.3,2,304.6,mixed,electric,omnivore,mixed,high,13.2,some,72.3,415.24,moderate
bus,283.3,0,218.1,mixed,gas,meat_heavy,imported,high,29.9,most,42.2,510.68,moderate
bus,343.7,0,314.5,mixed,electric,omnivore,mixed,medium,39.6,some,324.3,500.72,moderate
car_diesel,142.9,1,139.4,renewable,electric,vegetarian,mixed,high,31.6,most,127.8,254.91,low
car_electric,450.7,1,129.0,mixed,none,vegetarian,local,medium,38.8,some,68.1,212.51,low
car_diesel,482.6,1,416.4,mixed,electric,meat_heavy,mixed,low,28.4,some,96.4,501.31,moderate
motorbike,503.2,0,361.1,mixed,gas,vegetarian,mixed,high,32.3,most,418.0,527.81,high
train,414.7,1,252.7,coal,none,vegetarian,local,medium,38.7,none,74.9,293.14,low
car_diesel,847.7,1,431.0,coal,gas,vegan,mixed,high,24.2,most,157.6,612.76,high
car_petrol,84.5,4,271.2,renewable,electric,vegetarian,imported,medium,19.3,most,37.4,248.79,low
train,495.3,3,269.5,coal,none,vegetarian,mixed,medium,29.2,some,230.9,436.51,moderate
car_petrol,265.4,0,74.6,coal,gas,omnivore,local,high,35.8,most,198.5,497.66,moderate
train,445.2,4,194.2,coal,electric,omnivore,mixed,high,30.9,some,100.1,528.22,high
car_petrol,409.1,2,174.8,renewable,oil,omnivore,local,medium,21.0,none,103.8,367.27,low
cycle,370.6,1,393.2,coal,electric,vegan,local,high,33.4,none,199.8,422.72,moderate
train,307.9,3,318.2,mixed,gas,meat_heavy,mixed,high,25.5,some,239.4,637.31,high
car_electric,210.4,6,391.6,coal,none,vegetarian,imported,medium,43.5,some,43.9,466.75,moderate
cycle,265.1,2,334.4,mixed,oil,omnivore,imported,high,24.9,some,106.3,577.55,high
car_diesel,415.2,4,375.0,coal,none,omnivore,mixed,low,24.4,some,113.6,506.96,moderate
car_petrol,279.9,2,302.7,mixed,electric,vegan,local,medium,23.4,most,42.3,285.76,low
cycle,205.2,6,120.7,mixed,gas,omnivore,mixed,medium,33.5,some,99.0,467.24,moderate
car_petrol,288.7,3,382.9,mixed,gas,vegetarian,local,low,36.3,most,209.5,470.04,moderate
car_petrol,656.9,4,88.3,mixed,none,meat_heavy,local,high,45.5,some,329.5,598.4,high
train,409.2,2,320.9,mixed,electric,omnivore,local,medium,37.9,some,172.5,456.18,moderate
car_electric,352.4,1,316.4,coal,electric,meat_heavy,local,medium,21.6,some,211.5,561.74,high
car_electric,744.1,2,419.3,renewable,gas,vegan,local,medium,36.6,most,42.1,212.04,low
car_electric,722.1,3,421.4,mixed,electric,omnivore,mixed,low,27.9,some,135.8,482.08,moderate
bus,216.1,0,287.0,coal,electric,omnivore,local,high,24.0,most,107.6,447.29,moderate
car_diesel,311.9,0,427.8,mixed,electric,vegan,local,medium,27.3,none,173.6,337.74,low
car_petrol,1181.8,0,176.9,mixed,none,omnivore,mixed,medium,24.6,none,32.9,483.9,moderate
car_petrol,240.6,0,162.9,renewable,electric,vegan,imported,medium,22.3,most,81.8,178.81,low
car_petrol,471.2,2,200.5,mixed,oil,omnivore,local,high,25.2,most,201.8,533.53,high
bus,320.2,0,192.7,mixed,oil,omnivore,mixed,medium,33.5,some,93.3,388.67,low
car_petrol,1020.2,1,337.4,mixed,gas,meat_heavy,local,high,22.9,none,58.4,643.06,high
cycle,567.4,1,370.9,coal,oil,omnivore,imported,medium,22.9,some,209.5,653.34,high
train,1422.1,1,270.8,mixed,electric,omnivore,mixed,high,18.8,some,63.3,416.79,moderate
train,501.7,0,316.9,renewable,oil,omnivore,mixed,high,34.5,some,166.5,344.4,low
bus,342.1,4,337.7,coal,electric,vegetarian,mixed,low,15.0,some,87.0,487.52,moderate
car_petrol,407.1,3,292.2,mixed,gas,vegan,mixed,medium,36.2,most,103.0,429.79,moderate
bus,337.0,0,359.8,mixed,oil,omnivore,mixed,low,34.9,some,89.1,395.55,low
cycle,124.6,6,355.9,mixed,gas,omnivore,local,medium,40.8,some,108.9,518.57,high
cycle,328.6,0,172.7,mixed,oil,omnivore,mixed,medium,25.2,some,90.7,379.8,low
bus,236.9,2,156.1,coal,none,omnivore,imported,low,34.7,most,91.6,365.79,low
train,253.1,3,292.9,mixed,gas,omnivore,imported,medium,26.4,some,43.0,462.67,moderate
bus,1236.2,3,252.3,renewable,oil,omnivore,mixed,high,39.2,none,368.4,597.78,high
car_petrol,444.4,4,175.1,renewable,electric,omnivore,local,high,3.8,most,64.3,365.09,low
car_petrol,311.6,1,274.3,renewable,oil,vegan,mixed,medium,42.4,most,262.5,301.78,low
motorbike,113.6,1,219.2,renewable,electric,meat_heavy,mixed,low,22.6,most,113.7,311.02,low
bus,208.1,3,290.6,coal,oil,omnivore,imported,medium,40.1,none,71.6,652.63,high
train,300.4,1,256.5,coal,gas,omnivore,local,medium,24.7,some,201.2,538.76,high
car_petrol,294.4,10,199.7,mixed,electric,omnivore,mixed,high,28.0,most,161.1,669.84,high
train,333.5,6,101.9,mixed,gas,meat_heavy,mixed,medium,27.7,most,182.3,606.31,high
cycle,454.6,3,220.0,coal,none,vegan,mixed,medium,28.8,some,82.4,285.45,low
car_petrol,268.7,0,254.9,mixed,electric,omnivore,mixed,medium,22.0,some,224.7,422.67,moderate
car_petrol,597.3,3,262.1,mixed,electric,vegetarian,imported,low,16.6,some,76.7,430.7,moderate
cycle,178.8,1,247.3,mixed,gas,meat_heavy,mixed,medium,39.4,none,125.1,492.38,moderate
car_diesel,499.7,1,226.0,mixed,none,omnivore,mixed,low,16.4,some,279.9,454.64,moderate
car_petrol,583.3,2,337.0,coal,gas,vegan,mixed,high,25.3,some,77.4,544.84,high
train,389.0,0,386.9,mixed,gas,vegetarian,imported,low,40.6,some,76.5,359.17,low
motorbike,300.3,3,157.7,renewable,electric,omnivore,mixed,low,43.7,most,34.9,296.63,low
car_petrol,246.3,0,189.7,mixed,electric,omnivore,mixed,medium,12.7,some,133.3,399.88,moderate
cycle,255.9,2,384.9,renewable,electric,vegetarian,mixed,medium,30.1,none,146.4,288.63,low
cycle,79.9,0,312.8,coal,electric,meat_heavy,mixed,high,2.0,some,90.1,548.67,high
car_petrol,279.5,1,318.3,renewable,electric,omnivore,mixed,medium,4.1,most,293.1,400.65,moderate
bus,369.3,6,163.7,mixed,electric,vegetarian,mixed,low,22.2,some,49.5,378.52,low
cycle,509.9,0,352.8,mixed,oil,omnivore,local,high,32.7,most,220.0,466.01,moderate
car_petrol,274.4,10,183.8,mixed,none,vegetarian,local,low,6.8,none,71.3,426.83,moderate
train,545.0,3,221.1,mixed,gas,vegetarian,mixed,high,42.4,some,59.3,407.65,moderate
car_petrol,144.8,2,371.9,mixed,electric,meat_heavy,mixed,low,27.0,some,27.3,448.71,moderate
car_petrol,448.0,0,350.7,renewable,gas,omnivore,imported,high,30.6,some,121.4,424.56,moderate
car_diesel,252.1,2,199.2,mixed,gas,omnivore,mixed,low,34.3,none,105.6,465.6,moderate
car_electric,526.4,1,314.5,mixed,none,meat_heavy,local,high,49.3,some,131.1,444.42,moderate
car_diesel,448.3,0,341.4,mixed,electric,vegetarian,local,high,13.3,most,103.2,370.2,low
bus,278.9,0,177.5,coal,electric,vegetarian,local,medium,35.3,none,154.3,353.85,low
car_petrol,1046.3,10,468.3,mixed,electric,omnivore,local,high,27.2,some,72.7,765.08,high
cycle,339.4,0,241.2,mixed,electric,omnivore,mixed,low,25.2,most,70.7,316.39,low
train,564.2,2,168.6,renewable,gas,meat_heavy,local,high,37.3,none,163.5,462.26,moderate
cycle,515.2,0,262.3,renewable,gas,vegan,mixed,high,40.5,some,63.1,166.71,low
bus,441.1,4,169.0,coal,oil,omnivore,local,high,13.6,none,151.4,581.41,high
car_petrol,484.4,1,365.4,mixed,gas,vegetarian,local,medium,31.0,some,97.6,471.09,moderate
motorbike,357.7,0,270.3,renewable,gas,meat_heavy,local,medium,14.5,some,79.9,285.4,low
bus,802.5,0,164.5,renewable,oil,omnivore,mixed,low,16.8,none,221.4,362.6,low
car_petrol,192.1,0,307.6,renewable,none,vegetarian,mixed,medium,44.9,none,40.5,225.09,low
car_electric,866.3,2,444.8,renewable,gas,omnivore,mixed,low,41.7,some,34.3,304.49,low
bus,234.8,0,317.3,coal,gas,vegan,mixed,medium,15.7,none,84.8,382.22,low
cycle,1093.3,0,212.5,coal,electric,vegan,local,high,27.7,some,75.8,279.36,low
bus,307.7,0,274.8,coal,electric,vegan,local,medium,48.9,most,246.8,396.31,low
bus,184.6,3,206.5,renewable,oil,omnivore,mixed,low,27.7,some,100.3,308.01,low
car_petrol,533.3,0,270.5,mixed,electric,omnivore,mixed,high,17.1,most,153.3,505.67,moderate
bus,485.9,2,113.4,renewable,gas,meat_heavy,local,medium,31.3,some,61.7,353.59,low
bus,366.9,2,247.5,renewable,electric,meat_heavy,mixed,medium,27.7,some,138.9,403.44,moderate
car_diesel,269.9,0,205.6,mixed,none,omnivore,mixed,medium,41.3,most,140.7,352.79,low
car_petrol,692.6,2,272.1,coal,gas,omnivore,mixed,low,38.6,most,278.1,652.88,high
train,266.3,10,272.6,renewable,oil,omnivore,mixed,high,16.6,none,190.2,535.84,high
car_petrol,1064.0,3,172.5,mixed,gas,omnivore,mixed,high,34.5,some,174.9,715.26,high
car_petrol,351.0,0,214.9,coal,electric,meat_heavy,local,medium,28.9,none,31.0,490.57,moderate
cycle,399.3,2,272.6,renewable,electric,omnivore,local,medium,23.1,some,110.7,265.12,low
bus,312.9,2,194.3,mixed,oil,omnivore,imported,medium,19.8,most,105.1,453.73,moderate
car_petrol,214.6,0,170.3,mixed,gas,omnivore,imported,high,10.4,none,124.2,484.48,moderate
car_petrol,726.3,2,263.1,mixed,oil,meat_heavy,local,high,19.1,some,94.4,658.42,high
cycle,447.6,4,123.2,coal,electric,omnivore,mixed,medium,23.0,most,123.6,431.78,moderate
bus,1148.5,2,368.6,renewable,none,vegetarian,mixed,low,32.3,most,133.5,331.09,low
car_electric,302.2,4,77.1,mixed,gas,omnivore,mixed,medium,34.6,none,51.7,449.77,moderate
train,1092.7,3,323.9,mixed,none,meat_heavy,mixed,low,44.7,some,349.2,579.35,high
car_petrol,400.3,0,280.0,renewable,gas,omnivore,local,high,31.3,some,297.8,437.87,moderate
motorbike,548.0,0,310.1,renewable,gas,vegetarian,mixed,low,42.4,most,136.3,250.87,low
train,525.6,0,62.6,renewable,oil,omnivore,mixed,medium,41.5,most,252.2,344.49,low
car_petrol,286.5,1,246.1,mixed,gas,vegan,local,high,37.0,some,99.9,363.43,low
car_petrol,688.8,2,359.0,mixed,electric,vegetarian,mixed,low,36.0,none,119.5,506.85,moderate
car_electric,511.7,1,258.5,mixed,gas,meat_heavy,local,medium,33.6,none,144.4,486.05,moderate
train,291.3,6,329.3,coal,none,meat_heavy,imported,medium,38.9,most,85.5,638.27,high
bus,223.6,3,378.9,coal,gas,omnivore,mixed,low,29.9,most,63.3,540.25,high
car_petrol,801.0,4,200.4,mixed,oil,vegetarian,mixed,high,28.5,most,196.6,637.76,high
bus,123.2,0,324.9,mixed,gas,meat_heavy,mixed,high,41.9,most,77.3,546.94,high
car_petrol,911.4,4,208.8,renewable,electric,omnivore,mixed,medium,29.6,most,134.2,549.49,high
bus,863.3,0,364.5,mixed,gas,omnivore,mixed,medium,32.0,most,174.3,498.82,moderate
train,795.0,1,296.2,coal,oil,vegetarian,mixed,medium,30.5,most,118.8,488.55,moderate
car_petrol,496.5,0,353.6,renewable,oil,omnivore,imported,high,37.2,most,200.0,472.56,moderate
motorbike,573.0,10,252.8,coal,electric,omnivore,local,high,28.6,most,100.5,679.4,high
train,344.6,3,162.9,coal,oil,vegan,mixed,low,24.4,some,19.7,349.31,low
cycle,631.4,1,329.4,mixed,gas,meat_heavy,mixed,low,33.7,none,46.7,471.09,moderate
train,276.7,6,118.3,mixed,oil,omnivore,imported,low,40.5,none,79.8,532.88,high
cycle,131.3,1,191.1,coal,electric,omnivore,mixed,medium,34.3,some,163.0,429.44,moderate
motorbike,623.3,0,272.5,renewable,none,omnivore,imported,medium,8.0,some,88.1,313.87,low
bus,169.5,10,205.1,coal,gas,meat_heavy,mixed,high,10.4,most,156.6,814.72,high
car_diesel,413.3,1,295.1,mixed,none,vegan,mixed,medium,5.7,none,113.7,263.32,low
motorbike,433.4,1,309.3,renewable,none,vegetarian,mixed,medium,25.7,some,77.9,251.36,low
car_petrol,630.7,1,204.0,coal,none,vegetarian,mixed,medium,15.9,none,15.1,335.53,low
car_petrol,345.6,0,237.8,mixed,electric,meat_heavy,mixed,high,27.5,none,84.2,527.29,high
car_diesel,1119.2,0,277.2,mixed,gas,omnivore,imported,high,11.0,some,42.2,613.77,high
car_diesel,804.9,4,411.9,coal,electric,meat_heavy,local,medium,19.5,some,157.4,742.08,high
train,247.0,2,253.4,mixed,none,omnivore,imported,medium,27.2,most,59.7,351.34,low
car_petrol,1041.7,0,343.7,renewable,gas,omnivore,mixed,high,34.5,some,105.7,499.61,moderate
bus,386.9,0,274.7,renewable,oil,omnivore,mixed,low,29.0,most,67.5,286.86,low
bus,333.3,0,350.3,mixed,gas,vegetarian,local,medium,22.1,some,143.1,355.36,low
car_electric,527.6,0,213.2,mixed,gas,meat_heavy,imported,medium,37.8,none,60.9,553.26,high
car_petrol,636.2,0,308.7,coal,oil,vegetarian,mixed,medium,32.6,most,126.5,608.35,high
bus,750.8,4,267.3,mixed,gas,vegan,mixed,medium,12.9,some,92.1,400.86,moderate
train,567.3,2,303.2,renewable,none,omnivore,imported,low,13.9,most,97.1,291.67,low
bus,552.2,1,229.9,mixed,electric,omnivore,mixed,medium,15.8,some,75.6,398.49,low
car_diesel,627.6,0,380.4,mixed,electric,omnivore,imported,medium,26.9,none,86.5,526.72,high
bus,377.1,0,374.5,mixed,gas,omnivore,imported,low,28.5,some,64.1,480.42,moderate
cycle,667.7,2,138.1,mixed,electric,vegetarian,mixed,medium,28.8,some,76.1,286.96,low
car_petrol,312.9,4,312.9,mixed,gas,omnivore,imported,medium,17.2,some,386.4,731.6,high
car_petrol,701.9,4,320.3,coal,gas,vegetarian,mixed,medium,23.7,some,90.9,673.05,high
bus,120.3,2,278.4,mixed,none,omnivore,mixed,medium,24.4,most,253.7,431.3,moderate
bus,946.7,0,285.2,coal,gas,meat_heavy,mixed,medium,21.5,most,172.4,634.15,high
train,374.0,3,309.4,renewable,gas,vegan,mixed,high,27.1,none,110.1,275.23,low
car_petrol,367.0,1,129.8,coal,gas,omnivore,imported,medium,17.6,most,144.9,551.49,high
car_diesel,640.1,1,108.3,mixed,electric,vegan,local,high,43.1,some,74.0,322.03,low
car_petrol,914.6,1,207.7,coal,electric,omnivore,mixed,low,13.9,most,171.3,642.39,high
car_petrol,403.5,1,266.3,mixed,electric,vegetarian,mixed,medium,35.8,some,111.1,385.2,low
car_petrol,305.6,2,226.1,mixed,gas,meat_heavy,local,low,18.9,none,85.7,472.28,moderate
car_petrol,637.6,0,482.9,coal,electric,vegetarian,imported,low,36.9,none,202.9,599.69,high
train,800.8,1,157.5,mixed,gas,meat_heavy,imported,low,28.7,some,84.3,511.29,high
car_petrol,491.4,0,289.2,mixed,oil,vegetarian,local,high,29.2,some,88.3,413.8,moderate
train,384.6,2,291.0,mixed,oil,omnivore,local,high,46.2,some,173.2,511.99,high
bus,270.7,1,402.6,renewable,electric,vegetarian,imported,high,35.1,some,155.9,323.09,low
car_petrol,787.6,0,325.2,coal,oil,omnivore,mixed,medium,38.0,some,38.7,628.09,high
car_petrol,450.1,2,262.6,coal,electric,vegan,local,medium,47.3,most,69.0,453.2,moderate
bus,1032.1,1,214.1,mixed,oil,vegan,imported,high,32.0,most,44.4,356.97,low
bus,398.7,3,149.9,coal,none,vegetarian,imported,medium,26.5,most,63.1,332.88,low
train,146.4,3,215.0,mixed,gas,vegetarian,mixed,low,48.0,none,220.7,445.81,moderate
train,97.2,6,107.0,coal,gas,omnivore,local,high,2.0,most,260.8,605.59,high
car_petrol,393.8,2,109.2,mixed,gas,omnivore,mixed,low,30.2,some,134.4,486.11,moderate
car_petrol,598.7,6,496.9,mixed,gas,meat_heavy,local,medium,27.9,some,402.1,816.72,high
car_diesel,443.1,4,313.3,mixed,electric,meat_heavy,mixed,high,24.3,most,164.6,622.3,high
train,313.4,4,101.2,mixed,electric,omnivore,imported,medium,28.7,none,154.1,488.21,moderate
car_petrol,420.6,6,360.7,mixed,oil,vegetarian,mixed,high,14.6,some,94.4,528.32,high
car_petrol,256.5,0,394.9,mixed,electric,vegan,mixed,high,30.8,most,174.5,350.86,low
bus,901.7,6,238.6,mixed,gas,meat_heavy,imported,medium,31.3,some,222.9,787.06,high
car_diesel,281.4,1,219.9,mixed,gas,vegetarian,mixed,low,36.3,most,263.9,413.27,moderate
bus,688.3,0,366.7,mixed,none,omnivore,mixed,medium,40.4,none,59.0,376.59,low
car_electric,546.2,3,429.5,mixed,gas,omnivore,mixed,medium,21.3,none,61.7,535.73,high
train,711.1,2,261.1,mixed,gas,meat_heavy,local,medium,48.2,most,163.0,531.43,high
motorbike,242.1,2,228.6,mixed,electric,omnivore,mixed,medium,29.6,most,119.8,413.52,moderate
motorbike,449.4,4,113.1,renewable,electric,omnivore,mixed,high,37.1,some,74.4,385.81,low
motorbike,538.0,3,250.1,coal,oil,meat_heavy,mixed,low,27.4,some,372.0,777.25,high
bus,399.6,3,299.6,coal,gas,meat_heavy,mixed,medium,20.4,most,320.3,765.74,high
train,452.8,0,185.9,mixed,none,omnivore,mixed,medium,24.5,none,178.6,314.76,low
car_petrol,487.9,0,244.1,mixed,gas,omnivore,mixed,low,39.0,none,178.0,500.39,moderate
car_electric,629.8,1,209.0,mixed,oil,vegan,mixed,high,23.9,some,108.3,350.21,low
car_petrol,708.8,3,331.3,mixed,electric,omnivore,local,low,30.6,none,40.4,496.32,moderate
car_petrol,272.3,2,364.7,mixed,electric,vegetarian,mixed,low,50.9,most,112.7,382.67,low
car_electric,627.8,2,174.0,coal,gas,vegetarian,mixed,low,38.8,some,278.8,509.99,moderate
car_diesel,554.5,3,344.8,renewable,gas,omnivore,mixed,high,36.3,none,105.2,483.79,moderate
motorbike,162.5,4,56.0,mixed,oil,vegan,mixed,medium,35.9,some,208.9,385.17,low
car_diesel,355.8,2,259.2,renewable,oil,vegetarian,mixed,medium,30.5,none,112.4,334.3,low
train,458.6,4,376.1,mixed,electric,omnivore,mixed,high,15.7,most,106.9,548.23,high
motorbike,338.9,1,324.0,mixed,gas,vegan,mixed,high,44.6,most,192.8,409.4,moderate
car_diesel,299.9,0,274.1,coal,electric,meat_heavy,imported,high,39.4,none,156.3,708.77,high
car_electric,541.7,2,104.9,mixed,electric,meat_heavy,local,medium,40.3,some,86.8,385.88,low
car_petrol,903.1,3,274.9,coal,gas,omnivore,mixed,medium,36.5,most,242.2,823.04,high
motorbike,755.0,10,298.0,coal,electric,vegetarian,mixed,low,41.2,some,210.7,682.67,high
bus,272.7,4,276.3,renewable,gas,vegetarian,mixed,high,10.8,none,61.3,307.37,low
cycle,928.6,1,321.1,renewable,gas,omnivore,mixed,medium,33.4,most,352.2,386.98,low
bus,477.8,0,303.6,mixed,gas,omnivore,mixed,medium,37.7,some,43.6,385.19,low
car_diesel,587.0,1,440.4,mixed,gas,omnivore,local,low,33.1,most,57.1,442.45,moderate
bus,220.0,1,292.6,renewable,gas,omnivore,mixed,high,21.8,some,193.6,388.2,low
cycle,584.1,0,191.4,coal,gas,vegetarian,local,medium,35.8,most,99.1,337.04,low
train,536.6,1,300.4,coal,gas,omnivore,mixed,low,32.3,some,105.6,512.93,high
car_diesel,500.4,0,321.9,mixed,gas,omnivore,mixed,low,21.0,most,83.4,407.8,moderate
bus,356.9,0,204.9,mixed,gas,vegetarian,mixed,medium,36.2,some,159.7,389.99,low
car_electric,272.2,2,322.1,coal,gas,vegan,mixed,low,28.5,some,57.8,401.83,moderate
car_petrol,484.3,0,159.9,mixed,oil,omnivore,mixed,medium,44.0,some,167.5,551.99,high
train,408.4,0,296.3,mixed,gas,vegetarian,mixed,medium,27.7,none,94.3,337.45,low
bus,341.6,1,143.7,mixed,gas,omnivore,mixed,high,36.2,none,67.2,471.33,moderate
car_petrol,1125.4,2,297.0,mixed,gas,meat_heavy,local,low,21.0,some,102.1,639.64,high
car_petrol,355.4,1,285.1,mixed,oil,omnivore,mixed,medium,24.4,none,136.2,541.4,high
car_electric,456.2,1,277.7,mixed,gas,vegetarian,imported,medium,6.9,most,102.3,374.91,low
bus,312.9,6,323.4,coal,electric,vegetarian,local,medium,30.5,none,86.0,541.84,high
car_diesel,382.7,1,401.6,coal,gas,meat_heavy,mixed,high,44.8,most,99.2,705.87,high
car_petrol,190.7,2,184.2,mixed,electric,vegan,local,medium,29.9,some,138.0,308.81,low
bus,346.1,0,191.9,mixed,gas,omnivore,mixed,low,18.4,some,313.6,438.46,moderate
cycle,298.3,0,136.6,mixed,gas,vegetarian,mixed,medium,31.6,some,254.0,341.75,low
car_electric,570.8,4,250.4,coal,electric,vegan,mixed,high,20.3,none,112.9,433.55,moderate
car_petrol,249.4,0,185.4,mixed,oil,omnivore,local,medium,21.8,none,169.1,412.3,moderate
motorbike,282.0,0,143.6,renewable,electric,meat_heavy,mixed,high,38.6,most,103.4,441.11,moderate
car_petrol,389.8,0,226.0,mixed,none,omnivore,mixed,high,23.1,most,360.8,489.96,moderate
bus,746.7,0,367.5,mixed,gas,meat_heavy,mixed,low,33.0,some,87.9,461.88,moderate
bus,186.6,1,361.0,mixed,electric,meat_heavy,mixed,high,24.6,none,85.4,534.23,high
car_petrol,638.2,2,92.1,mixed,gas,meat_heavy,imported,low,12.9,most,150.5,606.67,high
cycle,454.2,2,262.5,coal,oil,omnivore,local,high,16.0,some,36.5,496.48,moderate
car_petrol,637.0,0,295.7,mixed,gas,omnivore,local,medium,59.1,none,215.8,607.76,high
train,223.1,2,212.7,renewable,none,omnivore,mixed,high,18.8,none,474.3,471.35,moderate
car_petrol,838.8,4,217.0,coal,electric,meat_heavy,local,high,44.2,most,118.5,706.49,high
car_diesel,536.4,2,271.6,mixed,gas,vegetarian,local,low,39.0,none,65.4,455.14,moderate
train,648.6,0,182.9,coal,gas,meat_heavy,local,medium,36.9,most,100.8,502.53,moderate
motorbike,518.3,4,203.5,mixed,oil,meat_heavy,mixed,medium,25.7,none,60.3,548.85,high
car_diesel,648.8,3,369.1,renewable,gas,vegan,local,medium,41.3,some,130.8,354.99,low
train,503.5,0,69.0,coal,gas,omnivore,local,low,37.3,some,41.0,362.65,low
cycle,761.0,0,242.2,coal,electric,omnivore,mixed,medium,20.3,none,72.3,413.31,moderate
bus,523.6,6,235.8,mixed,none,vegan,mixed,high,37.4,some,57.0,345.68,low
bus,168.5,1,255.7,renewable,oil,omnivore,imported,medium,29.7,some,124.6,338.89,low
bus,262.5,1,196.9,mixed,electric,meat_heavy,imported,high,13.2,some,72.8,552.13,high
cycle,375.1,2,315.4,mixed,gas,omnivore,mixed,low,27.5,some,115.4,396.99,low
cycle,255.0,1,262.0,mixed,gas,meat_heavy,mixed,medium,32.8,most,193.8,493.32,moderate
car_electric,831.4,3,234.7,mixed,gas,omnivore,mixed,medium,27.5,some,162.2,494.52,moderate
motorbike,220.8,1,253.0,coal,gas,meat_heavy,mixed,low,31.8,some,88.7,557.64,high
car_diesel,1216.2,3,152.3,coal,gas,vegetarian,mixed,medium,28.8,none,144.4,653.87,high
train,1151.1,10,20.0,coal,electric,vegetarian,local,high,31.9,none,34.1,530.46,high
car_petrol,431.9,2,192.0,mixed,gas,omnivore,imported,medium,43.4,some,116.7,568.96,high
car_diesel,365.7,0,264.5,mixed,electric,omnivore,imported,high,27.8,most,81.4,475.52,moderate
car_petrol,566.3,2,221.6,mixed,gas,omnivore,mixed,high,17.5,none,39.3,520.69,high
train,818.8,0,158.8,coal,gas,meat_heavy,imported,high,20.8,some,95.0,662.62,high
motorbike,398.1,0,242.9,coal,gas,vegan,local,low,36.1,some,153.9,391.27,low
car_diesel,320.9,1,147.7,mixed,gas,omnivore,mixed,medium,35.5,most,161.8,462.61,moderate
cycle,320.9,1,428.9,coal,gas,omnivore,mixed,low,22.7,some,207.8,530.29,high
car_diesel,701.3,2,359.8,mixed,gas,omnivore,local,medium,19.0,some,285.7,599.02,high
cycle,204.8,3,158.4,mixed,electric,vegetarian,mixed,low,33.1,some,170.4,342.45,low
car_petrol,526.2,0,312.9,mixed,electric,vegetarian,mixed,high,11.5,most,145.8,426.44,moderate
car_diesel,693.7,0,197.0,mixed,gas,omnivore,imported,low,36.6,most,247.1,540.86,high
car_electric,352.0,0,340.8,mixed,gas,vegetarian,mixed,medium,24.3,some,208.4,414.83,moderate
bus,701.9,4,222.8,mixed,gas,omnivore,mixed,high,46.6,some,72.2,596.96,high
bus,169.2,10,289.6,coal,gas,omnivore,local,medium,29.9,some,275.4,766.35,high
cycle,366.9,0,178.2,mixed,electric,meat_heavy,mixed,medium,27.4,none,100.9,373.67,low
car_petrol,284.4,3,227.5,coal,oil,meat_heavy,mixed,medium,23.0,some,61.3,619.15,high
cycle,368.7,3,240.2,mixed,oil,omnivore,imported,high,26.7,some,264.1,689.82,high
car_petrol,450.7,1,128.2,mixed,gas,vegetarian,mixed,low,34.2,most,57.0,372.47,low
motorbike,699.0,3,134.6,mixed,none,omnivore,imported,low,40.8,some,69.5,396.1,low
bus,280.8,0,212.6,coal,none,meat_heavy,imported,medium,14.6,some,173.7,451.97,moderate
car_electric,428.8,1,280.8,mixed,gas,omnivore,imported,low,37.8,most,136.2,442.22,moderate
car_petrol,659.5,1,276.7,mixed,electric,vegan,local,low,37.4,none,102.9,389.73,low
bus,590.5,1,248.3,renewable,electric,omnivore,mixed,low,2.0,most,166.6,312.74,low
car_petrol,124.7,6,185.2,mixed,gas,vegetarian,mixed,medium,28.7,some,138.4,449.67,moderate
car_diesel,441.0,0,312.8,mixed,gas,omnivore,local,low,36.7,most,68.1,406.9,moderate
car_petrol,426.7,3,351.4,coal,electric,omnivore,mixed,high,18.3,none,187.3,674.59,high
car_petrol,893.6,2,379.2,mixed,electric,vegetarian,mixed,low,41.2,most,181.4,542.63,high
bus,306.5,2,338.7,mixed,electric,meat_heavy,mixed,medium,14.0,most,141.0,495.95,moderate
cycle,503.8,0,208.6,mixed,electric,vegetarian,mixed,medium,27.0,most,194.6,318.98,low
car_petrol,291.1,0,116.2,coal,electric,vegetarian,mixed,medium,32.9,most,106.6,362.97,low
cycle,271.1,3,258.1,renewable,electric,omnivore,mixed,medium,50.0,none,86.3,312.24,low
bus,504.0,0,258.9,renewable,electric,omnivore,mixed,medium,25.7,most,114.5,300.26,low
motorbike,342.2,3,284.6,mixed,electric,meat_heavy,mixed,low,49.4,none,310.0,638.31,high
bus,373.8,0,319.6,mixed,gas,omnivore,mixed,low,23.8,most,91.2,364.1,low
car_petrol,550.8,0,240.5,renewable,electric,omnivore,mixed,medium,22.2,some,45.3,325.3,low
bus,800.7,6,323.6,renewable,electric,omnivore,local,high,25.7,most,27.9,427.58,moderate
bus,419.3,2,329.2,coal,gas,vegetarian,local,medium,25.8,some,54.4,451.89,moderate
car_diesel,301.4,2,193.8,mixed,gas,omnivore,mixed,medium,29.5,some,87.7,456.28,moderate
motorbike,740.0,1,166.2,mixed,oil,vegan,mixed,high,28.0,most,117.3,409.55,moderate
car_electric,491.2,1,93.3,mixed,gas,omnivore,local,low,22.8,some,19.5,319.11,low
car_electric,506.2,0,268.4,mixed,gas,omnivore,local,high,40.0,some,278.8,538.76,high
bus,271.3,0,220.1,mixed,electric,vegan,local,medium,43.0,some,89.0,258.72,low
cycle,252.7,1,326.0,renewable,electric,vegetarian,local,medium,39.6,some,141.2,227.64,low
bus,482.7,0,297.7,mixed,electric,vegetarian,mixed,medium,24.0,none,165.2,376.16,low
car_petrol,399.2,4,151.6,renewable,gas,meat_heavy,imported,high,27.3,most,147.3,663.79,high
motorbike,313.9,0,505.6,renewable,gas,vegan,imported,medium,31.6,none,42.9,213.04,low
cycle,266.5,1,312.5,coal,electric,omnivore,local,medium,22.5,some,128.2,426.13,moderate
train,374.6,0,223.1,mixed,gas,meat_heavy,mixed,medium,22.1,most,46.2,442.33,moderate
bus,671.0,1,378.7,mixed,electric,omnivore,local,medium,17.9,none,262.5,528.1,high
train,344.8,1,240.2,coal,gas,vegetarian,imported,low,29.7,none,167.4,464.04,moderate
cycle,852.1,4,340.1,mixed,oil,vegan,local,low,31.5,some,142.3,373.5,low
car_petrol,723.9,0,304.0,renewable,none,vegetarian,mixed,high,27.8,none,130.6,376.85,low
car_petrol,762.1,2,238.9,coal,gas,omnivore,mixed,low,21.4,none,241.2,662.67,high
train,717.9,2,128.9,mixed,gas,meat_heavy,mixed,high,37.5,some,209.8,597.31,high
bus,369.4,6,285.6,renewable,gas,meat_heavy,local,medium,48.6,none,59.4,465.07,moderate
car_petrol,317.6,4,322.2,mixed,gas,omnivore,imported,medium,17.9,some,129.8,591.13,high
train,951.6,0,251.2,mixed,electric,omnivore,imported,high,8.2,some,23.0,422.59,moderate
car_petrol,547.5,2,349.0,coal,gas,omnivore,mixed,low,46.0,none,175.0,696.66,high
car_petrol,193.8,0,243.0,mixed,none,omnivore,local,medium,14.4,some,119.4,281.08,low
bus,287.9,3,201.1,mixed,gas,omnivore,local,low,30.9,some,139.2,432.62,moderate
bus,453.3,1,250.0,mixed,gas,vegetarian,local,medium,2.0,some,39.7,306.86,low
motorbike,731.1,0,315.1,renewable,oil,omnivore,local,medium,39.6,none,108.7,358.84,low
car_diesel,170.5,2,287.3,mixed,oil,meat_heavy,mixed,high,19.2,none,186.5,662.69,high
train,656.2,1,375.6,coal,electric,omnivore,mixed,low,40.0,some,89.5,452.62,moderate
motorbike,381.7,6,257.2,renewable,none,meat_heavy,mixed,low,26.0,some,122.6,436.03,moderate
cycle,204.4,0,335.2,mixed,electric,omnivore,local,high,31.3,some,127.6,353.49,low
train,350.8,0,236.7,mixed,gas,omnivore,mixed,high,30.3,most,57.3,420.09,moderate
car_diesel,441.7,0,228.7,mixed,electric,omnivore,mixed,medium,40.7,some,293.7,495.26,moderate
car_electric,157.8,1,205.2,coal,electric,omnivore,mixed,medium,21.2,none,121.8,457.73,moderate
train,494.8,1,384.4,renewable,gas,omnivore,mixed,medium,12.6,some,176.2,312.63,low
motorbike,378.3,2,187.6,coal,none,omnivore,local,medium,9.8,none,183.1,393.09,low
bus,539.7,0,383.9,coal,oil,omnivore,local,medium,55.9,some,207.6,705.54,high
car_petrol,392.6,2,173.7,coal,electric,vegan,local,high,35.8,some,98.3,406.48,moderate
cycle,474.8,2,165.8,coal,gas,omnivore,mixed,low,28.8,some,153.8,485.69,moderate
car_petrol,237.2,2,159.3,coal,oil,vegetarian,local,low,29.6,none,114.0,437.79,moderate
bus,488.9,2,209.1,renewable,electric,omnivore,imported,medium,28.4,some,92.7,347.86,low
bus,525.3,0,119.7,renewable,electric,vegetarian,local,low,20.7,most,129.1,187.31,low
car_diesel,420.0,2,76.7,renewable,electric,vegetarian,local,medium,38.0,some,111.4,276.45,low
car_diesel,272.6,0,260.0,mixed,electric,omnivore,mixed,medium,56.8,some,164.8,463.14,moderate
train,456.8,4,323.9,coal,gas,omnivore,mixed,high,32.6,most,130.5,648.82,high
motorbike,461.8,0,181.5,coal,none,omnivore,mixed,low,16.0,most,203.0,364.08,low
cycle,589.2,0,150.1,mixed,gas,vegan,local,low,46.7,some,148.0,272.3,low
car_petrol,846.0,2,305.0,coal,gas,meat_heavy,local,medium,51.9,some,166.4,859.37,high
motorbike,471.0,0,72.9,mixed,electric,omnivore,mixed,low,36.0,none,104.6,345.82,low
cycle,315.7,3,120.7,mixed,none,vegan,mixed,high,15.2,some,167.4,245.58,low
bus,1246.4,1,378.1,coal,electric,meat_heavy,mixed,high,38.2,most,146.6,714.99,high
bus,460.4,0,321.9,coal,electric,omnivore,mixed,medium,29.6,most,123.0,434.24,moderate
car_diesel,455.0,4,346.6,mixed,gas,meat_heavy,mixed,high,47.1,most,178.5,736.24,high
car_diesel,428.7,0,377.2,renewable,gas,meat_heavy,local,high,44.4,most,123.0,406.89,moderate
train,452.8,2,307.9,coal,none,omnivore,mixed,medium,18.8,some,103.5,379.67,low
cycle,637.7,0,404.6,renewable,none,vegetarian,mixed,medium,14.8,none,264.7,240.95,low
car_diesel,1083.1,1,276.9,mixed,none,vegan,local,low,19.6,most,298.9,462.33,moderate
motorbike,584.2,2,262.6,coal,electric,omnivore,mixed,medium,12.9,some,79.2,502.82,moderate
bus,282.9,6,351.4,renewable,gas,vegetarian,mixed,high,43.4,none,111.0,394.82,low
car_petrol,654.9,6,455.8,mixed,gas,omnivore,mixed,high,28.1,most,68.0,691.71,high
car_diesel,172.4,3,270.9,renewable,gas,omnivore,local,high,38.4,most,169.3,346.46,low
car_petrol,499.3,2,256.2,coal,gas,omnivore,mixed,medium,23.2,some,91.0,663.94,high
car_diesel,267.6,2,328.2,mixed,electric,omnivore,local,low,38.1,most,183.7,450.05,moderate
car_petrol,826.1,3,193.6,mixed,electric,omnivore,imported,low,17.0,some,149.2,566.79,high
car_electric,654.2,2,301.2,renewable,electric,meat_heavy,local,low,28.3,most,62.3,292.83,low
bus,71.1,0,201.9,mixed,gas,vegan,mixed,medium,27.1,none,186.3,329.36,low
car_electric,341.5,0,357.7,coal,electric,meat_heavy,local,medium,35.1,some,145.8,498.26,moderate
car_petrol,457.7,0,233.6,mixed,gas,vegetarian,mixed,medium,12.9,none,205.2,401.43,moderate
bus,353.8,0,372.6,renewable,oil,vegetarian,mixed,low,13.1,some,78.1,200.87,low
bus,1149.3,0,187.1,renewable,gas,omnivore,mixed,medium,9.1,none,122.4,368.01,low
car_petrol,741.0,0,342.7,renewable,gas,omnivore,local,medium,23.8,some,229.9,457.28,moderate
bus,408.1,4,235.5,mixed,gas,meat_heavy,mixed,medium,23.3,none,64.8,522.88,high
car_diesel,299.1,1,467.3,mixed,none,meat_heavy,imported,medium,35.9,some,221.3,612.04,high
train,329.2,1,385.0,renewable,gas,omnivore,mixed,high,23.5,most,226.0,382.86,low
car_electric,349.5,0,322.7,coal,gas,omnivore,local,high,2.0,some,230.7,504.6,moderate
cycle,409.2,0,443.6,coal,oil,omnivore,mixed,medium,32.3,none,166.0,557.93,high
train,379.0,2,368.6,mixed,gas,meat_heavy,imported,medium,40.5,some,89.5,580.93,high
cycle,203.7,0,138.3,mixed,gas,meat_heavy,mixed,medium,33.6,some,120.3,472.5,moderate
bus,733.0,0,367.8,coal,gas,vegan,mixed,medium,23.2,none,99.0,470.01,moderate
car_electric,389.6,3,368.1,coal,gas,omnivore,mixed,medium,33.4,most,23.4,524.77,high
bus,225.4,0,304.9,coal,gas,meat_heavy,mixed,high,31.5,some,71.5,600.16,high
car_petrol,295.8,4,314.3,mixed,oil,omnivore,local,high,37.0,most,270.6,671.8,high
train,847.6,0,288.4,mixed,electric,meat_heavy,local,medium,45.2,none,101.0,388.91,low
car_petrol,332.6,3,380.9,mixed,gas,omnivore,mixed,medium,26.2,some,92.7,485.43,moderate
motorbike,494.8,1,230.3,mixed,gas,vegetarian,mixed,high,28.1,most,135.6,389.03,low
train,373.3,6,171.5,mixed,electric,omnivore,mixed,low,33.4,some,263.5,523.47,high
car_petrol,458.8,1,233.9,coal,gas,omnivore,mixed,medium,15.2,most,196.4,594.04,high
cycle,766.5,0,304.5,mixed,electric,vegetarian,mixed,low,18.5,none,17.2,247.86,low
bus,382.3,1,149.6,coal,gas,meat_heavy,mixed,high,24.2,some,45.7,538.38,high
car_petrol,490.8,0,248.1,mixed,gas,omnivore,local,medium,42.4,some,147.7,452.67,moderate
car_petrol,767.4,0,106.0,mixed,none,meat_heavy,imported,medium,31.4,some,184.5,594.59,high
car_diesel,781.6,3,190.5,renewable,gas,omnivore,local,high,25.4,most,195.6,490.11,moderate
train,977.9,2,160.8,coal,gas,vegan,local,high,24.3,none,54.0,388.1,low
car_diesel,750.3,0,365.1,mixed,gas,vegetarian,imported,medium,19.6,some,126.8,533.36,high
cycle,509.1,2,152.1,renewable,gas,omnivore,imported,medium,20.3,none,156.7,363.56,low
bus,147.4,2,115.6,mixed,gas,omnivore,mixed,medium,30.2,none,99.3,385.81,low
train,992.4,3,209.3,mixed,none,meat_heavy,mixed,high,24.8,none,124.9,513.78,high
motorbike,158.5,1,377.2,mixed,none,vegetarian,mixed,low,3.7,none,96.2,247.19,low
car_petrol,524.7,0,369.1,mixed,none,vegetarian,mixed,low,21.2,some,232.2,427.95,moderate
bus,627.3,1,137.1,mixed,gas,omnivore,imported,low,38.1,some,103.6,476.81,moderate
car_petrol,348.0,3,172.4,coal,electric,meat_heavy,imported,high,13.1,some,120.0,730.16,high
cycle,221.9,2,252.9,mixed,gas,vegan,local,low,28.0,some,103.0,285.15,low
motorbike,255.3,2,221.0,mixed,gas,omnivore,mixed,low,14.2,none,24.8,387.46,low
train,517.9,0,397.2,mixed,gas,omnivore,mixed,low,25.1,some,228.0,463.54,moderate
train,393.5,0,336.4,renewable,gas,vegetarian,mixed,high,40.6,most,97.9,243.23,low
train,446.8,1,140.4,renewable,none,vegetarian,local,low,23.5,none,59.2,152.04,low
car_petrol,546.8,3,237.5,mixed,gas,meat_heavy,mixed,medium,41.8,most,90.6,643.67,high
car_petrol,373.3,2,256.4,renewable,electric,meat_heavy,mixed,medium,12.4,most,92.4,402.65,moderate
car_diesel,500.3,1,328.8,coal,electric,vegetarian,local,low,17.7,some,37.0,436.45,moderate
car_diesel,229.4,1,105.5,mixed,gas,omnivore,mixed,low,31.1,most,82.8,329.04,low
bus,587.7,2,129.5,renewable,gas,omnivore,imported,medium,32.0,some,133.7,398.67,low
car_petrol,516.0,3,217.2,mixed,electric,vegan,mixed,medium,21.0,some,110.1,408.46,moderate
car_diesel,438.4,1,356.3,coal,gas,omnivore,mixed,medium,43.4,most,83.3,585.43,high
car_petrol,241.0,2,323.7,mixed,gas,meat_heavy,local,low,7.8,some,81.1,482.17,moderate
train,355.5,2,224.2,mixed,electric,meat_heavy,mixed,low,33.1,most,148.0,441.1,moderate
car_diesel,379.1,6,127.9,coal,gas,meat_heavy,mixed,low,23.1,none,448.5,858.44,high
bus,118.9,4,219.5,coal,gas,omnivore,local,low,33.9,some,62.9,468.98,moderate
bus,595.6,2,384.5,coal,electric,omnivore,mixed,low,34.2,none,366.6,664.59,high
cycle,299.4,2,291.2,mixed,none,meat_heavy,local,medium,24.6,some,280.1,459.14,moderate
car_petrol,538.9,3,77.8,coal,oil,omnivore,mixed,medium,22.3,some,209.5,668.73,high
bus,252.9,4,344.7,mixed,electric,meat_heavy,imported,medium,35.5,most,39.8,565.24,high
train,259.2,0,204.9,mixed,none,omnivore,local,medium,26.9,none,145.8,262.36,low
train,359.4,1,327.9,coal,gas,omnivore,local,high,19.9,some,97.1,496.19,moderate
cycle,580.8,1,101.9,renewable,gas,omnivore,local,high,22.1,none,213.3,303.24,low
bus,846.6,2,420.3,mixed,gas,vegetarian,local,low,36.8,most,50.3,379.38,low
bus,646.0,0,77.3,coal,oil,omnivore,mixed,medium,23.0,most,128.8,446.44,moderate
car_diesel,447.2,4,189.5,coal,electric,vegetarian,mixed,high,27.2,most,128.5,542.48,high
car_diesel,1081.5,6,241.5,mixed,gas,omnivore,mixed,medium,24.8,some,143.8,704.61,high
car_diesel,321.2,0,76.4,mixed,oil,vegetarian,imported,low,35.0,some,71.9,335.73,low
car_electric,265.4,6,226.5,mixed,electric,meat_heavy,mixed,medium,39.6,some,36.2,592.82,high
motorbike,866.0,2,42.1,mixed,electric,omnivore,mixed,low,19.3,most,103.8,428.04,moderate
car_petrol,368.4,0,356.6,mixed,gas,vegan,local,medium,32.4,some,101.0,354.3,low
cycle,779.5,2,287.2,mixed,none,meat_heavy,mixed,medium,16.5,most,162.2,384.42,low
cycle,376.6,2,183.6,mixed,gas,omnivore,mixed,low,30.2,none,48.6,358.13,low
car_petrol,712.0,1,227.1,renewable,electric,meat_heavy,mixed,high,45.4,none,118.1,575.01,high
bus,354.4,6,157.1,mixed,electric,omnivore,local,medium,5.2,none,61.7,440.53,moderate
train,406.5,1,303.2,mixed,oil,meat_heavy,mixed,low,40.3,most,45.2,483.37,moderate
car_petrol,215.3,2,348.7,coal,gas,omnivore,imported,high,44.6,most,88.5,671.58,high
train,438.8,1,382.9,renewable,gas,omnivore,mixed,medium,25.9,some,185.6,337.6,low
train,473.4,0,265.4,mixed,oil,vegetarian,local,medium,23.8,most,318.1,388.28,low
car_electric,584.4,1,305.9,mixed,gas,vegetarian,mixed,low,25.5,none,169.6,381.6,low
car_petrol,559.9,4,344.2,renewable,none,meat_heavy,imported,low,17.0,some,116.8,502.71,moderate
cycle,580.9,6,233.9,mixed,oil,meat_heavy,mixed,low,37.0,some,41.0,609.86,high
car_petrol,774.3,2,358.2,coal,oil,meat_heavy,mixed,low,30.8,none,148.4,775.14,high
cycle,472.2,1,285.0,mixed,electric,omnivore,imported,high,24.9,none,85.6,484.52,moderate
bus,259.7,0,279.7,coal,electric,vegetarian,imported,low,35.2,none,145.0,408.85,moderate
car_electric,707.7,1,244.3,coal,gas,meat_heavy,imported,high,25.4,none,127.8,738.11,high
car_diesel,267.3,2,186.8,renewable,electric,meat_heavy,imported,low,5.1,most,36.5,378.68,low
bus,150.4,1,183.1,mixed,electric,vegan,mixed,medium,34.8,most,72.0,260.08,low
cycle,262.7,0,320.5,mixed,electric,vegetarian,mixed,high,22.0,some,385.4,388.27,low
bus,490.7,1,256.0,mixed,electric,meat_heavy,mixed,medium,43.2,some,119.6,482.91,moderate
car_electric,380.8,0,319.1,mixed,electric,vegetarian,mixed,medium,16.5,some,216.7,344.89,low
car_diesel,699.7,0,71.0,mixed,none,omnivore,local,medium,38.8,some,129.2,366.35,low
bus,1277.4,2,217.2,mixed,gas,omnivore,mixed,medium,20.5,most,55.3,491.32,moderate
car_electric,557.5,10,199.5,mixed,oil,vegan,local,medium,29.6,some,82.0,483.08,moderate
car_petrol,494.4,0,327.5,coal,oil,meat_heavy,local,low,28.2,none,238.3,719.51,high
car_petrol,875.4,0,217.5,coal,none,meat_heavy,mixed,low,23.6,some,105.4,584.65,high
car_petrol,264.6,3,126.3,mixed,oil,omnivore,local,low,39.4,none,165.3,514.29,high
bus,353.4,2,355.9,renewable,gas,omnivore,mixed,medium,40.6,most,260.3,405.18,moderate
bus,448.9,0,324.0,coal,electric,vegan,mixed,medium,51.7,most,78.7,395.06,low
train,330.6,0,188.8,mixed,gas,omnivore,imported,high,30.1,some,134.2,514.26,high
bus,509.7,3,311.1,coal,gas,omnivore,mixed,low,33.5,some,82.4,551.38,high
cycle,452.3,0,215.5,mixed,electric,vegetarian,mixed,high,22.9,most,76.5,257.04,low
bus,344.8,0,301.0,coal,gas,vegetarian,mixed,medium,45.9,some,57.9,446.79,moderate
car_diesel,392.8,3,274.3,coal,electric,omnivore,mixed,medium,36.3,most,96.8,550.44,high
car_petrol,350.3,2,285.3,coal,oil,vegetarian,mixed,medium,36.8,some,93.6,576.35,high
cycle,459.2,4,75.2,mixed,none,omnivore,local,medium,52.6,none,99.2,370.08,low
car_diesel,326.4,0,345.1,coal,gas,omnivore,local,medium,31.1,some,75.8,487.19,moderate
car_diesel,484.1,2,117.7,mixed,gas,omnivore,mixed,high,22.3,some,129.8,499.77,moderate
car_electric,208.1,1,171.7,mixed,gas,omnivore,mixed,medium,42.2,some,250.0,468.47,moderate
motorbike,230.3,2,311.2,coal,gas,omnivore,imported,high,28.6,most,30.0,592.15,high
car_petrol,515.5,3,290.7,mixed,gas,omnivore,mixed,medium,31.5,none,75.3,553.97,high
car_petrol,514.6,1,322.8,mixed,oil,omnivore,imported,high,26.5,none,177.1,632.94,high
car_diesel,372.4,0,490.5,mixed,none,omnivore,mixed,medium,19.1,none,68.5,375.23,low
bus,357.5,2,431.4,coal,electric,omnivore,mixed,medium,29.2,none,148.8,566.89,high
car_petrol,484.3,1,268.3,renewable,none,meat_heavy,mixed,medium,42.1,some,188.6,465.64,moderate
train,67.5,1,349.0,mixed,gas,vegan,mixed,medium,27.6,most,126.3,315.65,low
car_petrol,283.2,1,222.7,mixed,none,meat_heavy,mixed,medium,34.0,none,107.4,423.22,moderate
car_electric,472.5,0,223.3,mixed,none,meat_heavy,mixed,medium,42.5,most,107.4,349.32,low
motorbike,778.7,0,462.2,coal,gas,meat_heavy,mixed,low,27.9,none,92.3,672.63,high
car_diesel,596.9,1,236.6,coal,gas,vegetarian,local,high,30.8,none,61.0,543.77,high
car_petrol,357.2,0,194.8,renewable,gas,meat_heavy,mixed,medium,23.2,some,146.5,400.92,moderate
car_diesel,522.3,0,143.1,coal,gas,omnivore,imported,low,24.2,some,108.1,519.21,high
train,830.3,0,336.8,coal,electric,vegetarian,imported,medium,30.5,most,217.1,505.07,moderate
cycle,546.7,6,262.0,renewable,none,vegan,imported,high,30.3,some,169.8,302.56,low
cycle,431.4,2,250.1,renewable,gas,vegan,local,medium,9.3,none,155.6,188.49,low
motorbike,508.2,1,375.1,renewable,electric,vegetarian,mixed,low,30.3,most,34.5,237.79,low
car_petrol,683.1,2,138.9,coal,gas,meat_heavy,imported,medium,43.5,some,131.8,785.62,high
car_diesel,236.0,0,274.2,coal,gas,omnivore,imported,medium,32.8,some,210.3,634.42,high
car_electric,884.8,1,236.0,mixed,gas,vegan,mixed,medium,31.6,none,428.6,508.51,moderate
motorbike,466.8,0,323.2,mixed,electric,meat_heavy,mixed,medium,29.1,some,268.8,552.03,high
car_diesel,214.7,2,273.3,mixed,oil,meat_heavy,local,medium,21.4,most,91.9,484.45,moderate
train,605.5,2,360.0,mixed,none,omnivore,mixed,medium,25.1,most,167.0,389.65,low
train,297.5,0,251.9,mixed,gas,vegetarian,mixed,low,42.8,some,202.7,390.84,low
car_petrol,801.3,3,354.3,renewable,gas,omnivore,local,medium,15.1,none,95.3,482.8,moderate
train,178.7,2,262.3,mixed,electric,vegetarian,local,low,42.2,most,96.6,322.07,low
cycle,489.6,1,28.7,renewable,gas,omnivore,mixed,high,27.3,most,80.4,284.42,low
car_electric,272.0,0,168.0,renewable,electric,omnivore,mixed,medium,31.6,most,162.0,282.44,low
cycle,214.0,2,112.7,mixed,electric,omnivore,local,medium,35.5,some,25.7,281.94,low
train,644.7,2,276.2,mixed,gas,omnivore,local,low,23.0,some,95.4,416.55,moderate
motorbike,216.0,1,417.2,coal,gas,omnivore,mixed,low,24.2,none,121.9,597.73,high
train,232.7,4,198.9,mixed,electric,omnivore,local,high,18.8,none,44.0,386.25,low
car_petrol,574.9,2,273.4,mixed,gas,omnivore,mixed,high,44.2,some,98.5,577.0,high
car_petrol,229.7,2,195.6,coal,electric,omnivore,mixed,medium,30.1,most,75.6,453.69,moderate
cycle,565.9,0,43.8,coal,oil,vegetarian,mixed,medium,19.9,most,210.9,370.92,low
motorbike,409.1,1,240.5,mixed,gas,meat_heavy,mixed,low,20.4,none,34.8,464.11,moderate
car_diesel,360.6,0,203.5,coal,gas,meat_heavy,mixed,high,37.0,none,247.7,697.95,high
car_diesel,219.7,0,252.8,renewable,gas,meat_heavy,mixed,low,16.1,most,229.4,361.61,low
bus,220.5,6,150.4,mixed,gas,omnivore,mixed,high,23.8,some,152.9,565.77,high
motorbike,260.1,2,162.1,mixed,electric,meat_heavy,imported,low,31.7,most,125.6,473.0,moderate
car_electric,677.0,0,195.4,coal,gas,omnivore,local,low,24.1,none,149.2,468.13,moderate
car_electric,126.4,4,339.8,renewable,gas,meat_heavy,local,high,29.8,none,62.4,419.03,moderate
train,1181.1,0,237.9,coal,oil,omnivore,mixed,medium,30.8,some,387.9,581.32,high
car_petrol,459.0,2,273.3,mixed,oil,vegan,mixed,medium,20.9,most,275.4,500.12,moderate
bus,511.0,4,194.3,mixed,oil,vegetarian,local,high,22.5,some,77.3,405.94,moderate
car_diesel,333.4,1,296.5,renewable,gas,vegetarian,local,low,31.8,some,223.6,315.34,low
car_petrol,528.8,3,340.7,coal,gas,meat_heavy,local,low,36.9,none,113.6,673.68,high
train,534.5,1,179.8,mixed,gas,meat_heavy,mixed,medium,32.6,some,338.8,562.46,high
cycle,485.4,2,272.7,coal,gas,vegetarian,imported,medium,23.8,some,116.0,489.88,moderate
car_petrol,434.1,1,135.4,mixed,gas,omnivore,imported,high,28.5,most,93.0,533.18,high
car_petrol,1025.3,0,249.6,mixed,gas,meat_heavy,mixed,low,36.6,some,143.6,645.04,high
car_petrol,352.8,2,358.3,mixed,oil,vegetarian,mixed,medium,9.0,some,99.6,438.07,moderate
cycle,512.9,1,244.9,mixed,none,omnivore,mixed,low,39.5,some,125.1,299.78,low
car_petrol,665.3,2,208.4,renewable,electric,omnivore,mixed,low,26.9,some,343.6,589.49,high
train,615.2,1,97.1,coal,electric,omnivore,local,low,14.6,some,111.3,356.43,low
motorbike,472.2,3,106.7,renewable,electric,omnivore,mixed,medium,18.8,most,374.4,496.06,moderate
car_electric,321.1,0,335.9,mixed,oil,meat_heavy,imported,low,19.4,some,197.5,552.13,high
car_electric,251.3,2,199.9,mixed,none,vegetarian,local,medium,31.1,some,133.9,259.52,low
motorbike,640.7,3,180.0,mixed,none,vegan,mixed,medium,16.6,most,66.7,287.54,low
bus,616.5,2,247.3,mixed,electric,omnivore,local,low,23.5,some,91.9,354.91,low
bus,403.5,0,356.2,coal,electric,omnivore,local,medium,31.7,most,123.6,439.23,moderate
train,618.9,1,206.1,mixed,electric,meat_heavy,mixed,low,14.1,some,196.5,441.13,moderate
cycle,493.2,2,263.8,coal,gas,omnivore,mixed,low,16.0,some,261.9,529.55,high
bus,120.1,0,127.2,renewable,gas,omnivore,imported,medium,12.9,none,77.3,274.89,low
train,1012.9,0,127.1,coal,oil,meat_heavy,mixed,medium,47.5,some,130.6,585.33,high
car_petrol,194.6,0,303.0,coal,gas,omnivore,local,high,24.1,none,125.4,487.96,moderate
train,352.8,0,277.2,coal,gas,omnivore,imported,low,22.7,most,102.5,503.64,moderate
cycle,273.5,10,211.8,coal,electric,vegetarian,local,low,27.7,none,108.5,525.42,high
car_electric,364.0,2,480.9,coal,electric,vegan,local,medium,31.9,most,388.8,597.82,high
cycle,527.9,3,31.9,coal,oil,omnivore,local,low,27.6,some,118.7,413.68,moderate
car_electric,454.3,0,105.6,coal,electric,omnivore,mixed,low,19.8,most,135.5,339.13,low
car_diesel,409.9,0,258.5,mixed,gas,vegetarian,local,medium,34.0,most,366.6,468.66,moderate
car_petrol,502.5,0,60.8,mixed,gas,omnivore,local,high,29.4,most,74.1,438.36,moderate
car_diesel,661.5,0,292.9,mixed,gas,omnivore,local,medium,17.8,some,122.6,447.37,moderate
motorbike,219.0,6,185.8,renewable,gas,omnivore,local,medium,31.0,some,37.8,358.3,low
car_diesel,351.6,3,168.6,mixed,gas,vegetarian,imported,medium,43.8,some,293.4,581.31,high
motorbike,291.1,2,194.7,renewable,electric,vegan,local,medium,26.3,most,45.0,175.19,low
bus,1053.4,1,255.7,coal,electric,omnivore,imported,medium,13.0,none,78.7,564.54,high
bus,404.0,0,209.5,coal,gas,meat_heavy,imported,medium,33.1,some,4.2,607.62,high
car_electric,246.8,0,164.6,mixed,gas,vegan,imported,medium,20.3,none,24.2,245.57,low
car_petrol,244.6,0,217.5,coal,gas,omnivore,imported,low,34.7,most,318.7,557.62,high
car_diesel,145.7,0,185.2,coal,oil,vegetarian,local,high,17.1,some,202.2,447.54,moderate
bus,284.6,1,209.9,mixed,oil,omnivore,mixed,medium,6.8,some,86.3,385.55,low
cycle,560.2,1,256.8,mixed,electric,vegetarian,imported,medium,32.7,some,131.2,339.74,low
train,658.4,0,132.6,mixed,oil,meat_heavy,local,medium,31.7,some,31.1,356.53,low
car_petrol,400.3,6,272.7,renewable,gas,omnivore,mixed,medium,25.4,most,277.1,569.24,high
car_petrol,924.9,6,207.8,mixed,gas,meat_heavy,mixed,medium,20.1,some,104.3,757.58,high
car_petrol,867.7,2,191.3,coal,gas,omnivore,mixed,low,27.7,most,122.8,647.14,high
car_diesel,860.5,1,202.9,coal,electric,omnivore,mixed,medium,20.3,none,64.0,562.7,high
motorbike,119.6,0,278.5,renewable,oil,meat_heavy,mixed,medium,27.8,some,326.3,431.96,moderate
car_petrol,399.7,2,307.3,renewable,electric,meat_heavy,local,medium,33.7,some,114.4,476.75,moderate
car_petrol,577.9,10,150.8,renewable,gas,omnivore,local,medium,35.4,some,256.9,611.79,high
train,664.0,1,150.7,mixed,electric,omnivore,mixed,high,52.5,some,206.1,461.51,moderate
car_petrol,493.3,3,207.5,mixed,gas,meat_heavy,mixed,high,32.2,most,267.5,691.74,high
cycle,665.4,0,276.4,mixed,oil,omnivore,mixed,high,25.0,some,255.7,520.88,high
car_petrol,207.3,0,429.1,coal,oil,vegetarian,mixed,high,30.1,none,75.5,596.68,high
car_electric,296.3,1,239.8,mixed,electric,omnivore,mixed,high,28.7,none,168.7,440.16,moderate
bus,532.1,0,289.6,mixed,none,meat_heavy,mixed,low,34.9,some,73.2,451.67,moderate
car_petrol,483.2,0,42.8,mixed,electric,omnivore,local,medium,36.5,none,50.4,359.66,low
car_petrol,373.8,0,166.4,mixed,none,vegan,imported,low,15.0,none,133.7,262.02,low
car_petrol,584.9,1,178.1,mixed,none,meat_heavy,local,low,31.5,some,199.1,449.64,moderate
motorbike,268.0,3,373.8,mixed,gas,meat_heavy,local,medium,37.9,none,50.5,465.44,moderate
motorbike,697.4,4,128.9,coal,gas,omnivore,mixed,high,44.2,some,165.6,616.78,high
motorbike,237.4,4,193.5,coal,gas,omnivore,mixed,low,39.0,none,100.2,544.61,high
car_petrol,531.9,4,349.0,renewable,oil,vegetarian,mixed,medium,15.2,some,81.9,393.56,low
car_diesel,480.2,2,354.6,coal,gas,vegan,local,medium,41.7,some,233.7,561.76,high
cycle,791.1,10,68.2,renewable,electric,meat_heavy,local,high,32.9,most,176.7,533.15,high
car_diesel,132.0,0,81.9,mixed,electric,vegan,local,low,38.4,none,57.2,207.12,low
bus,461.1,0,374.2,mixed,gas,vegetarian,mixed,medium,26.0,most,184.4,363.33,low
car_diesel,656.9,0,335.3,mixed,gas,omnivore,local,low,41.2,most,161.9,440.11,moderate
car_diesel,848.1,2,399.8,mixed,electric,omnivore,mixed,medium,43.5,none,74.2,574.77,high
cycle,549.3,1,315.9,mixed,electric,omnivore,local,medium,41.0,most,19.9,329.99,low
motorbike,513.6,2,258.5,mixed,gas,meat_heavy,mixed,high,20.5,most,18.9,546.45,high
car_electric,314.1,1,307.6,mixed,electric,omnivore,imported,low,35.6,most,313.3,471.62,moderate
bus,292.3,1,503.0,coal,gas,omnivore,mixed,medium,54.6,some,73.4,665.66,high
car_electric,654.7,2,179.8,coal,electric,vegetarian,mixed,high,23.8,some,214.3,474.68,moderate
train,809.8,0,263.6,mixed,none,omnivore,local,low,21.0,most,172.4,305.08,low
car_electric,561.7,0,258.3,mixed,electric,omnivore,imported,low,25.6,most,80.2,374.88,low
bus,1070.1,0,241.7,mixed,gas,omnivore,mixed,low,20.3,most,71.8,445.77,moderate
train,263.5,2,335.7,mixed,gas,vegetarian,local,medium,33.3,some,346.3,462.44,moderate
motorbike,202.7,2,285.9,coal,gas,omnivore,local,medium,27.4,most,83.6,469.69,moderate
cycle,327.4,0,295.6,mixed,oil,omnivore,local,medium,23.5,some,49.3,345.79,low
train,620.9,2,238.1,mixed,gas,meat_heavy,mixed,medium,28.0,none,183.0,487.17,moderate
car_diesel,346.9,0,185.4,mixed,electric,vegetarian,imported,medium,14.4,some,123.1,342.69,low
bus,486.9,1,376.6,mixed,gas,omnivore,mixed,low,33.8,most,67.0,449.29,moderate
bus,594.3,0,235.7,coal,gas,vegetarian,imported,high,29.5,some,131.6,495.49,moderate
bus,206.5,2,241.4,mixed,none,meat_heavy,imported,medium,40.4,some,103.6,512.56,high
motorbike,439.4,4,214.5,coal,electric,vegan,imported,medium,12.0,some,174.6,440.06,moderate
bus,735.8,1,373.7,coal,gas,meat_heavy,local,medium,30.5,most,55.6,591.81,high
car_petrol,1096.2,0,218.7,mixed,gas,omnivore,imported,medium,21.2,some,62.6,598.17,high
car_diesel,567.8,1,342.1,coal,gas,omnivore,imported,high,16.8,none,83.3,688.47,high
bus,351.9,1,182.3,coal,gas,omnivore,mixed,medium,23.2,none,144.2,561.92,high
cycle,194.9,0,28.7,mixed,gas,omnivore,local,medium,32.1,some,38.6,279.06,low
bus,638.7,0,228.8,renewable,none,meat_heavy,mixed,low,35.3,most,151.9,355.41,low
train,131.5,1,252.9,coal,oil,omnivore,mixed,medium,25.7,some,64.6,478.03,moderate
car_petrol,541.3,1,143.2,mixed,electric,meat_heavy,mixed,high,18.5,most,303.6,632.68,high
car_petrol,261.2,1,319.2,coal,electric,vegetarian,local,medium,7.5,some,25.3,394.78,low
car_petrol,581.0,1,49.7,mixed,oil,meat_heavy,imported,medium,14.9,some,74.7,655.25,high
car_diesel,504.4,0,165.1,coal,gas,vegetarian,mixed,medium,41.8,none,139.7,477.0,moderate
bus,738.7,2,321.5,mixed,none,meat_heavy,local,medium,19.2,some,207.3,448.97,moderate
train,404.5,0,211.1,mixed,gas,meat_heavy,mixed,low,29.2,none,236.8,516.3,high
cycle,381.2,2,519.9,mixed,none,meat_heavy,mixed,medium,5.3,most,44.1,392.21,low
motorbike,445.3,6,376.2,coal,none,omnivore,mixed,low,57.4,some,128.8,567.8,high
bus,670.3,0,197.2,mixed,none,meat_heavy,mixed,medium,15.3,most,99.1,384.04,low
car_petrol,580.6,0,155.1,mixed,electric,vegetarian,mixed,high,7.4,none,314.4,432.58,moderate
car_petrol,691.7,4,397.5,mixed,gas,omnivore,local,medium,18.7,some,91.1,588.92,high
train,107.3,2,324.7,coal,gas,omnivore,mixed,low,18.5,most,157.4,537.59,high
car_electric,559.5,0,315.1,coal,gas,omnivore,mixed,medium,32.4,most,88.5,498.25,moderate
car_diesel,949.6,3,387.6,mixed,gas,vegetarian,mixed,medium,32.5,some,155.4,609.42,high
car_electric,449.6,3,282.9,mixed,gas,omnivore,mixed,medium,34.3,some,181.7,453.8,moderate
car_electric,425.7,1,166.6,coal,electric,meat_heavy,imported,low,14.7,some,242.9,567.55,high
bus,224.0,6,329.4,renewable,gas,omnivore,mixed,low,25.7,none,69.6,378.87,low
bus,302.2,10,262.4,mixed,electric,meat_heavy,local,high,17.3,some,56.2,647.35,high
cycle,349.4,0,287.9,coal,gas,meat_heavy,mixed,low,22.2,none,102.1,547.96,high
bus,472.4,2,399.3,mixed,gas,omnivore,local,medium,34.2,some,21.6,434.42,moderate
bus,289.5,1,192.2,renewable,oil,omnivore,mixed,medium,36.8,some,88.2,299.05,low
car_petrol,400.0,0,324.2,mixed,gas,omnivore,mixed,high,43.9,some,49.1,484.01,moderate
cycle,441.4,1,175.8,mixed,oil,vegetarian,local,low,31.0,some,234.2,353.79,low
car_petrol,328.7,0,318.1,mixed,oil,omnivore,local,low,48.0,some,268.6,534.25,high
motorbike,488.5,4,374.4,mixed,gas,omnivore,imported,low,39.3,none,51.5,621.43,high
car_electric,425.2,1,362.3,mixed,none,meat_heavy,mixed,low,31.2,none,224.6,476.43,moderate
car_petrol,1289.0,2,301.4,coal,gas,omnivore,imported,medium,34.2,some,151.4,828.7,high
car_petrol,1093.9,2,214.2,renewable,electric,omnivore,imported,high,16.5,none,93.4,611.22,high
train,637.7,10,182.6,coal,none,omnivore,mixed,medium,19.3,none,181.0,623.62,high
train,396.3,2,190.2,renewable,gas,vegetarian,mixed,low,31.8,most,127.0,243.74,low
bus,364.7,3,329.4,mixed,oil,omnivore,imported,high,27.2,none,174.4,603.92,high
train,374.3,0,250.2,renewable,oil,meat_heavy,imported,low,14.2,none,92.0,394.39,low
car_petrol,233.4,1,293.4,mixed,gas,meat_heavy,local,medium,24.6,some,205.2,487.42,moderate
car_diesel,430.5,1,257.0,coal,gas,omnivore,imported,high,23.4,some,325.8,733.83,high
motorbike,325.2,0,181.2,mixed,gas,meat_heavy,local,low,14.4,some,135.3,388.03,low
car_diesel,368.8,10,209.7,renewable,gas,omnivore,local,low,20.8,some,152.0,514.44,high
train,450.4,1,172.5,mixed,oil,omnivore,imported,medium,22.7,some,104.8,456.64,moderate
car_petrol,623.2,2,109.8,mixed,oil,omnivore,imported,medium,23.1,most,58.1,522.67,high
bus,321.1,2,357.1,coal,electric,omnivore,mixed,medium,21.1,none,143.7,554.31,high
car_petrol,413.0,1,322.3,renewable,none,omnivore,local,medium,24.0,none,50.3,307.28,low
cycle,517.2,0,183.7,mixed,gas,vegetarian,mixed,medium,27.6,most,117.6,287.91,low
car_petrol,1070.4,0,340.9,renewable,gas,meat_heavy,mixed,high,15.7,most,37.5,583.43,high
car_petrol,199.5,4,188.2,mixed,electric,meat_heavy,mixed,low,32.8,some,83.6,505.65,moderate
car_petrol,427.4,2,225.8,mixed,none,meat_heavy,mixed,medium,24.6,some,231.6,555.12,high
cycle,406.1,1,276.6,coal,none,omnivore,mixed,medium,20.7,none,40.6,326.35,low
car_diesel,551.1,6,150.6,mixed,none,omnivore,imported,low,19.6,some,114.9,535.89,high
car_petrol,187.1,2,229.4,renewable,electric,vegan,local,medium,35.0,none,128.1,241.92,low
bus,481.5,3,214.4,coal,gas,omnivore,mixed,high,38.6,some,92.0,548.47,high
car_electric,542.6,3,256.8,mixed,electric,meat_heavy,mixed,medium,29.2,none,172.7,521.61,high
car_petrol,582.6,2,270.0,coal,oil,omnivore,mixed,low,20.0,most,186.2,627.94,high
car_petrol,424.7,2,259.7,coal,gas,omnivore,local,low,19.8,some,228.5,574.95,high
cycle,582.2,3,310.1,coal,gas,meat_heavy,imported,medium,25.9,none,151.3,704.66,high
cycle,654.8,0,397.2,mixed,oil,meat_heavy,mixed,low,21.9,most,179.0,477.53,moderate
train,438.7,0,381.2,mixed,gas,omnivore,imported,low,33.1,none,126.1,459.24,moderate
cycle,688.8,1,154.7,mixed,gas,omnivore,mixed,medium,10.1,most,85.3,349.42,low
bus,312.1,3,237.1,mixed,gas,meat_heavy,mixed,high,39.0,some,162.0,623.06,high
cycle,518.1,4,335.5,coal,electric,vegetarian,local,medium,31.1,none,74.8,412.52,moderate
motorbike,379.6,3,208.3,mixed,oil,meat_heavy,mixed,medium,32.6,none,186.9,615.12,high
train,981.5,1,263.2,coal,gas,meat_heavy,imported,medium,24.1,none,71.6,633.27,high
motorbike,510.7,4,190.5,mixed,electric,omnivore,mixed,high,26.4,some,55.6,459.94,moderate
car_petrol,246.6,4,104.4,mixed,gas,vegan,mixed,high,28.3,some,86.6,386.5,low
car_petrol,165.8,3,330.9,coal,gas,vegetarian,mixed,high,14.6,most,34.9,526.72,high
car_electric,359.7,3,203.2,mixed,oil,omnivore,mixed,high,22.0,some,176.0,488.86,moderate
car_petrol,354.6,0,259.2,mixed,electric,vegan,mixed,high,32.4,some,102.2,320.22,low
car_diesel,278.0,0,432.0,mixed,gas,vegetarian,mixed,medium,20.0,some,130.9,417.75,moderate
motorbike,256.7,1,128.1,mixed,gas,omnivore,mixed,medium,30.5,some,119.3,391.49,low
bus,585.0,0,215.2,coal,gas,vegetarian,mixed,high,17.3,none,214.1,491.62,moderate
motorbike,262.2,1,312.6,coal,gas,meat_heavy,imported,high,14.4,most,63.4,724.09,high
bus,512.4,2,280.9,mixed,electric,vegan,imported,medium,31.4,most,162.3,339.05,low
car_diesel,608.0,0,184.9,coal,electric,vegetarian,mixed,medium,25.6,most,145.9,440.31,moderate
cycle,790.1,2,193.5,coal,none,vegetarian,local,high,33.9,most,192.4,291.03,low
car_petrol,305.2,1,265.1,mixed,oil,omnivore,imported,medium,20.8,most,141.7,470.99,moderate
train,220.2,1,274.4,mixed,oil,meat_heavy,local,medium,28.9,some,191.6,486.9,moderate
train,232.5,1,295.5,mixed,gas,vegetarian,imported,medium,18.8,some,207.4,431.29,moderate
car_petrol,563.2,1,191.5,mixed,gas,vegetarian,mixed,medium,30.1,none,114.6,470.51,moderate
bus,179.3,1,55.8,mixed,none,meat_heavy,local,low,30.4,some,174.9,343.52,low
car_diesel,252.6,0,115.9,mixed,electric,omnivore,mixed,high,48.7,most,71.8,399.96,moderate
car_diesel,519.6,1,281.0,coal,none,omnivore,imported,medium,25.9,none,119.9,498.66,moderate
train,380.0,0,146.0,mixed,oil,omnivore,mixed,high,28.8,some,91.4,436.42,moderate
car_petrol,694.8,3,302.9,mixed,none,vegetarian,imported,high,36.7,some,186.5,570.88,high
train,345.2,3,197.7,renewable,electric,omnivore,imported,medium,27.7,none,78.4,360.56,low
bus,400.0,2,159.3,renewable,gas,meat_heavy,imported,high,26.0,some,40.3,530.78,high
car_petrol,229.6,0,274.4,mixed,electric,omnivore,mixed,high,46.1,some,86.7,463.45,moderate
cycle,1132.8,0,229.0,renewable,gas,omnivore,mixed,medium,23.2,most,94.7,225.43,low
car_petrol,474.8,0,175.0,mixed,gas,omnivore,local,medium,33.0,none,201.6,469.48,moderate
car_petrol,294.9,2,242.7,coal,electric,vegan,mixed,medium,24.8,some,113.4,420.47,moderate
cycle,483.3,3,300.4,mixed,gas,meat_heavy,mixed,medium,30.0,most,112.7,534.71,high
cycle,539.5,0,269.1,mixed,gas,vegan,local,medium,15.9,most,268.8,318.01,low
car_diesel,185.1,3,283.9,renewable,gas,omnivore,local,low,13.0,most,140.5,334.62,low
bus,437.7,0,307.5,coal,oil,omnivore,local,medium,13.0,none,112.2,507.25,moderate
bus,672.6,10,251.4,mixed,gas,vegan,local,high,26.4,most,171.4,522.56,high
bus,432.6,0,445.8,coal,electric,vegetarian,local,low,8.2,none,45.3,404.21,moderate
cycle,579.5,3,224.4,mixed,gas,vegetarian,imported,low,23.9,none,293.5,480.76,moderate
car_diesel,428.6,0,318.6,mixed,none,meat_heavy,local,high,43.6,most,206.4,511.46,high
car_petrol,607.0,2,149.8,mixed,gas,omnivore,imported,medium,34.2,some,126.3,609.44,high
cycle,324.2,1,204.9,mixed,gas,vegan,local,medium,30.8,most,78.8,231.75,low
car_petrol,403.1,0,388.3,mixed,electric,meat_heavy,local,low,34.9,some,57.0,455.63,moderate
car_diesel,240.6,3,105.5,mixed,gas,vegan,mixed,medium,34.1,none,25.8,330.99,low
motorbike,168.9,3,388.6,mixed,electric,omnivore,imported,high,30.3,some,139.1,548.81,high
train,603.7,4,288.3,mixed,oil,omnivore,local,medium,18.8,some,283.1,566.92,high
train,639.8,1,360.2,mixed,oil,omnivore,mixed,high,27.4,some,107.8,495.73,moderate
car_petrol,580.4,0,343.4,mixed,oil,meat_heavy,local,medium,33.1,most,14.1,514.85,high
car_diesel,113.0,2,233.8,mixed,oil,vegetarian,mixed,medium,22.3,some,176.5,420.93,moderate
car_petrol,305.5,0,355.0,mixed,oil,meat_heavy,mixed,medium,37.1,none,100.8,562.26,high
car_petrol,336.1,4,161.6,coal,none,vegetarian,imported,high,35.7,some,177.0,468.66,moderate
car_petrol,601.1,2,126.4,renewable,gas,vegetarian,local,low,34.6,most,223.3,351.75,low
car_electric,546.5,1,217.7,mixed,none,vegetarian,imported,low,32.5,none,164.9,315.33,low
bus,649.2,1,62.8,mixed,electric,omnivore,local,high,34.7,some,172.1,397.48,low
car_petrol,1342.5,0,369.9,renewable,gas,meat_heavy,imported,medium,17.0,some,182.6,700.0,high
bus,571.1,10,373.4,mixed,gas,meat_heavy,mixed,medium,11.0,most,156.4,732.9,high
motorbike,474.4,1,322.5,coal,oil,vegan,mixed,medium,11.4,none,80.7,498.25,moderate
car_petrol,176.0,3,332.4,mixed,none,vegan,mixed,medium,27.5,none,158.7,328.17,low
train,458.1,3,239.0,mixed,gas,vegan,mixed,high,42.1,some,48.3,345.46,low
cycle,663.0,10,341.0,mixed,none,omnivore,mixed,low,35.2,some,113.0,519.44,high
car_petrol,282.7,0,223.7,mixed,gas,omnivore,local,low,28.3,some,112.3,402.56,moderate
car_petrol,516.5,2,241.2,mixed,electric,omnivore,imported,medium,24.4,some,40.2,416.19,moderate
train,542.2,1,132.8,mixed,gas,vegetarian,imported,medium,24.6,most,59.7,324.16,low
train,751.3,4,305.2,mixed,gas,vegan,imported,medium,24.1,none,84.0,373.34,low
motorbike,178.9,0,248.1,coal,gas,omnivore,mixed,low,18.2,some,88.8,463.96,moderate
car_petrol,237.8,0,239.8,mixed,electric,meat_heavy,imported,medium,34.9,most,59.0,465.93,moderate
bus,788.3,10,118.4,coal,electric,vegetarian,local,low,23.4,most,79.5,564.69,high
car_petrol,88.3,0,194.7,coal,electric,omnivore,mixed,medium,26.0,none,7.1,384.02,low
car_petrol,132.2,0,294.4,renewable,none,omnivore,imported,high,20.1,some,183.3,373.47,low
train,612.1,0,349.9,renewable,electric,meat_heavy,local,low,29.3,most,38.2,239.28,low
cycle,795.3,1,293.9,mixed,gas,omnivore,mixed,high,27.3,most,202.7,492.88,moderate
train,823.1,0,236.6,mixed,gas,vegetarian,mixed,medium,26.5,most,62.9,312.51,low
train,222.2,0,263.2,coal,electric,vegan,local,high,18.7,some,169.6,319.39,low
train,258.2,6,335.1,mixed,oil,omnivore,mixed,medium,38.9,most,125.5,582.36,high
train,447.4,2,248.8,coal,gas,omnivore,imported,low,38.2,most,121.4,577.87,high
train,575.4,0,266.7,renewable,electric,vegetarian,imported,medium,27.6,most,140.5,244.82,low
train,268.8,10,235.0,mixed,gas,vegan,mixed,high,18.7,some,128.5,484.92,moderate
car_diesel,191.4,1,367.6,coal,gas,meat_heavy,mixed,medium,25.8,none,39.0,603.01,high
car_diesel,434.1,0,135.0,mixed,gas,meat_heavy,local,medium,17.9,some,99.8,408.25,moderate
car_petrol,925.1,4,124.5,coal,none,vegetarian,mixed,low,26.6,none,130.8,469.33,moderate
car_diesel,452.4,2,333.7,renewable,none,omnivore,mixed,medium,27.8,none,342.4,505.38,moderate
car_petrol,231.3,6,295.7,mixed,electric,omnivore,local,medium,29.4,most,170.1,485.21,moderate
car_petrol,496.0,0,224.9,mixed,gas,meat_heavy,imported,medium,21.4,some,188.0,658.96,high
motorbike,127.6,2,213.2,renewable,gas,omnivore,mixed,medium,27.8,some,80.2,310.25,low
train,485.6,0,334.5,mixed,electric,meat_heavy,imported,high,28.6,none,87.9,513.4,high
car_petrol,601.5,10,322.7,mixed,oil,vegetarian,local,high,7.2,most,140.9,649.79,high
motorbike,344.4,1,263.8,coal,gas,meat_heavy,imported,high,23.4,some,79.1,738.29,high
motorbike,345.7,0,245.2,renewable,electric,omnivore,imported,medium,32.3,some,249.9,394.94,low
car_petrol,723.7,3,272.4,renewable,oil,vegetarian,imported,high,31.4,some,38.4,437.93,moderate
train,316.3,4,116.6,mixed,gas,omnivore,mixed,low,13.9,some,42.1,379.71,low
car_petrol,1105.3,1,309.7,coal,gas,omnivore,mixed,low,32.4,most,72.5,662.44,high
cycle,217.5,0,404.0,mixed,electric,vegetarian,local,medium,21.3,some,70.9,301.98,low
car_petrol,367.5,1,176.8,coal,oil,vegetarian,mixed,medium,28.5,none,170.9,536.89,high
car_petrol,755.9,6,294.2,coal,electric,meat_heavy,local,high,26.7,some,181.7,769.49,high
train,301.1,2,116.3,coal,electric,omnivore,imported,low,24.4,most,148.6,452.26,moderate
cycle,255.1,1,108.3,mixed,oil,meat_heavy,mixed,low,16.8,some,32.8,368.7,low
car_petrol,677.2,3,199.9,coal,oil,omnivore,local,high,30.6,some,49.2,628.81,high
train,418.1,0,322.0,coal,oil,omnivore,local,high,27.7,none,59.5,498.32,moderate
train,290.7,4,395.6,renewable,none,omnivore,imported,medium,31.4,most,56.9,378.71,low
car_petrol,616.5,0,263.4,coal,gas,omnivore,mixed,medium,31.8,most,59.0,584.3,high
cycle,335.7,0,262.7,mixed,electric,omnivore,local,low,18.5,none,114.0,272.63,low
car_diesel,196.6,2,335.6,mixed,electric,omnivore,mixed,low,27.2,most,85.0,415.51,moderate
cycle,195.2,3,259.0,mixed,electric,vegetarian,mixed,high,29.8,some,25.0,344.55,low
bus,204.8,3,343.4,mixed,gas,omnivore,mixed,high,27.5,most,58.7,485.5,moderate
bus,494.3,6,196.9,coal,electric,vegan,local,medium,28.5,most,183.7,447.89,moderate
motorbike,255.2,1,369.4,renewable,gas,meat_heavy,imported,high,27.2,most,121.9,504.21,moderate
cycle,511.1,0,319.6,mixed,electric,meat_heavy,mixed,medium,47.5,most,197.5,476.59,moderate
car_petrol,591.8,6,153.7,renewable,electric,omnivore,local,high,22.7,none,92.8,494.92,moderate
car_petrol,372.4,6,156.6,coal,gas,meat_heavy,mixed,low,43.1,none,140.1,691.12,high
car_electric,621.8,3,376.2,mixed,none,omnivore,mixed,low,34.9,most,26.7,375.07,low
bus,240.8,3,260.6,mixed,gas,omnivore,imported,medium,33.1,some,176.6,587.08,high
cycle,405.5,1,260.2,mixed,gas,omnivore,local,medium,18.7,none,74.4,374.27,low
bus,578.3,3,341.6,mixed,gas,omnivore,mixed,medium,19.5,some,28.1,456.13,moderate
car_petrol,516.1,0,310.1,renewable,gas,omnivore,mixed,high,21.9,none,130.1,411.63,moderate
car_diesel,405.7,0,353.6,coal,gas,meat_heavy,mixed,low,34.7,none,87.8,627.46,high
car_electric,516.7,0,325.8,mixed,gas,meat_heavy,mixed,medium,15.4,some,105.9,489.85,moderate
cycle,449.3,1,361.3,mixed,gas,omnivore,local,low,38.4,most,139.6,430.57,moderate
car_petrol,337.9,1,369.2,coal,gas,omnivore,imported,low,15.8,some,195.5,642.43,high
bus,263.0,1,384.9,mixed,electric,vegetarian,mixed,medium,37.4,some,255.1,425.3,moderate
car_petrol,238.0,2,201.1,coal,gas,meat_heavy,imported,medium,28.3,most,131.3,652.55,high
car_petrol,421.4,0,108.9,renewable,gas,omnivore,mixed,medium,24.4,most,157.6,327.44,low
car_diesel,359.6,0,211.1,renewable,gas,omnivore,imported,low,28.6,some,86.4,348.72,low
car_petrol,613.0,2,188.9,renewable,none,omnivore,imported,medium,28.7,some,39.7,383.73,low
motorbike,901.7,1,325.4,mixed,oil,meat_heavy,mixed,low,20.0,most,54.4,580.7,high
motorbike,726.4,3,162.9,mixed,gas,omnivore,mixed,medium,25.8,some,174.6,520.36,high
bus,264.5,1,331.6,renewable,gas,vegetarian,local,low,22.1,none,108.2,226.76,low
car_petrol,671.2,1,178.7,mixed,oil,meat_heavy,mixed,high,33.3,some,89.9,674.3,high
motorbike,193.0,0,144.3,mixed,gas,omnivore,local,low,36.8,most,107.2,321.5,low
train,369.6,6,438.7,coal,electric,vegan,mixed,low,43.1,some,268.6,619.53,high
car_petrol,640.5,2,157.9,coal,oil,meat_heavy,local,high,27.9,some,88.0,778.82,high
bus,599.1,1,430.7,coal,gas,vegan,mixed,low,25.4,none,308.0,628.37,high
bus,459.2,1,86.8,coal,gas,omnivore,local,high,48.8,some,176.9,559.98,high
cycle,882.8,4,177.0,renewable,none,meat_heavy,local,low,25.0,most,178.1,338.88,low
car_diesel,842.4,3,395.0,mixed,oil,vegetarian,mixed,high,31.0,some,146.0,615.99,high
car_diesel,554.0,2,174.5,coal,electric,omnivore,mixed,high,27.6,none,270.1,657.73,high
car_diesel,278.4,0,242.0,coal,electric,omnivore,local,high,41.7,none,291.2,561.02,high
car_petrol,530.2,1,316.2,coal,electric,omnivore,mixed,medium,17.9,none,134.2,566.17,high
train,596.3,3,303.2,coal,gas,meat_heavy,mixed,medium,24.6,some,102.8,681.59,high
bus,667.3,6,44.5,renewable,none,meat_heavy,mixed,high,40.1,some,299.4,598.21,high
car_diesel,495.7,3,275.4,coal,electric,omnivore,mixed,low,18.4,some,60.3,556.52,high
cycle,365.2,0,192.5,renewable,electric,vegetarian,mixed,low,16.1,most,155.5,185.44,low
train,237.7,2,20.0,coal,gas,omnivore,local,low,18.9,none,189.5,401.34,moderate
bus,150.4,0,267.8,mixed,gas,meat_heavy,mixed,high,43.4,some,85.7,512.45,high
car_petrol,477.4,0,211.7,coal,electric,meat_heavy,imported,medium,29.8,some,100.6,619.86,high
bus,426.2,2,382.1,mixed,electric,omnivore,mixed,low,40.4,none,71.1,469.03,moderate
bus,360.0,2,248.5,coal,electric,vegan,mixed,medium,22.0,none,123.2,378.9,low
car_petrol,511.2,1,309.4,mixed,gas,vegetarian,local,high,18.1,some,66.7,418.37,moderate
car_diesel,372.4,0,199.9,renewable,gas,vegetarian,mixed,medium,27.7,some,42.0,221.01,low
car_petrol,814.9,0,337.2,renewable,none,meat_heavy,mixed,low,20.2,none,79.6,435.29,moderate
cycle,297.6,3,283.0,mixed,gas,meat_heavy,imported,medium,19.1,some,261.3,670.63,high
car_petrol,220.4,3,290.8,coal,gas,vegan,local,high,37.3,most,88.0,458.91,moderate
bus,645.2,0,87.4,mixed,electric,omnivore,mixed,high,25.7,some,118.6,441.77,moderate
car_diesel,492.9,2,225.3,mixed,electric,omnivore,local,high,12.0,some,47.2,414.64,moderate
bus,235.4,2,184.2,mixed,electric,vegetarian,local,medium,29.1,some,63.9,307.57,low
car_petrol,357.7,6,410.7,renewable,gas,meat_heavy,mixed,high,28.3,most,63.4,520.17,high
car_electric,611.5,0,351.1,mixed,gas,omnivore,mixed,medium,22.2,most,260.9,469.16,moderate
cycle,206.4,0,293.1,mixed,gas,omnivore,local,medium,12.0,some,72.3,321.39,low
car_electric,958.1,0,108.9,coal,gas,omnivore,mixed,high,34.5,some,155.9,508.94,moderate
car_electric,605.1,4,128.3,mixed,gas,vegan,mixed,medium,23.7,some,159.7,380.49,low
cycle,695.4,0,278.7,mixed,gas,omnivore,mixed,low,29.8,some,139.3,386.66,low
cycle,569.8,1,246.5,mixed,gas,omnivore,mixed,medium,33.0,some,207.7,411.52,moderate
car_petrol,493.6,2,302.5,mixed,oil,meat_heavy,mixed,medium,18.8,most,42.0,605.54,high
car_petrol,314.8,0,438.5,renewable,oil,omnivore,local,low,38.8,none,100.8,325.65,low
motorbike,591.7,2,198.4,mixed,gas,omnivore,mixed,medium,40.4,most,121.3,506.48,moderate
car_petrol,249.8,0,261.9,mixed,oil,omnivore,mixed,medium,25.4,some,73.6,405.77,moderate
train,180.5,4,217.8,mixed,electric,meat_heavy,mixed,medium,36.1,most,98.7,531.96,high
car_petrol,547.0,4,172.8,coal,electric,meat_heavy,mixed,high,23.0,some,134.6,676.41,high
car_diesel,561.8,0,231.5,mixed,gas,vegan,imported,medium,39.3,some,33.9,330.32,low
bus,785.0,2,259.9,mixed,electric,meat_heavy,local,low,48.9,most,66.0,483.88,moderate
train,335.7,0,421.5,mixed,oil,meat_heavy,mixed,high,19.2,some,336.9,689.38,high
motorbike,498.6,6,474.8,mixed,oil,vegetarian,local,medium,28.3,none,216.7,632.53,high
car_electric,545.2,3,119.2,mixed,gas,vegetarian,mixed,medium,24.1,none,267.2,456.29,moderate
cycle,469.6,2,67.1,coal,electric,omnivore,local,high,31.2,some,12.5,369.44,low
cycle,736.7,2,125.5,mixed,gas,omnivore,mixed,high,14.2,most,98.2,381.36,low
bus,394.0,1,288.5,coal,gas,vegan,mixed,medium,26.1,some,141.6,421.69,moderate
car_electric,835.7,2,392.8,coal,gas,omnivore,imported,medium,15.8,most,167.5,645.69,high
car_diesel,911.0,0,336.3,mixed,none,vegetarian,mixed,medium,39.1,some,135.9,411.28,moderate
train,960.6,3,286.4,mixed,none,meat_heavy,mixed,medium,35.3,most,189.9,493.95,moderate
motorbike,129.3,2,306.3,coal,electric,omnivore,local,medium,27.0,some,113.5,433.29,moderate
car_petrol,104.7,0,123.9,mixed,electric,vegan,local,low,28.5,some,78.2,212.41,low
cycle,713.9,0,233.2,mixed,gas,meat_heavy,local,medium,32.1,some,124.1,412.29,moderate
car_petrol,459.9,1,330.8,renewable,gas,omnivore,local,medium,29.6,none,102.8,367.23,low
car_petrol,255.3,3,346.5,renewable,gas,omnivore,local,medium,29.1,most,109.9,359.62,low
train,634.7,2,327.8,mixed,electric,meat_heavy,local,high,22.9,most,32.1,457.06,moderate
cycle,187.3,0,73.2,renewable,gas,omnivore,mixed,high,36.8,some,87.5,284.53,low
train,573.5,3,478.9,coal,electric,meat_heavy,mixed,low,20.2,most,65.6,646.89,high
car_petrol,1048.0,0,183.2,mixed,gas,vegan,local,low,39.5,some,130.3,491.64,moderate
motorbike,540.0,2,211.3,renewable,gas,omnivore,mixed,medium,23.9,some,111.1,369.7,low
car_petrol,323.7,1,172.3,mixed,gas,meat_heavy,local,medium,41.0,some,126.3,509.31,moderate
car_diesel,502.0,3,158.8,coal,gas,meat_heavy,local,medium,29.0,none,142.4,612.62,high
car_petrol,309.2,0,366.3,mixed,gas,vegan,local,medium,18.1,some,74.7,291.93,low
car_petrol,410.7,2,196.7,mixed,oil,vegetarian,imported,medium,30.2,some,120.0,455.23,moderate
car_petrol,573.1,4,303.1,mixed,none,omnivore,local,low,30.4,none,62.9,447.32,moderate
car_diesel,460.2,4,339.1,mixed,oil,omnivore,imported,low,37.0,most,237.7,636.53,high
bus,378.4,2,199.6,coal,electric,vegan,imported,medium,28.6,some,317.7,483.4,moderate
train,430.2,1,180.5,coal,gas,omnivore,local,medium,38.1,most,84.0,468.41,moderate
car_petrol,153.5,2,386.9,coal,gas,vegan,mixed,high,44.7,some,153.7,576.52,high
bus,591.6,0,315.8,renewable,oil,omnivore,imported,low,22.8,most,87.3,302.32,low
train,568.5,0,370.4,mixed,electric,meat_heavy,mixed,high,36.7,none,96.8,558.23,high
car_diesel,141.0,0,137.0,renewable,none,vegan,imported,medium,25.1,some,77.3,158.04,low
bus,70.2,6,90.8,renewable,electric,omnivore,mixed,medium,30.3,most,310.4,474.71,moderate
car_diesel,994.3,0,180.8,mixed,electric,vegetarian,local,medium,34.6,most,87.3,409.6,moderate
cycle,173.1,1,203.2,coal,gas,omnivore,local,high,20.6,none,81.5,467.09,moderate
car_diesel,497.8,0,306.9,coal,gas,omnivore,imported,medium,12.9,most,56.4,559.42,high
car_petrol,293.4,6,237.8,coal,oil,omnivore,mixed,medium,18.8,none,151.9,605.62,high
motorbike,319.7,1,161.3,mixed,gas,omnivore,imported,medium,31.2,some,104.2,494.51,moderate
bus,263.7,2,194.1,mixed,none,omnivore,mixed,low,38.3,most,113.4,302.89,low
bus,544.2,2,46.3,mixed,gas,vegetarian,local,low,19.1,some,205.8,321.1,low
cycle,463.1,2,276.5,mixed,electric,omnivore,imported,low,36.3,none,222.1,494.72,moderate
cycle,528.3,2,194.2,mixed,gas,omnivore,local,medium,24.6,some,134.6,383.41,low
motorbike,425.7,0,52.7,coal,gas,omnivore,mixed,low,35.3,some,129.2,440.41,moderate
car_petrol,1119.8,0,163.1,mixed,electric,omnivore,mixed,low,27.8,some,145.1,511.84,high
car_petrol,462.8,0,74.0,renewable,gas,meat_heavy,imported,low,40.2,most,154.5,462.01,moderate
car_diesel,461.0,0,437.7,renewable,gas,omnivore,local,medium,33.2,some,324.7,404.75,moderate
car_electric,639.6,1,344.9,mixed,gas,omnivore,mixed,high,39.1,some,261.1,580.08,high
car_electric,253.0,2,76.4,renewable,gas,omnivore,imported,low,39.2,none,118.6,344.73,low
car_petrol,494.6,3,293.5,mixed,oil,vegan,imported,medium,23.6,some,325.5,596.2,high
train,469.5,1,233.5,renewable,gas,omnivore,local,high,31.7,most,168.5,364.13,low
train,419.0,0,139.5,mixed,electric,vegetarian,local,high,27.4,most,230.7,294.47,low
car_petrol,474.3,2,181.9,mixed,gas,meat_heavy,local,high,32.9,none,63.5,539.99,high
car_diesel,809.1,3,171.4,renewable,gas,omnivore,imported,medium,18.2,some,85.3,506.28,moderate
car_electric,420.4,0,253.4,coal,electric,omnivore,mixed,medium,20.9,most,67.3,436.59,moderate
car_petrol,730.6,10,248.4,mixed,gas,vegetarian,imported,low,20.0,none,60.0,653.99,high
car_petrol,356.0,1,251.6,mixed,gas,omnivore,local,medium,32.8,most,50.3,361.87,low
bus,789.9,3,277.4,renewable,oil,omnivore,local,medium,45.2,some,350.3,508.63,moderate
bus,296.8,2,279.2,mixed,oil,meat_heavy,local,medium,10.6,some,120.4,504.84,moderate
car_petrol,493.7,2,152.1,coal,electric,vegan,mixed,high,24.4,some,111.7,431.36,moderate
bus,181.5,0,156.8,mixed,gas,vegetarian,mixed,medium,16.0,most,157.8,327.45,low
car_petrol,1168.7,4,241.2,mixed,electric,meat_heavy,local,low,22.6,some,60.1,665.07,high
car_diesel,337.8,3,295.6,renewable,electric,omnivore,imported,medium,24.2,most,133.6,426.91,moderate
car_diesel,796.5,2,283.9,mixed,gas,vegan,local,medium,29.5,none,199.4,483.6,moderate
train,488.3,1,199.4,mixed,none,vegetarian,imported,medium,10.9,none,135.7,256.35,low
car_diesel,253.8,1,236.8,renewable,electric,omnivore,mixed,medium,36.0,most,66.2,288.8,low
bus,885.5,1,177.5,mixed,gas,omnivore,mixed,low,23.5,none,53.7,433.27,moderate
motorbike,82.7,0,170.5,mixed,electric,omnivore,mixed,high,17.3,most,81.2,362.23,low
bus,482.3,3,281.9,mixed,oil,vegetarian,mixed,medium,34.9,some,166.5,460.05,moderate
bus,613.6,0,326.2,coal,oil,omnivore,imported,high,29.5,none,168.2,725.29,high
car_diesel,652.6,0,172.9,renewable,electric,vegetarian,local,medium,19.8,most,41.3,229.39,low
bus,411.3,3,295.6,renewable,electric,omnivore,local,medium,27.8,some,130.6,348.1,low
cycle,412.3,3,279.1,mixed,gas,vegetarian,mixed,low,35.7,some,120.2,382.49,low
car_diesel,612.8,4,217.7,coal,electric,omnivore,imported,medium,16.0,some,96.7,641.93,high
train,255.3,1,206.7,coal,none,omnivore,imported,low,23.6,some,234.3,427.12,moderate
car_petrol,538.0,6,137.4,renewable,electric,vegetarian,imported,low,31.7,some,176.5,469.43,moderate
car_petrol,227.2,2,345.4,mixed,none,meat_heavy,mixed,medium,15.7,most,298.7,483.78,moderate
car_electric,254.9,0,227.9,coal,gas,omnivore,mixed,low,25.4,none,254.5,490.33,moderate
train,339.2,2,166.4,mixed,gas,omnivore,imported,high,43.1,most,319.4,594.9,high
train,156.5,0,141.1,mixed,gas,omnivore,mixed,low,25.8,most,78.8,318.22,low
train,408.4,1,64.0,renewable,gas,vegetarian,mixed,high,25.4,most,87.6,234.63,low
car_diesel,406.3,0,349.9,mixed,none,meat_heavy,mixed,medium,31.1,most,114.9,437.95,moderate
cycle,260.7,3,322.4,mixed,electric,vegetarian,mixed,low,25.8,none,257.3,408.69,moderate
train,336.6,1,519.5,coal,gas,omnivore,mixed,medium,23.2,most,37.3,514.71,high
cycle,489.3,3,194.4,renewable,gas,vegetarian,local,low,16.9,some,48.0,211.95,low
car_petrol,299.7,1,187.8,coal,electric,meat_heavy,imported,low,27.2,most,143.2,583.1,high
car_diesel,437.4,2,216.9,mixed,gas,meat_heavy,mixed,medium,23.1,some,178.4,601.56,high
train,205.0,3,148.2,renewable,electric,omnivore,mixed,medium,41.3,none,121.5,355.45,low
car_petrol,323.8,0,270.9,mixed,gas,omnivore,mixed,medium,24.4,some,26.6,428.14,moderate
car_electric,714.6,3,318.5,coal,gas,omnivore,mixed,medium,25.6,most,131.6,619.13,high
car_petrol,217.4,3,410.8,coal,gas,vegetarian,mixed,low,2.0,some,53.8,551.99,high
train,862.6,1,183.9,mixed,gas,vegetarian,imported,medium,25.1,most,95.3,368.17,low
car_petrol,228.6,0,272.4,mixed,electric,meat_heavy,imported,low,16.9,most,77.5,487.35,moderate
bus,348.3,0,112.4,mixed,none,vegetarian,local,medium,25.5,most,62.9,165.29,low
car_electric,331.2,2,285.4,mixed,gas,vegetarian,mixed,medium,10.3,some,70.5,347.53,low
car_diesel,384.7,0,113.6,mixed,electric,meat_heavy,local,high,24.3,none,449.3,584.62,high
train,1135.6,2,357.9,mixed,oil,vegetarian,mixed,low,30.0,some,61.0,417.97,moderate
bus,683.2,0,397.5,coal,oil,omnivore,local,medium,31.2,none,175.1,645.69,high
bus,351.1,1,155.8,mixed,gas,omnivore,mixed,low,34.9,most,148.1,418.15,moderate
car_petrol,671.5,1,83.1,mixed,electric,meat_heavy,local,high,27.5,none,147.2,548.93,high
car_diesel,304.0,2,196.7,coal,electric,omnivore,mixed,high,38.7,none,42.7,582.37,high
car_petrol,321.3,1,392.3,mixed,electric,meat_heavy,local,high,23.6,some,91.2,478.97,moderate
train,754.7,1,266.5,mixed,electric,meat_heavy,local,low,28.3,none,72.3,390.93,low
car_diesel,586.8,2,285.3,mixed,electric,omnivore,mixed,low,30.2,some,126.4,497.91,moderate
cycle,710.9,0,275.6,renewable,gas,omnivore,mixed,low,13.5,most,44.5,194.13,low
car_petrol,510.8,2,162.1,mixed,none,vegetarian,imported,medium,31.3,some,158.2,385.38,low
car_diesel,540.5,2,264.2,mixed,gas,omnivore,mixed,high,35.2,some,52.7,524.21,high
bus,118.9,1,224.9,mixed,gas,meat_heavy,local,medium,19.7,none,138.4,445.56,moderate
car_petrol,319.0,6,264.6,renewable,electric,vegetarian,imported,low,21.3,none,194.2,448.38,moderate
car_petrol,276.9,2,203.6,renewable,oil,omnivore,mixed,low,35.5,some,76.6,336.22,low
car_diesel,609.1,0,388.1,coal,electric,meat_heavy,mixed,medium,5.4,some,106.2,574.87,high
train,444.0,0,189.1,coal,gas,omnivore,mixed,high,15.5,none,101.3,479.77,moderate
train,906.4,0,198.0,mixed,gas,meat_heavy,mixed,low,36.9,none,196.6,551.15,high
car_diesel,371.3,1,286.0,mixed,oil,omnivore,local,medium,17.1,some,121.3,416.07,moderate
bus,420.2,2,248.8,mixed,gas,vegan,mixed,medium,38.3,some,424.7,491.92,moderate
motorbike,673.3,0,256.1,mixed,oil,vegetarian,mixed,high,43.1,most,74.0,417.66,moderate
car_petrol,183.1,0,343.2,coal,gas,omnivore,local,high,37.9,most,61.9,535.54,high
car_diesel,389.1,1,156.3,coal,oil,meat_heavy,mixed,medium,28.7,some,126.7,606.33,high
car_petrol,676.0,0,249.9,mixed,gas,omnivore,imported,high,28.6,none,19.7,519.19,high
car_diesel,273.9,3,352.9,mixed,oil,omnivore,local,low,24.1,some,72.0,455.55,moderate
cycle,656.8,2,275.5,mixed,oil,omnivore,local,medium,35.2,some,113.6,404.69,moderate
bus,735.9,1,290.4,renewable,gas,vegetarian,local,medium,40.3,some,56.4,260.89,low
bus,980.8,6,439.3,renewable,gas,omnivore,mixed,low,17.7,most,72.8,416.91,moderate
cycle,354.6,4,197.1,coal,gas,meat_heavy,imported,high,26.6,none,170.2,823.25,high
cycle,232.5,2,279.1,mixed,none,omnivore,mixed,low,2.0,some,116.6,308.89,low
cycle,496.0,3,235.9,coal,electric,omnivore,mixed,medium,15.7,some,191.8,483.61,moderate
motorbike,1067.3,1,277.3,renewable,gas,omnivore,mixed,medium,34.5,some,152.4,408.52,moderate
cycle,731.8,0,357.0,mixed,oil,omnivore,mixed,low,37.6,some,284.8,477.64,moderate
car_petrol,380.8,3,76.6,mixed,gas,omnivore,local,high,26.6,some,46.8,470.52,moderate
train,667.8,6,58.3,mixed,electric,vegetarian,imported,medium,14.1,some,181.7,410.06,moderate
car_diesel,273.7,1,202.6,mixed,gas,vegetarian,mixed,medium,23.8,some,37.3,321.91,low
bus,465.0,2,350.1,renewable,gas,omnivore,mixed,low,24.4,none,50.9,313.42,low
car_petrol,486.9,2,149.2,mixed,gas,omnivore,mixed,high,27.1,none,105.3,484.27,moderate
train,798.0,0,139.3,mixed,oil,vegetarian,mixed,high,27.6,most,114.6,319.43,low
car_petrol,591.2,1,237.6,coal,gas,omnivore,local,low,36.3,most,303.0,640.81,high
car_petrol,897.4,2,305.5,mixed,electric,omnivore,mixed,medium,13.9,some,79.3,510.83,moderate
bus,598.1,0,166.8,mixed,none,meat_heavy,imported,medium,22.1,some,129.0,475.34,moderate
motorbike,595.3,0,251.9,coal,gas,omnivore,imported,medium,27.8,none,176.8,626.76,high
car_petrol,415.0,0,150.1,coal,electric,meat_heavy,mixed,low,32.4,some,326.8,633.53,high
bus,309.0,2,292.9,renewable,gas,omnivore,imported,medium,42.2,most,51.1,383.88,low
cycle,281.6,3,360.3,renewable,electric,omnivore,local,high,29.1,some,288.0,414.1,moderate
cycle,628.7,2,212.7,mixed,electric,vegan,local,low,33.5,most,51.8,219.86,low
cycle,204.6,2,311.7,coal,gas,vegetarian,mixed,medium,31.4,some,93.1,428.99,moderate
car_petrol,654.3,0,283.2,mixed,electric,omnivore,imported,high,17.2,most,72.6,555.07,high
bus,927.6,0,242.4,renewable,gas,meat_heavy,local,high,28.6,none,11.2,378.46,low
cycle,788.5,1,308.9,mixed,electric,vegetarian,mixed,low,26.2,some,96.5,297.65,low
train,534.3,3,349.1,mixed,gas,omnivore,local,high,57.0,none,156.9,554.79,high
bus,401.5,0,317.4,mixed,gas,meat_heavy,imported,high,45.0,some,129.8,738.28,high
car_petrol,288.2,2,257.8,renewable,none,meat_heavy,local,medium,32.1,most,192.7,400.63,moderate
car_petrol,332.2,2,332.5,renewable,gas,omnivore,local,high,28.5,some,85.3,373.62,low
car_petrol,429.6,3,238.4,mixed,electric,meat_heavy,local,low,22.3,some,48.7,457.19,moderate
car_petrol,404.0,2,217.6,coal,gas,vegetarian,local,medium,30.8,some,44.5,474.93,moderate
car_petrol,409.5,0,218.6,mixed,gas,meat_heavy,mixed,low,38.1,none,177.7,568.18,high
train,425.3,1,239.9,renewable,electric,meat_heavy,local,low,35.9,most,143.0,322.53,low
bus,203.1,1,202.9,mixed,none,omnivore,imported,high,25.1,none,106.6,415.87,moderate
bus,410.1,6,191.8,renewable,gas,vegan,local,high,22.3,most,113.4,287.31,low
motorbike,481.5,0,294.1,mixed,electric,omnivore,local,high,29.4,some,65.2,397.34,low
bus,758.9,4,166.8,coal,gas,meat_heavy,imported,medium,43.2,none,100.8,697.09,high
car_petrol,638.9,3,265.3,renewable,electric,meat_heavy,mixed,high,11.0,some,134.1,586.35,high
bus,264.3,0,283.9,mixed,gas,omnivore,mixed,medium,17.5,none,167.4,434.94,moderate
motorbike,609.6,3,170.6,mixed,gas,meat_heavy,imported,low,30.5,some,110.1,578.73,high
bus,299.8,0,211.8,mixed,electric,vegan,mixed,medium,30.0,most,51.6,231.36,low
cycle,303.1,3,211.2,coal,gas,meat_heavy,local,medium,45.5,some,204.3,617.96,high
motorbike,461.4,1,353.6,coal,electric,vegetarian,mixed,medium,25.9,some,151.6,469.89,moderate
train,813.8,0,144.1,coal,gas,meat_heavy,local,high,11.0,none,37.3,473.4,moderate
car_electric,546.5,1,114.2,mixed,electric,meat_heavy,mixed,high,33.0,most,107.5,488.25,moderate
bus,491.3,0,276.4,mixed,gas,omnivore,imported,low,4.0,some,103.9,435.77,moderate
train,349.1,3,405.1,mixed,gas,omnivore,local,medium,24.9,most,33.8,440.03,moderate
motorbike,747.7,1,358.8,mixed,gas,omnivore,mixed,high,20.2,most,87.4,488.97,moderate
cycle,278.2,2,251.6,coal,gas,vegan,local,medium,36.6,none,114.0,441.68,moderate
bus,265.0,0,172.4,coal,gas,omnivore,mixed,high,39.5,some,265.7,616.37,high
car_petrol,178.2,1,140.6,mixed,electric,vegan,mixed,medium,58.1,most,186.8,312.14,low
car_petrol,278.8,0,257.5,mixed,oil,omnivore,mixed,medium,35.7,most,192.2,460.46,moderate
car_petrol,329.6,3,67.9,mixed,electric,omnivore,mixed,low,33.9,some,65.2,366.82,low
bus,140.1,2,402.5,renewable,oil,vegan,local,low,12.3,most,137.9,196.17,low
cycle,263.8,0,270.6,mixed,gas,meat_heavy,mixed,low,25.2,none,44.9,405.16,moderate
car_diesel,250.2,0,141.5,mixed,gas,vegetarian,mixed,low,44.9,none,175.1,375.47,low
car_petrol,830.3,1,307.3,mixed,gas,vegetarian,local,medium,29.5,most,214.2,507.24,moderate
bus,333.9,3,342.3,mixed,electric,omnivore,mixed,medium,41.3,most,60.2,423.11,moderate
car_petrol,708.8,3,329.1,coal,oil,meat_heavy,mixed,medium,18.4,none,197.5,937.17,high
motorbike,161.5,0,169.3,mixed,oil,vegan,mixed,low,17.5,most,142.8,283.96,low
car_petrol,258.2,0,260.8,renewable,electric,vegetarian,local,high,17.9,some,113.1,249.12,low
car_petrol,282.6,0,261.4,mixed,gas,meat_heavy,mixed,medium,25.9,none,163.5,545.74,high
car_diesel,902.3,2,250.1,mixed,electric,vegan,local,medium,23.3,some,139.4,436.82,moderate
cycle,570.1,0,237.1,coal,gas,vegetarian,mixed,low,21.7,none,154.1,398.75,low
car_electric,617.3,2,238.6,mixed,electric,omnivore,imported,medium,30.2,some,105.1,497.56,moderate
motorbike,474.0,1,253.4,coal,gas,omnivore,local,medium,12.9,some,125.7,479.97,moderate
bus,311.4,1,161.8,coal,electric,meat_heavy,local,low,26.3,some,120.0,425.62,moderate
car_petrol,733.1,0,287.4,coal,electric,omnivore,local,high,19.0,none,204.5,597.61,high
bus,525.2,2,298.8,coal,gas,meat_heavy,local,medium,20.1,none,159.1,625.08,high
car_petrol,534.6,1,254.3,coal,gas,omnivore,mixed,low,37.2,most,97.1,635.52,high
train,1266.5,3,452.6,renewable,electric,omnivore,imported,high,25.6,none,24.7,461.3,moderate
car_petrol,262.3,4,319.7,renewable,gas,omnivore,imported,medium,31.9,some,146.4,520.07,high
car_diesel,316.2,4,332.0,coal,gas,omnivore,mixed,low,31.0,none,159.6,650.04,high
car_petrol,484.0,0,251.6,renewable,gas,omnivore,mixed,medium,31.5,none,107.3,369.78,low
car_petrol,379.0,0,244.9,mixed,oil,omnivore,mixed,medium,22.3,some,202.1,530.01,high
motorbike,488.8,3,309.3,coal,electric,vegan,mixed,low,14.4,some,160.0,494.29,moderate
car_electric,856.4,0,248.2,coal,oil,vegetarian,local,low,7.2,most,46.2,405.72,moderate
car_diesel,445.4,0,255.2,coal,gas,vegan,mixed,medium,43.0,some,76.3,436.26,moderate
bus,463.4,3,182.0,mixed,gas,vegan,mixed,medium,22.7,most,200.0,406.38,moderate
car_petrol,407.3,10,282.9,mixed,gas,vegan,local,low,18.5,none,164.3,602.02,high
car_petrol,367.5,6,215.2,coal,gas,omnivore,mixed,low,37.6,some,105.2,687.84,high
cycle,659.2,1,191.6,mixed,electric,omnivore,local,medium,13.4,none,113.4,318.33,low
car_petrol,621.9,3,249.5,mixed,gas,omnivore,imported,medium,22.3,most,42.6,588.88,high
cycle,943.8,1,286.5,mixed,oil,omnivore,imported,high,33.4,most,155.1,495.51,moderate
train,1245.8,0,190.6,mixed,electric,vegan,local,high,15.9,most,119.2,241.58,low
car_diesel,245.8,1,211.3,renewable,oil,meat_heavy,mixed,medium,24.2,some,127.6,412.04,moderate
bus,537.4,6,259.0,mixed,gas,meat_heavy,mixed,medium,18.0,some,191.3,652.3,high
bus,603.0,1,429.1,mixed,none,vegetarian,mixed,high,35.3,some,63.9,363.81,low
car_electric,235.5,3,197.6,mixed,electric,omnivore,mixed,high,22.7,most,237.8,492.83,moderate
car_diesel,387.2,1,218.0,mixed,gas,meat_heavy,mixed,medium,18.6,some,133.9,538.01,high
car_diesel,432.3,2,209.7,renewable,gas,omnivore,imported,low,21.8,some,75.5,367.67,low
bus,658.0,0,353.4,mixed,gas,meat_heavy,local,medium,29.7,none,106.3,430.05,moderate
car_petrol,357.6,0,251.0,mixed,gas,omnivore,mixed,medium,23.6,most,61.5,421.83,moderate
bus,264.9,0,205.4,coal,electric,vegetarian,mixed,medium,42.5,most,103.8,338.48,low
bus,970.8,0,233.9,mixed,gas,meat_heavy,local,medium,37.0,none,145.3,540.72,high
bus,232.5,0,210.2,mixed,oil,meat_heavy,local,low,11.9,some,146.5,373.4,low
cycle,451.7,3,241.9,coal,electric,omnivore,mixed,low,47.1,most,65.5,437.16,moderate
car_petrol,899.7,1,180.6,coal,gas,omnivore,mixed,medium,27.4,none,89.4,616.72,high
cycle,356.0,2,150.8,renewable,electric,vegetarian,mixed,low,46.0,most,116.8,222.27,low
cycle,552.7,0,389.5,mixed,electric,vegetarian,local,medium,31.9,most,282.6,299.88,low
car_electric,534.4,0,229.4,coal,gas,meat_heavy,mixed,high,24.4,some,193.2,619.1,high
car_diesel,257.4,10,366.3,mixed,none,omnivore,mixed,medium,41.3,some,174.1,637.81,high
cycle,229.2,2,208.6,mixed,electric,vegan,imported,low,13.8,some,86.9,242.45,low
motorbike,187.0,10,147.6,mixed,none,omnivore,local,low,27.2,most,158.6,461.6,moderate
motorbike,786.6,0,259.6,mixed,electric,vegetarian,local,low,5.0,most,182.8,363.18,low
car_petrol,660.9,0,289.2,mixed,oil,omnivore,mixed,medium,26.9,most,193.9,548.72,high
car_diesel,330.5,0,224.6,renewable,none,vegetarian,mixed,low,28.4,some,26.3,183.05,low
car_electric,603.6,4,249.1,coal,none,meat_heavy,imported,low,9.6,some,84.8,491.79,moderate
train,533.5,6,131.0,mixed,electric,omnivore,mixed,low,24.7,some,141.2,448.99,moderate
bus,514.6,2,252.6,coal,gas,vegetarian,mixed,high,18.6,some,111.5,515.96,high
car_petrol,708.7,4,259.7,mixed,oil,omnivore,imported,high,47.2,none,120.2,737.27,high
motorbike,503.3,0,288.0,mixed,gas,omnivore,mixed,low,35.7,none,60.5,409.19,moderate
car_petrol,171.7,4,118.7,renewable,oil,omnivore,local,high,32.4,some,45.3,374.26,low
bus,171.8,2,223.9,mixed,gas,vegetarian,local,medium,36.0,most,234.4,387.59,low
train,171.6,1,243.1,coal,gas,omnivore,mixed,medium,19.2,some,95.6,458.93,moderate
cycle,460.5,2,276.9,mixed,electric,meat_heavy,local,low,46.6,none,49.4,476.48,moderate
train,236.0,0,230.0,renewable,gas,omnivore,mixed,low,36.5,most,145.1,282.64,low
car_petrol,193.9,0,155.8,mixed,gas,vegetarian,local,low,7.9,most,51.5,252.22,low
cycle,357.8,3,226.2,coal,electric,vegetarian,mixed,high,36.5,most,70.7,413.98,moderate
bus,366.0,1,131.8,mixed,gas,meat_heavy,local,medium,38.2,some,129.7,447.45,moderate
motorbike,332.6,2,172.1,mixed,oil,omnivore,mixed,low,28.9,none,111.4,471.22,moderate
car_diesel,360.7,2,260.9,mixed,gas,omnivore,imported,low,43.9,some,82.0,521.81,high
cycle,326.7,6,311.5,mixed,none,meat_heavy,imported,low,29.7,most,24.9,494.62,moderate
cycle,618.3,1,275.7,coal,gas,omnivore,mixed,medium,16.7,some,93.9,456.11,moderate
train,386.4,0,326.2,renewable,gas,vegetarian,local,low,28.6,some,177.9,216.54,low
car_petrol,365.9,4,113.8,renewable,electric,omnivore,mixed,low,19.6,some,130.7,414.9,moderate
bus,615.4,4,212.1,renewable,none,omnivore,local,medium,31.9,some,160.3,411.36,moderate
bus,620.4,0,170.3,mixed,gas,vegan,mixed,high,36.7,some,67.7,307.55,low
bus,562.8,0,276.1,mixed,none,omnivore,mixed,medium,32.3,some,61.2,303.15,low
car_petrol,259.8,1,102.8,mixed,oil,vegan,mixed,low,29.0,some,109.8,340.86,low
bus,274.9,0,366.2,renewable,electric,omnivore,mixed,medium,34.2,most,126.6,304.67,low
cycle,449.9,1,271.6,renewable,gas,vegan,local,medium,11.1,none,128.0,161.21,low
train,198.3,4,203.5,coal,gas,omnivore,imported,low,20.7,most,184.3,540.56,high
train,514.9,3,455.9,mixed,gas,omnivore,mixed,low,37.1,some,139.8,530.8,high
car_diesel,643.9,2,187.7,coal,none,meat_heavy,local,medium,14.8,none,236.1,507.29,moderate
bus,386.7,0,277.8,coal,electric,meat_heavy,local,high,30.0,none,144.2,553.16,high
cycle,714.8,3,344.5,mixed,oil,vegetarian,local,low,46.4,most,93.3,376.05,low
motorbike,420.8,0,396.1,mixed,oil,omnivore,mixed,low,33.9,some,183.5,500.23,moderate
car_diesel,261.0,2,362.0,coal,oil,vegan,mixed,low,41.4,none,162.7,558.26,high
cycle,414.6,0,231.7,coal,oil,meat_heavy,local,medium,42.0,none,198.9,531.59,high
train,213.8,4,450.9,coal,gas,vegetarian,mixed,medium,33.0,some,81.2,570.46,high
car_electric,451.0,1,336.1,renewable,oil,omnivore,mixed,medium,32.3,some,260.0,377.83,low
train,180.1,0,264.2,mixed,none,meat_heavy,local,medium,27.9,some,162.8,351.87,low
bus,717.7,0,277.3,mixed,none,meat_heavy,local,medium,20.6,most,222.1,380.21,low
car_diesel,230.7,1,215.5,mixed,gas,meat_heavy,imported,medium,41.3,some,149.4,607.65,high
bus,400.5,1,274.7,mixed,gas,omnivore,local,medium,25.1,some,37.1,392.67,low
motorbike,364.8,2,72.0,renewable,oil,omnivore,local,high,28.9,none,154.6,366.47,low
cycle,283.3,2,362.9,mixed,none,vegetarian,mixed,high,39.0,none,142.7,354.63,low
car_electric,298.1,1,206.0,mixed,gas,omnivore,mixed,low,37.1,most,81.2,371.45,low
cycle,349.3,6,337.1,coal,electric,omnivore,mixed,high,19.5,some,144.8,641.75,high
car_petrol,552.2,2,149.5,mixed,gas,omnivore,mixed,medium,36.3,some,31.2,476.16,moderate
car_diesel,238.3,2,271.5,mixed,oil,omnivore,local,medium,35.4,most,164.9,456.59,moderate
train,628.0,3,213.3,mixed,electric,meat_heavy,mixed,medium,39.1,some,66.0,462.56,moderate
car_petrol,374.8,0,305.2,renewable,electric,vegetarian,imported,high,16.6,some,99.9,273.16,low
cycle,515.4,0,349.6,coal,oil,omnivore,mixed,high,18.6,some,112.3,612.11,high
cycle,318.3,3,194.4,coal,gas,meat_heavy,mixed,medium,10.8,some,221.3,657.22,high
cycle,200.7,3,204.6,coal,gas,vegetarian,mixed,medium,12.4,most,225.3,466.91,moderate
bus,458.4,3,168.9,mixed,gas,vegan,imported,medium,24.2,most,18.3,320.71,low
cycle,564.9,4,203.9,mixed,gas,meat_heavy,mixed,low,13.9,most,193.3,469.15,moderate
car_electric,1155.5,1,224.7,coal,electric,omnivore,mixed,high,24.6,some,72.3,505.54,moderate
bus,495.7,3,266.5,mixed,gas,vegan,imported,medium,37.4,some,96.6,390.08,low
car_diesel,468.9,0,476.0,renewable,electric,omnivore,mixed,medium,39.2,none,230.2,442.77,moderate
motorbike,522.7,10,210.9,renewable,electric,vegan,mixed,low,11.0,some,156.5,416.63,moderate
motorbike,900.2,1,175.1,mixed,gas,meat_heavy,mixed,medium,19.2,none,32.1,491.79,moderate
bus,1090.5,0,260.2,coal,oil,meat_heavy,mixed,low,20.8,most,126.1,592.54,high
train,207.5,0,395.1,coal,electric,vegetarian,mixed,medium,36.9,most,57.5,368.43,low
train,950.2,3,314.7,coal,gas,omnivore,local,medium,16.4,some,153.5,596.19,high
train,493.3,2,319.6,renewable,electric,omnivore,local,high,32.3,none,107.9,339.95,low
car_electric,706.8,1,147.9,mixed,oil,vegetarian,mixed,medium,14.5,none,227.3,404.28,moderate
car_petrol,132.6,2,259.7,coal,oil,vegetarian,local,medium,28.2,none,157.6,572.18,high
bus,359.1,2,310.6,mixed,gas,vegetarian,mixed,high,44.5,most,53.4,388.28,low
car_petrol,579.7,0,281.0,renewable,gas,omnivore,local,medium,35.1,some,53.6,340.5,low
car_petrol,123.8,1,200.8,coal,gas,omnivore,mixed,high,20.2,most,78.7,527.72,high
cycle,568.4,10,356.7,mixed,gas,meat_heavy,mixed,medium,23.3,none,143.1,685.28,high
cycle,461.7,2,205.8,mixed,electric,meat_heavy,imported,high,13.3,some,175.2,572.23,high
car_petrol,898.1,3,261.2,mixed,electric,omnivore,mixed,medium,23.4,some,195.0,599.77,high
motorbike,594.6,0,20.0,mixed,gas,vegan,local,high,22.0,some,112.1,258.0,low
bus,412.7,3,154.1,renewable,gas,omnivore,local,high,38.1,some,132.0,386.8,low
car_electric,384.5,0,177.4,coal,gas,omnivore,local,low,44.5,some,73.6,373.88,low
car_petrol,526.4,2,220.9,mixed,none,meat_heavy,imported,medium,11.2,some,68.5,502.68,moderate
train,138.3,0,235.5,coal,gas,meat_heavy,mixed,low,46.8,some,279.2,616.21,high
bus,443.6,0,99.7,coal,none,omnivore,mixed,low,21.6,most,281.9,369.44,low
cycle,679.8,2,309.0,coal,gas,omnivore,local,medium,18.2,some,69.7,476.06,moderate
bus,431.2,3,251.2,coal,gas,omnivore,imported,low,34.6,some,99.1,606.66,high
car_petrol,743.1,1,324.9,mixed,oil,omnivore,mixed,high,13.4,some,109.6,615.33,high
cycle,226.0,2,120.5,mixed,gas,vegetarian,imported,high,7.5,none,331.7,476.2,moderate
car_diesel,906.3,0,187.0,renewable,gas,omnivore,mixed,low,2.0,most,97.0,352.45,low
car_petrol,303.0,6,315.5,mixed,gas,meat_heavy,mixed,medium,29.2,some,182.6,669.8,high
cycle,245.2,10,212.4,coal,electric,omnivore,mixed,medium,14.6,some,60.5,581.7,high
train,394.6,3,334.1,renewable,gas,vegan,imported,medium,25.4,some,254.1,323.28,low
car_petrol,302.5,4,189.2,mixed,gas,vegetarian,mixed,medium,16.7,most,116.9,415.78,moderate
car_petrol,432.8,2,169.8,coal,oil,vegan,mixed,medium,35.0,some,119.1,490.18,moderate
train,230.6,3,288.7,mixed,electric,omnivore,mixed,medium,35.6,some,110.6,413.87,moderate
car_electric,600.5,2,315.5,mixed,electric,omnivore,local,medium,15.4,some,82.4,341.47,low
train,389.5,1,375.5,coal,electric,vegetarian,mixed,low,12.5,most,45.4,392.53,low
car_diesel,447.8,2,132.0,coal,gas,vegetarian,mixed,high,24.9,some,91.6,506.79,moderate
car_petrol,87.7,4,20.0,mixed,gas,meat_heavy,mixed,low,23.4,most,96.8,414.57,moderate
car_electric,463.1,0,177.8,renewable,gas,omnivore,mixed,low,20.3,some,122.3,273.47,low
car_petrol,222.2,2,342.2,mixed,none,omnivore,imported,medium,26.1,some,128.7,471.33,moderate
motorbike,220.8,2,441.8,renewable,oil,vegetarian,mixed,medium,23.0,most,81.3,247.92,low
car_petrol,653.2,0,99.4,mixed,none,omnivore,mixed,medium,24.5,some,149.1,429.26,moderate
car_petrol,367.1,0,393.1,coal,oil,vegetarian,mixed,low,29.8,none,171.9,621.75,high
car_diesel,408.0,2,288.7,coal,electric,vegan,imported,high,22.6,some,229.4,533.37,high
car_petrol,434.8,1,330.6,renewable,none,meat_heavy,mixed,medium,42.0,most,154.4,431.65,moderate
car_petrol,378.6,2,264.9,mixed,none,omnivore,imported,low,18.7,some,266.5,459.8,moderate
car_petrol,562.6,4,274.4,coal,electric,vegan,local,medium,17.1,none,36.9,425.35,moderate
cycle,1012.0,10,457.9,mixed,oil,omnivore,mixed,medium,24.3,some,186.5,668.15,high
car_diesel,968.3,3,350.7,coal,none,omnivore,imported,low,28.7,some,91.0,616.78,high
car_diesel,1400.9,0,302.2,mixed,oil,vegan,imported,medium,20.5,some,135.3,577.01,high
bus,462.3,2,226.6,renewable,electric,omnivore,imported,high,25.6,none,80.0,434.62,moderate
car_diesel,724.2,4,101.6,renewable,gas,vegetarian,mixed,medium,31.7,none,232.1,461.74,moderate
car_petrol,414.2,3,20.0,mixed,oil,omnivore,local,low,38.5,most,14.7,435.18,moderate
train,329.4,1,296.0,mixed,gas,vegan,imported,high,23.8,none,151.8,378.19,low
cycle,366.6,0,294.3,renewable,electric,meat_heavy,local,high,15.2,some,315.1,402.36,moderate
motorbike,292.8,2,213.5,coal,gas,meat_heavy,mixed,medium,26.0,most,183.7,608.63,high
train,365.8,0,217.2,renewable,gas,omnivore,mixed,low,25.7,some,296.5,335.86,low
car_petrol,119.3,0,244.1,coal,gas,omnivore,local,medium,33.2,most,127.0,452.71,moderate
car_electric,587.5,0,296.6,mixed,gas,meat_heavy,mixed,medium,18.2,some,155.2,484.36,moderate
car_diesel,696.0,0,278.9,renewable,oil,omnivore,local,medium,26.5,some,300.4,423.17,moderate
train,871.0,2,251.0,coal,gas,meat_heavy,local,high,35.3,most,109.8,544.35,high
bus,639.7,3,416.1,mixed,electric,omnivore,mixed,low,10.5,some,135.5,515.46,high
cycle,761.0,0,283.2,mixed,none,vegetarian,local,medium,54.9,most,173.0,262.29,low
train,682.4,0,286.4,renewable,gas,omnivore,mixed,high,36.8,none,73.8,362.02,low
train,649.0,2,352.4,mixed,none,omnivore,mixed,high,25.4,some,88.1,423.13,moderate
bus,374.4,0,259.3,coal,oil,omnivore,local,medium,20.2,some,132.8,450.8,moderate
car_diesel,719.2,0,202.8,coal,none,vegan,local,medium,32.0,most,68.3,286.61,low
car_petrol,703.2,3,303.1,mixed,gas,meat_heavy,mixed,low,30.6,some,117.5,638.49,high
car_diesel,226.2,10,370.8,mixed,electric,omnivore,mixed,low,30.3,some,78.8,575.48,high
cycle,354.9,0,285.9,mixed,gas,omnivore,mixed,low,51.0,some,64.9,360.26,low
car_petrol,416.7,3,247.3,mixed,none,omnivore,mixed,low,35.6,some,56.9,390.73,low
car_petrol,426.9,2,314.6,mixed,gas,meat_heavy,imported,medium,30.2,some,119.4,647.05,high
car_petrol,456.8,3,388.6,mixed,gas,vegan,local,high,23.9,some,150.2,505.44,moderate
car_petrol,275.7,1,428.2,mixed,electric,vegetarian,local,medium,32.2,some,115.1,398.62,low
train,424.1,1,413.6,coal,none,vegetarian,imported,medium,30.1,some,87.7,369.0,low
bus,536.8,2,110.0,coal,oil,meat_heavy,mixed,medium,28.8,none,74.9,520.53,high
car_petrol,816.3,1,280.5,mixed,none,meat_heavy,local,high,29.1,some,98.2,582.85,high
car_petrol,416.5,1,388.0,renewable,none,meat_heavy,mixed,low,9.4,none,57.1,324.71,low
motorbike,403.2,2,159.3,mixed,gas,omnivore,mixed,high,34.9,most,346.0,577.33,high
car_electric,497.9,0,322.7,mixed,none,omnivore,local,high,3.1,most,168.1,291.98,low
motorbike,197.0,0,290.6,mixed,electric,omnivore,mixed,medium,32.0,most,71.4,342.21,low
bus,803.1,4,232.7,coal,electric,vegetarian,local,medium,41.5,some,94.6,453.37,moderate
cycle,359.2,2,230.8,renewable,none,omnivore,local,medium,16.6,some,115.7,271.04,low
bus,649.8,2,187.2,renewable,oil,omnivore,imported,medium,6.0,none,145.4,455.6,moderate
bus,143.9,1,306.9,mixed,oil,omnivore,mixed,medium,23.7,some,292.4,551.93,high
bus,567.1,1,167.8,mixed,electric,omnivore,imported,medium,26.6,some,24.0,432.98,moderate
car_diesel,121.2,0,211.3,mixed,gas,omnivore,local,medium,26.6,none,177.8,435.24,moderate
car_petrol,382.0,0,210.1,renewable,oil,vegan,local,high,42.7,most,130.8,255.87,low
car_petrol,537.3,1,166.6,mixed,electric,omnivore,local,medium,12.5,some,97.5,461.22,moderate
motorbike,679.0,2,282.5,mixed,electric,meat_heavy,mixed,medium,9.3,none,40.6,486.29,moderate
car_diesel,1087.2,0,155.1,mixed,electric,omnivore,mixed,medium,11.9,most,93.5,474.77,moderate
cycle,474.1,3,176.9,mixed,gas,omnivore,mixed,high,17.6,none,125.9,419.51,moderate
car_diesel,512.1,6,283.1,mixed,oil,omnivore,imported,medium,35.6,some,69.4,602.1,high
cycle,236.8,4,277.4,mixed,gas,vegetarian,imported,medium,24.1,none,53.3,405.09,moderate
train,463.5,0,271.3,coal,gas,vegan,mixed,low,27.4,some,106.6,409.97,moderate
car_petrol,482.0,3,275.8,coal,gas,vegan,local,low,19.5,none,103.3,446.79,moderate
motorbike,310.8,0,238.9,mixed,none,vegetarian,mixed,medium,18.8,none,127.8,253.73,low
car_diesel,421.0,4,114.8,mixed,gas,omnivore,local,high,26.5,none,275.6,592.05,high
bus,492.0,0,62.6,mixed,electric,meat_heavy,imported,high,24.1,some,148.3,535.82,high
motorbike,483.6,3,174.6,mixed,none,omnivore,local,medium,43.8,most,288.8,400.46,moderate
cycle,493.8,0,217.2,mixed,gas,omnivore,imported,high,34.2,most,108.2,482.63,moderate
bus,297.6,4,307.1,mixed,gas,omnivore,mixed,medium,26.0,none,50.1,501.26,moderate
car_petrol,620.4,1,220.3,mixed,gas,omnivore,local,low,24.0,some,146.4,473.9,moderate
bus,615.7,2,195.6,coal,gas,vegetarian,local,low,38.9,some,367.9,452.75,moderate
cycle,471.2,2,305.4,coal,electric,omnivore,mixed,medium,24.1,some,115.8,469.72,moderate
car_petrol,438.8,0,189.9,coal,electric,omnivore,mixed,high,34.4,some,66.4,509.69,moderate
bus,556.9,0,280.2,coal,gas,omnivore,imported,high,39.4,some,105.1,665.35,high
car_diesel,134.6,0,263.1,coal,none,vegan,imported,low,8.8,some,28.6,194.98,low
train,454.7,1,139.1,coal,gas,vegetarian,local,medium,34.8,most,62.3,340.95,low
motorbike,262.1,2,314.8,coal,gas,omnivore,mixed,medium,31.8,some,50.5,558.15,high
bus,228.4,2,398.1,coal,gas,omnivore,mixed,medium,27.3,some,297.6,678.63,high
train,332.1,0,246.2,mixed,gas,vegan,imported,high,42.0,most,120.4,297.82,low
car_petrol,359.0,0,286.6,coal,electric,vegetarian,local,high,30.1,none,81.2,436.44,moderate
car_diesel,201.1,0,332.4,coal,electric,omnivore,mixed,high,20.9,some,23.6,476.69,moderate
cycle,951.9,0,213.1,mixed,gas,meat_heavy,imported,low,17.2,some,117.5,456.27,moderate
car_diesel,1316.7,2,245.6,renewable,oil,vegetarian,local,high,28.9,some,133.9,491.11,moderate
bus,522.4,0,371.1,coal,electric,vegetarian,mixed,low,19.4,none,95.8,403.6,moderate
train,462.0,3,351.2,mixed,electric,omnivore,mixed,medium,13.8,none,50.5,399.18,low
bus,205.2,3,261.7,renewable,gas,omnivore,mixed,medium,29.2,some,288.9,393.98,low
car_diesel,753.8,6,200.8,renewable,electric,meat_heavy,mixed,medium,12.6,some,105.6,561.14,high
car_diesel,583.0,2,317.3,mixed,electric,omnivore,imported,medium,44.0,most,66.5,521.26,high
bus,172.4,1,324.7,coal,gas,meat_heavy,mixed,low,28.2,most,30.9,514.97,high
car_petrol,528.7,0,94.1,mixed,gas,vegan,mixed,medium,22.8,some,157.2,381.58,low
car_electric,750.6,0,209.9,mixed,electric,meat_heavy,imported,medium,17.3,most,159.4,506.76,moderate
train,150.0,0,261.3,mixed,none,vegetarian,imported,low,23.3,none,148.9,249.19,low
bus,411.1,0,151.5,mixed,none,vegetarian,mixed,low,27.3,none,145.4,259.79,low
car_petrol,471.1,4,106.9,coal,oil,meat_heavy,imported,low,31.2,some,253.6,866.95,high
cycle,759.9,0,308.4,coal,gas,omnivore,mixed,high,23.0,none,53.4,515.26,high
bus,501.5,0,259.5,coal,gas,vegetarian,mixed,high,36.0,most,31.9,410.46,moderate
bus,352.9,1,321.5,renewable,gas,meat_heavy,mixed,high,14.9,some,187.5,407.51,moderate
car_diesel,566.2,2,153.8,mixed,gas,meat_heavy,imported,medium,35.5,most,187.1,692.31,high
train,243.0,6,352.8,coal,oil,omnivore,local,low,28.6,some,219.6,690.19,high
car_petrol,528.8,2,332.2,mixed,gas,vegetarian,local,medium,29.9,some,174.6,490.83,moderate
motorbike,975.5,0,277.3,mixed,electric,meat_heavy,imported,medium,35.0,most,50.8,565.87,high
car_petrol,412.3,0,194.7,renewable,gas,omnivore,mixed,medium,14.2,some,45.8,300.01,low
car_petrol,257.3,2,127.7,mixed,electric,omnivore,mixed,high,29.0,most,164.6,463.77,moderate
car_petrol,196.6,0,306.3,coal,none,omnivore,imported,high,30.4,most,90.8,479.16,moderate
car_petrol,537.9,3,157.0,mixed,none,meat_heavy,local,medium,29.9,some,139.7,481.85,moderate
motorbike,368.6,2,333.6,coal,electric,meat_heavy,local,high,38.6,some,82.7,607.44,high
car_petrol,363.7,0,329.7,coal,electric,vegan,mixed,medium,30.8,some,192.0,456.54,moderate
train,195.2,2,182.3,coal,none,vegetarian,local,low,22.7,some,212.0,305.11,low
train,239.8,2,276.2,mixed,oil,omnivore,local,medium,5.8,some,89.0,431.86,moderate
bus,541.0,0,291.1,mixed,gas,meat_heavy,mixed,low,37.5,some,83.2,494.46,moderate
bus,522.0,2,171.4,coal,gas,omnivore,local,low,23.9,none,25.9,441.34,moderate
car_diesel,108.6,0,252.7,coal,electric,omnivore,mixed,low,43.6,most,47.6,387.44,low
bus,535.8,2,335.0,renewable,gas,omnivore,local,medium,25.3,some,88.6,331.87,low
cycle,374.2,2,239.2,coal,none,omnivore,local,high,9.1,some,110.8,364.66,low
car_petrol,153.4,0,251.8,coal,oil,omnivore,mixed,medium,27.0,some,135.1,558.77,high
car_electric,265.9,0,296.0,mixed,gas,vegetarian,mixed,medium,23.4,most,77.4,314.84,low
car_petrol,368.7,1,369.1,coal,gas,meat_heavy,imported,low,37.1,none,152.2,725.7,high
car_diesel,518.4,0,185.6,coal,gas,vegetarian,local,medium,24.5,none,285.5,537.83,high
car_electric,587.8,2,236.1,coal,gas,omnivore,mixed,medium,48.1,most,132.5,562.4,high
car_petrol,226.4,0,268.1,mixed,oil,omnivore,mixed,medium,35.9,most,87.2,426.76,moderate
car_petrol,117.0,6,187.3,renewable,gas,vegetarian,mixed,high,38.8,some,112.8,362.62,low
train,354.9,1,361.8,coal,gas,omnivore,mixed,high,35.9,most,285.2,644.46,high
motorbike,469.7,0,146.5,renewable,gas,meat_heavy,mixed,high,26.0,some,86.5,412.09,moderate
train,328.8,0,166.6,mixed,gas,meat_heavy,mixed,low,29.6,some,136.6,400.05,moderate
car_electric,464.4,0,265.7,mixed,electric,omnivore,local,low,23.0,most,84.3,315.91,low
car_diesel,861.0,0,274.0,mixed,gas,omnivore,local,high,32.2,most,260.1,559.53,high
train,272.4,1,385.9,mixed,oil,vegan,mixed,medium,46.3,some,200.9,435.96,moderate
car_petrol,735.1,2,290.7,coal,none,meat_heavy,mixed,medium,24.6,some,140.3,646.74,high
car_petrol,297.2,3,272.5,mixed,gas,vegan,imported,medium,35.9,none,192.2,480.38,moderate
car_petrol,423.3,3,268.5,mixed,oil,omnivore,mixed,low,45.5,some,99.8,568.53,high
car_petrol,296.2,1,476.6,mixed,electric,vegetarian,mixed,medium,24.9,some,148.4,422.79,moderate
car_diesel,384.2,0,218.1,mixed,none,vegan,local,high,24.5,some,135.3,248.33,low
cycle,235.8,0,305.5,mixed,none,vegetarian,local,high,25.3,most,150.8,257.94,low
cycle,727.3,6,246.1,mixed,gas,meat_heavy,local,medium,25.8,none,162.0,555.45,high
car_electric,126.3,1,317.8,renewable,electric,omnivore,local,low,23.1,most,322.9,322.11,low
car_petrol,166.9,0,214.3,mixed,gas,omnivore,local,high,38.4,most,137.9,386.53,low
train,369.4,10,205.4,mixed,electric,meat_heavy,mixed,medium,31.9,none,174.0,754.81,high
car_petrol,805.2,6,218.4,coal,electric,omnivore,mixed,low,51.6,most,116.9,719.66,high
car_electric,528.6,1,283.6,coal,gas,meat_heavy,local,high,18.8,none,38.3,565.03,high
cycle,473.9,0,353.5,renewable,oil,omnivore,mixed,medium,34.2,some,190.7,329.05,low
train,255.9,0,162.6,mixed,electric,vegetarian,imported,low,43.8,some,88.3,301.16,low
car_petrol,272.7,2,264.0,mixed,oil,omnivore,imported,low,25.9,some,63.5,455.75,moderate
cycle,600.0,2,160.1,mixed,gas,meat_heavy,mixed,high,2.0,most,97.3,472.57,moderate
bus,230.5,1,356.0,mixed,none,vegan,mixed,high,9.1,some,152.4,245.34,low
cycle,1105.2,0,286.9,renewable,oil,vegan,mixed,medium,39.5,most,103.9,174.08,low
car_electric,499.8,10,83.2,mixed,none,vegetarian,local,low,27.6,some,118.4,416.01,moderate
bus,270.5,6,312.4,coal,gas,meat_heavy,mixed,high,31.2,none,129.8,843.55,high
bus,440.1,0,234.9,coal,gas,omnivore,local,medium,9.4,none,61.4,449.79,moderate
car_diesel,375.9,1,294.4,coal,gas,meat_heavy,local,medium,15.2,none,91.6,591.09,high
car_petrol,671.4,10,274.8,renewable,oil,omnivore,mixed,high,21.3,some,233.7,757.57,high
cycle,524.3,2,390.0,mixed,electric,omnivore,local,low,27.0,most,122.7,364.04,low
car_petrol,864.3,1,399.3,mixed,gas,meat_heavy,imported,medium,50.1,none,80.5,766.41,high
bus,117.6,6,72.7,renewable,gas,meat_heavy,mixed,medium,17.7,none,107.6,436.85,moderate
train,388.2,4,112.9,mixed,gas,omnivore,mixed,high,24.3,some,145.6,545.22,high
car_petrol,469.9,1,396.2,coal,gas,vegetarian,local,low,19.9,some,173.1,564.31,high
car_diesel,820.6,1,230.3,mixed,oil,meat_heavy,mixed,medium,18.9,some,22.2,568.85,high
train,647.1,0,407.6,coal,gas,vegan,mixed,medium,37.2,most,90.0,404.27,moderate
car_petrol,802.6,0,104.3,coal,gas,meat_heavy,mixed,medium,37.4,some,87.2,642.55,high
motorbike,207.1,1,212.6,mixed,none,meat_heavy,mixed,medium,25.1,most,109.8,401.87,moderate
car_electric,480.8,0,181.5,mixed,gas,meat_heavy,mixed,low,32.5,most,131.1,399.56,low
bus,1158.0,0,269.4,coal,oil,vegetarian,local,low,24.4,most,238.5,570.86,high
car_petrol,224.1,1,209.3,mixed,electric,omnivore,mixed,low,5.2,most,286.7,406.97,moderate
car_electric,361.5,1,235.2,coal,gas,meat_heavy,mixed,low,45.8,some,134.1,574.57,high
car_petrol,700.2,0,204.8,mixed,gas,omnivore,local,high,50.0,most,136.7,560.87,high
cycle,245.6,1,226.3,renewable,gas,vegan,mixed,medium,18.8,some,92.3,156.73,low
car_diesel,390.4,0,313.4,mixed,electric,omnivore,imported,high,34.0,some,137.5,515.51,high
cycle,401.0,0,207.9,coal,electric,vegan,local,high,18.3,most,120.9,283.05,low
car_petrol,247.5,0,206.9,mixed,oil,omnivore,imported,high,51.7,most,55.8,538.4,high
car_diesel,296.7,0,109.2,coal,gas,omnivore,mixed,medium,31.7,most,263.0,525.82,high
cycle,1780.6,0,330.9,mixed,electric,meat_heavy,mixed,medium,16.0,most,80.4,398.34,low
car_petrol,178.9,1,337.9,renewable,none,meat_heavy,imported,medium,22.7,some,66.9,439.1,moderate
bus,561.6,1,341.2,coal,none,meat_heavy,mixed,high,41.4,none,95.9,623.34,high
car_electric,284.4,2,224.7,coal,gas,omnivore,mixed,low,16.9,none,178.0,513.93,high
car_petrol,539.2,1,388.0,coal,gas,meat_heavy,mixed,high,26.7,most,211.5,757.24,high
car_petrol,276.6,0,236.3,mixed,gas,vegetarian,mixed,medium,42.8,none,107.6,381.23,low
car_electric,321.9,10,168.8,mixed,gas,vegetarian,mixed,medium,50.1,some,223.5,574.72,high
car_diesel,568.0,3,384.8,mixed,gas,omnivore,mixed,medium,32.9,most,150.1,594.59,high
train,179.7,0,173.8,renewable,electric,vegetarian,local,low,27.9,none,209.8,219.9,low
car_petrol,647.8,3,153.9,coal,gas,meat_heavy,mixed,high,39.8,some,60.4,731.52,high
car_petrol,672.2,10,130.2,renewable,none,omnivore,local,medium,4.0,some,83.0,534.29,high
car_electric,483.8,0,333.2,coal,oil,omnivore,local,medium,32.7,some,114.3,517.11,high
bus,526.0,0,233.9,mixed,oil,omnivore,mixed,high,22.3,none,160.3,480.21,moderate
bus,229.4,0,310.9,coal,gas,omnivore,mixed,high,31.6,some,25.0,532.69,high
car_diesel,640.6,1,281.6,coal,electric,omnivore,imported,low,14.2,some,110.4,562.99,high
train,647.6,0,187.9,renewable,gas,omnivore,local,medium,26.0,none,134.4,273.32,low
car_petrol,307.1,4,298.6,mixed,gas,vegetarian,imported,high,46.3,none,151.3,593.72,high
motorbike,307.0,0,226.9,mixed,gas,omnivore,imported,medium,22.1,some,134.7,442.55,moderate
car_petrol,472.8,0,310.6,mixed,oil,omnivore,mixed,high,26.1,some,228.6,596.1,high
cycle,363.0,3,129.6,mixed,oil,meat_heavy,imported,high,33.3,most,40.9,559.51,high
car_diesel,462.5,2,69.9,mixed,gas,meat_heavy,local,high,24.1,some,105.8,518.22,high
bus,307.7,1,393.6,mixed,gas,omnivore,mixed,high,6.1,none,377.7,516.65,high
cycle,337.4,1,329.0,coal,none,omnivore,local,high,25.9,some,95.0,368.3,low
car_petrol,115.8,1,225.7,mixed,electric,meat_heavy,local,high,39.2,most,79.2,442.78,moderate
cycle,464.0,4,39.1,coal,electric,omnivore,mixed,low,35.2,most,79.6,368.92,low
motorbike,264.5,2,291.6,mixed,gas,vegan,mixed,medium,41.2,some,56.8,328.42,low
bus,280.3,2,112.8,coal,oil,omnivore,mixed,medium,23.5,most,99.1,520.45,high
motorbike,379.5,0,257.4,renewable,gas,omnivore,local,medium,10.2,some,80.5,249.28,low
motorbike,149.6,3,82.5,coal,electric,omnivore,mixed,low,25.1,some,155.3,390.25,low
cycle,565.1,6,218.5,coal,gas,omnivore,local,high,17.1,none,61.2,598.62,high
motorbike,735.9,0,403.1,mixed,gas,omnivore,mixed,high,25.0,most,43.9,500.06,moderate
cycle,587.2,3,165.3,mixed,none,omnivore,local,high,20.8,some,210.9,381.6,low
train,559.0,2,336.1,renewable,gas,omnivore,mixed,medium,31.4,most,46.4,303.72,low
cycle,749.6,6,129.8,mixed,oil,vegan,mixed,high,47.1,some,210.6,460.59,moderate
bus,494.3,6,157.2,mixed,gas,meat_heavy,imported,medium,36.2,most,324.9,689.22,high
bus,200.5,6,249.0,mixed,electric,meat_heavy,imported,medium,39.6,none,125.9,667.62,high
bus,822.2,1,290.5,renewable,none,meat_heavy,imported,low,23.1,none,184.7,439.61,moderate
car_petrol,295.4,4,309.5,mixed,none,vegetarian,local,high,33.0,some,60.6,353.3,low
car_petrol,428.2,0,260.3,coal,gas,omnivore,local,low,38.0,some,74.7,522.84,high
car_diesel,139.1,10,230.8,coal,electric,vegan,local,medium,15.1,none,293.0,606.16,high
car_petrol,510.9,0,225.9,mixed,electric,vegan,mixed,high,37.3,most,111.0,356.25,low
car_diesel,523.7,1,261.3,coal,gas,vegan,local,medium,22.0,none,89.3,444.17,moderate
motorbike,728.4,3,194.3,coal,gas,vegetarian,local,low,14.9,some,139.3,486.55,moderate
train,494.9,2,489.3,mixed,none,vegan,imported,medium,38.0,some,94.6,332.34,low
bus,330.6,4,397.2,mixed,electric,meat_heavy,mixed,medium,16.8,some,89.1,561.29,high
car_electric,326.4,3,273.1,coal,none,meat_heavy,imported,medium,19.8,some,129.6,618.32,high
bus,825.9,1,185.1,renewable,gas,omnivore,local,low,16.4,some,89.5,246.37,low
car_petrol,699.8,0,147.2,mixed,electric,meat_heavy,mixed,medium,30.8,some,43.9,485.55,moderate
car_petrol,731.3,3,341.0,coal,electric,omnivore,local,medium,37.6,some,119.5,696.01,high
cycle,298.3,4,322.5,mixed,gas,vegetarian,mixed,medium,41.7,some,233.6,527.41,high
cycle,674.8,2,349.8,renewable,oil,omnivore,mixed,high,13.5,none,280.7,440.4,moderate
motorbike,315.7,0,91.5,coal,gas,omnivore,mixed,high,17.9,most,232.4,507.51,moderate
car_petrol,1134.5,0,380.9,renewable,gas,vegetarian,imported,medium,25.8,some,101.8,477.56,moderate
cycle,880.6,1,245.5,mixed,electric,meat_heavy,local,medium,24.7,most,68.9,362.5,low
car_electric,720.1,0,152.2,mixed,gas,omnivore,local,medium,18.4,some,137.9,399.85,low
train,217.7,3,241.3,mixed,electric,omnivore,mixed,medium,29.5,most,211.6,462.11,moderate
car_petrol,240.0,2,347.5,mixed,gas,vegetarian,mixed,medium,15.7,none,191.4,467.08,moderate
car_diesel,813.8,3,134.5,mixed,electric,omnivore,mixed,medium,14.4,most,178.1,500.86,moderate
cycle,251.9,0,301.9,renewable,gas,meat_heavy,mixed,low,20.0,most,118.3,306.3,low
train,323.7,6,187.4,mixed,gas,meat_heavy,imported,high,17.5,some,168.7,671.89,high
car_electric,452.9,3,203.2,mixed,oil,vegetarian,local,low,12.6,some,35.0,323.32,low
car_petrol,363.4,0,185.3,mixed,gas,meat_heavy,imported,high,40.1,most,157.7,664.58,high
motorbike,420.6,1,74.9,coal,gas,omnivore,mixed,medium,23.0,some,89.4,473.16,moderate
cycle,209.0,1,354.1,mixed,oil,vegan,local,high,27.9,most,170.4,347.57,low
bus,153.9,0,234.8,coal,none,vegan,mixed,medium,26.8,none,201.1,270.68,low
motorbike,611.9,0,140.4,mixed,gas,vegetarian,mixed,medium,19.6,none,108.3,321.25,low
bus,412.3,0,296.5,mixed,oil,omnivore,mixed,high,32.7,none,134.9,513.5,high
bus,434.7,3,355.9,renewable,gas,vegetarian,local,high,34.8,none,308.2,389.36,low
train,172.1,0,188.1,mixed,gas,omnivore,mixed,high,40.9,some,115.5,388.63,low
bus,70.8,4,242.7,renewable,electric,omnivore,mixed,low,26.4,some,145.9,360.18,low
car_diesel,516.5,2,236.4,renewable,gas,omnivore,mixed,medium,20.5,none,121.4,371.18,low
car_diesel,528.5,2,197.3,renewable,gas,meat_heavy,local,low,34.3,none,93.3,389.78,low
car_petrol,544.6,1,122.1,coal,electric,vegetarian,local,medium,46.9,some,252.7,547.3,high
cycle,740.3,2,60.8,mixed,electric,omnivore,mixed,low,38.3,none,121.2,341.83,low
car_electric,557.1,3,338.4,renewable,oil,vegetarian,mixed,medium,20.3,some,105.5,286.27,low
cycle,569.1,6,180.6,mixed,gas,omnivore,imported,low,32.8,most,210.3,529.87,high
cycle,617.1,2,345.5,mixed,oil,vegetarian,mixed,medium,40.9,some,71.3,372.45,low
car_petrol,471.6,0,286.6,mixed,oil,omnivore,mixed,high,29.0,some,70.0,517.35,high
car_petrol,288.6,2,291.0,mixed,gas,meat_heavy,mixed,high,46.8,most,276.2,663.34,high
cycle,267.8,4,210.0,mixed,gas,meat_heavy,imported,medium,29.7,none,143.8,652.5,high
motorbike,336.4,0,168.7,coal,electric,vegan,mixed,medium,25.6,most,166.7,312.98,low
car_diesel,994.8,1,289.6,mixed,electric,meat_heavy,local,medium,36.1,most,81.7,562.12,high
train,397.1,1,277.8,mixed,none,vegetarian,imported,high,30.8,none,111.8,344.95,low
car_petrol,667.8,3,312.9,mixed,electric,meat_heavy,local,medium,14.4,most,141.8,603.36,high
car_petrol,888.7,0,178.8,renewable,gas,vegetarian,mixed,low,31.6,most,227.6,404.76,moderate
bus,208.7,4,325.4,mixed,gas,omnivore,local,medium,12.3,none,52.5,412.13,moderate
cycle,411.7,3,186.1,coal,none,vegetarian,mixed,medium,28.6,most,205.4,360.69,low
car_diesel,197.0,1,353.3,coal,electric,meat_heavy,local,low,21.6,none,117.5,544.82,high
train,227.5,0,160.9,renewable,oil,omnivore,imported,medium,32.1,none,104.8,331.63,low
cycle,198.0,0,213.7,coal,electric,omnivore,mixed,medium,40.9,none,58.7,406.57,moderate
train,297.2,6,240.2,coal,oil,omnivore,local,low,25.7,some,119.2,554.43,high
bus,1047.1,0,219.6,renewable,none,omnivore,local,high,18.2,some,177.5,361.56,low
bus,277.5,2,422.1,coal,oil,omnivore,imported,high,39.9,some,148.3,744.95,high
car_petrol,490.7,0,275.0,renewable,electric,omnivore,imported,medium,28.6,some,55.6,399.12,low
train,304.2,0,373.6,mixed,oil,omnivore,mixed,low,31.9,most,201.3,471.92,moderate
bus,272.3,1,272.1,mixed,electric,vegetarian,mixed,medium,41.9,some,82.6,331.05,low
car_petrol,530.9,3,449.5,coal,gas,meat_heavy,mixed,medium,28.0,some,123.6,886.2,high
car_petrol,284.8,3,192.3,mixed,electric,omnivore,mixed,medium,28.1,some,68.5,476.23,moderate
car_petrol,623.9,4,181.9,coal,gas,meat_heavy,mixed,medium,27.2,some,204.6,816.14,high
car_diesel,228.6,2,317.2,mixed,gas,omnivore,local,high,33.2,most,74.8,437.17,moderate
car_electric,485.2,1,384.8,coal,gas,omnivore,imported,high,28.2,some,129.9,666.95,high
car_petrol,245.9,2,183.6,mixed,gas,vegetarian,mixed,medium,44.2,none,61.9,405.54,moderate
car_electric,487.3,2,193.0,renewable,electric,meat_heavy,mixed,medium,14.1,some,230.6,438.11,moderate
cycle,262.8,0,154.4,mixed,gas,meat_heavy,local,low,7.2,none,103.8,312.86,low
train,607.7,6,394.8,renewable,gas,vegetarian,mixed,medium,25.8,some,115.1,348.21,low
motorbike,192.1,0,176.3,coal,gas,vegan,mixed,medium,41.5,none,105.7,368.85,low
car_diesel,194.6,2,269.9,mixed,gas,omnivore,mixed,low,24.9,most,137.6,417.58,moderate
motorbike,310.8,0,246.3,mixed,none,vegan,imported,high,34.6,none,92.4,235.05,low
car_diesel,396.5,4,194.8,coal,none,vegan,mixed,medium,19.6,some,65.4,327.08,low
bus,828.2,3,160.4,mixed,electric,omnivore,mixed,low,31.3,some,96.0,482.04,moderate
motorbike,376.4,0,216.6,coal,electric,vegetarian,imported,medium,21.1,none,112.7,454.35,moderate
bus,573.5,10,187.8,renewable,electric,vegetarian,imported,high,33.2,most,173.1,535.07,high
car_electric,166.5,0,286.8,mixed,electric,vegan,mixed,medium,33.4,some,106.9,267.26,low
car_diesel,423.1,2,241.5,mixed,gas,omnivore,imported,high,18.1,some,51.2,531.88,high
motorbike,593.5,10,246.6,renewable,none,omnivore,local,medium,23.0,none,158.2,508.33,moderate
bus,264.6,1,365.8,renewable,gas,omnivore,mixed,medium,29.5,some,174.2,331.94,low
cycle,542.1,2,135.8,coal,gas,omnivore,imported,high,33.0,most,171.0,568.57,high
cycle,670.9,0,170.6,coal,electric,omnivore,mixed,low,34.9,some,8.0,365.28,low
cycle,358.8,0,216.9,coal,gas,meat_heavy,local,low,26.0,some,94.2,433.09,moderate
car_petrol,788.4,1,250.0,mixed,electric,vegetarian,imported,low,42.0,none,54.1,471.1,moderate
train,277.8,1,173.3,renewable,oil,omnivore,mixed,medium,30.3,most,102.6,295.74,low
car_electric,1230.5,2,20.0,mixed,gas,omnivore,mixed,medium,11.8,most,60.0,443.82,moderate
car_diesel,566.1,2,265.5,coal,none,vegetarian,mixed,low,37.5,most,252.2,487.73,moderate
bus,252.7,3,369.5,mixed,electric,omnivore,local,high,7.4,some,151.6,465.53,moderate
car_petrol,369.4,1,334.9,mixed,oil,omnivore,imported,medium,22.7,some,245.1,505.59,moderate
car_electric,334.7,1,243.3,mixed,electric,vegetarian,mixed,medium,14.4,some,145.7,329.24,low
bus,399.6,1,311.0,renewable,electric,meat_heavy,local,medium,40.5,most,248.6,406.86,moderate
car_electric,256.6,2,284.9,mixed,gas,vegetarian,mixed,low,28.8,some,130.0,411.74,moderate
car_diesel,559.6,0,342.1,coal,oil,omnivore,mixed,medium,19.2,some,75.6,546.47,high
bus,665.5,0,339.0,renewable,electric,vegetarian,mixed,medium,17.8,most,104.9,225.24,low
car_diesel,1090.7,4,163.3,coal,gas,meat_heavy,mixed,medium,40.5,some,304.9,846.13,high
car_diesel,129.2,2,343.3,mixed,gas,meat_heavy,mixed,low,38.3,some,88.8,545.52,high
car_petrol,709.8,0,149.0,mixed,gas,meat_heavy,mixed,high,15.5,some,65.4,515.49,high
motorbike,448.0,0,126.5,mixed,gas,vegetarian,mixed,high,19.9,some,224.3,403.56,moderate
bus,289.3,1,109.9,mixed,gas,omnivore,mixed,low,17.3,most,54.7,322.02,low
car_petrol,908.8,2,207.9,coal,gas,omnivore,local,high,17.9,most,30.1,607.84,high
bus,1105.2,1,150.1,mixed,gas,meat_heavy,local,low,10.3,none,158.0,485.01,moderate
car_electric,588.2,2,398.2,mixed,oil,omnivore,imported,high,23.2,most,114.1,578.41,high
car_petrol,304.5,0,163.7,renewable,oil,omnivore,imported,low,28.3,none,25.6,335.26,low
car_petrol,512.2,1,341.2,coal,gas,vegan,mixed,medium,26.7,some,166.2,591.7,high
car_petrol,1063.7,3,336.7,coal,gas,omnivore,local,low,31.0,most,75.9,705.42,high
motorbike,608.9,1,180.4,coal,electric,vegan,local,low,36.6,some,43.3,333.99,low
car_petrol,768.3,1,91.6,renewable,gas,meat_heavy,mixed,high,10.3,none,86.8,533.64,high
cycle,988.5,0,250.0,mixed,oil,vegan,imported,medium,39.7,most,151.2,330.35,low
train,450.0,0,132.7,mixed,electric,omnivore,local,high,19.9,some,88.7,324.91,low
bus,381.3,4,305.0,mixed,gas,omnivore,local,low,13.2,some,72.3,436.83,moderate
cycle,552.7,3,142.5,mixed,electric,meat_heavy,local,medium,39.8,some,131.6,498.08,moderate
car_electric,247.5,3,225.3,coal,oil,omnivore,mixed,low,30.3,none,71.3,516.53,high
car_petrol,600.6,0,281.5,mixed,gas,vegan,imported,high,47.4,some,123.8,429.74,moderate
motorbike,600.9,1,222.2,coal,electric,omnivore,imported,low,31.6,none,76.2,493.45,moderate
car_diesel,230.7,4,237.2,mixed,gas,vegetarian,mixed,low,21.3,none,360.6,524.73,high
cycle,184.0,3,204.6,renewable,gas,meat_heavy,imported,medium,19.6,some,81.1,425.62,moderate
train,556.3,0,104.4,coal,electric,omnivore,mixed,medium,45.9,some,128.1,416.13,moderate
car_diesel,153.9,3,235.5,renewable,electric,omnivore,mixed,medium,34.2,most,188.6,364.54,low
car_petrol,509.3,2,209.3,coal,gas,omnivore,mixed,high,32.6,some,33.1,615.04,high
car_petrol,418.5,3,164.8,renewable,gas,vegetarian,mixed,medium,30.5,most,91.6,330.21,low
bus,262.0,3,288.7,mixed,electric,omnivore,mixed,low,9.7,some,431.3,561.2,high
motorbike,306.0,0,254.6,mixed,gas,omnivore,imported,high,22.6,most,156.3,531.18,high
car_diesel,400.0,1,190.9,renewable,electric,vegetarian,mixed,high,36.4,most,128.6,323.36,low
car_petrol,317.2,0,285.0,coal,electric,omnivore,local,medium,71.0,some,53.6,514.71,high
car_petrol,378.2,0,189.5,coal,electric,vegetarian,mixed,medium,43.7,most,255.6,458.7,moderate
train,54.1,6,360.6,renewable,oil,omnivore,local,medium,34.9,some,40.5,329.21,low
bus,360.1,4,143.6,mixed,oil,omnivore,mixed,high,41.2,none,212.6,587.16,high
car_petrol,339.0,6,449.1,coal,none,meat_heavy,mixed,medium,19.3,none,179.4,685.56,high
motorbike,482.2,0,245.7,renewable,electric,omnivore,mixed,high,16.3,most,102.5,317.13,low
motorbike,259.2,0,97.7,mixed,gas,omnivore,mixed,high,39.7,none,123.7,453.81,moderate
cycle,224.0,0,224.8,mixed,gas,meat_heavy,mixed,medium,31.4,most,87.0,425.83,moderate
car_diesel,634.9,0,305.8,renewable,gas,omnivore,local,high,38.6,some,130.9,387.57,low
train,421.3,1,323.3,mixed,electric,vegan,local,high,21.0,some,87.3,272.82,low
cycle,592.0,6,356.5,mixed,electric,vegetarian,local,medium,20.6,some,159.0,410.8,moderate
train,408.1,3,167.6,renewable,gas,omnivore,local,medium,45.9,none,145.5,352.61,low
car_petrol,440.8,1,322.6,mixed,gas,vegetarian,mixed,low,33.1,most,112.4,425.1,moderate
car_diesel,393.0,0,94.3,coal,oil,omnivore,local,high,34.6,most,146.4,509.82,moderate
cycle,313.2,0,338.2,coal,oil,omnivore,local,medium,21.4,most,74.4,472.03,moderate
car_diesel,272.4,1,110.7,mixed,gas,vegetarian,mixed,high,32.3,some,157.3,380.2,low
cycle,484.4,2,174.9,renewable,electric,omnivore,mixed,low,25.3,most,113.1,242.74,low
train,106.8,1,299.8,coal,none,omnivore,local,medium,23.8,most,88.0,304.73,low
car_petrol,681.8,0,291.5,coal,gas,vegetarian,mixed,medium,26.7,none,107.7,545.08,high
car_petrol,648.6,10,362.4,renewable,oil,omnivore,local,low,18.0,some,85.7,537.69,high
motorbike,374.1,6,170.7,mixed,electric,meat_heavy,mixed,low,38.5,none,96.5,533.46,high
motorbike,677.5,1,269.8,coal,gas,omnivore,local,medium,24.2,some,72.7,549.27,high
train,546.9,0,166.3,coal,gas,meat_heavy,local,medium,21.5,some,97.2,459.01,moderate
train,542.8,4,272.0,coal,gas,omnivore,local,high,31.3,some,62.3,555.07,high
bus,337.3,1,296.6,mixed,electric,omnivore,mixed,medium,36.8,none,45.8,431.52,moderate
train,333.8,2,365.6,coal,none,omnivore,mixed,medium,25.4,some,89.7,374.4,low
car_petrol,232.5,0,272.0,mixed,gas,omnivore,mixed,low,8.1,none,76.7,381.67,low
bus,493.7,1,61.9,mixed,gas,vegetarian,imported,low,37.6,none,74.1,340.75,low
car_petrol,433.8,1,249.8,renewable,electric,meat_heavy,mixed,high,34.5,some,275.2,605.97,high
car_petrol,551.5,0,214.0,mixed,gas,meat_heavy,imported,medium,27.6,some,59.8,587.42,high
car_diesel,760.3,2,239.9,coal,gas,omnivore,local,medium,14.8,most,177.1,620.18,high
cycle,313.8,1,369.6,coal,none,vegetarian,imported,low,14.6,some,200.9,385.1,low
cycle,130.6,2,290.4,coal,gas,omnivore,local,low,41.3,some,182.9,511.27,moderate
bus,267.1,0,285.5,renewable,electric,meat_heavy,imported,low,15.3,some,129.5,378.04,low
bus,537.6,2,433.0,mixed,electric,meat_heavy,local,medium,12.8,most,104.1,475.62,moderate
motorbike,303.4,3,212.8,renewable,electric,vegan,mixed,medium,45.2,some,218.7,333.55,low
cycle,565.5,1,189.0,renewable,oil,omnivore,mixed,medium,11.6,some,135.9,305.39,low
car_petrol,440.8,0,490.9,mixed,oil,omnivore,local,medium,34.3,some,53.5,476.9,moderate
car_diesel,182.7,1,20.0,renewable,electric,omnivore,local,medium,42.5,none,305.7,356.78,low
bus,224.2,3,131.7,coal,gas,meat_heavy,local,low,22.5,some,98.8,496.19,moderate
cycle,519.2,6,250.7,coal,gas,omnivore,imported,high,19.6,some,128.1,646.11,high
car_diesel,270.0,0,152.6,coal,gas,meat_heavy,imported,medium,19.2,most,45.9,557.33,high
car_diesel,532.5,1,192.4,mixed,gas,meat_heavy,mixed,medium,29.1,some,96.8,550.48,high
motorbike,562.5,0,277.9,mixed,gas,vegetarian,local,high,31.2,some,322.9,455.68,moderate
car_petrol,1355.6,1,349.6,renewable,gas,meat_heavy,imported,low,20.3,none,174.5,699.89,high
bus,277.3,0,247.8,renewable,electric,omnivore,mixed,low,28.4,some,72.6,216.41,low
car_diesel,660.2,0,232.8,renewable,none,vegan,imported,medium,37.0,some,48.1,236.39,low
bus,181.7,2,223.0,renewable,electric,meat_heavy,local,medium,33.9,most,159.0,364.48,low
bus,158.5,2,208.0,mixed,none,omnivore,imported,medium,39.3,most,66.4,342.24,low
car_electric,373.9,0,249.5,mixed,electric,vegetarian,local,medium,41.2,some,130.2,316.38,low
car_diesel,338.4,0,261.5,coal,gas,omnivore,mixed,low,24.5,some,153.6,526.44,high
train,460.2,1,78.9,mixed,oil,meat_heavy,mixed,medium,40.2,some,80.0,443.42,moderate
cycle,487.6,3,170.7,mixed,electric,omnivore,local,medium,41.3,most,116.5,364.73,low
cycle,598.8,4,195.6,renewable,oil,omnivore,mixed,high,25.3,most,85.6,368.91,low
car_electric,582.9,0,320.0,mixed,gas,meat_heavy,local,low,17.2,some,103.3,424.83,moderate
train,560.1,2,181.7,renewable,electric,meat_heavy,mixed,medium,34.6,some,113.4,362.08,low
cycle,574.6,0,309.6,mixed,electric,meat_heavy,mixed,medium,26.0,some,121.9,458.68,moderate
bus,441.3,0,280.6,renewable,electric,omnivore,local,medium,11.4,some,90.7,258.15,low
car_petrol,422.0,2,196.9,mixed,gas,omnivore,imported,medium,9.7,some,491.5,677.82,high
train,398.6,6,302.5,mixed,gas,omnivore,imported,low,37.8,most,127.2,544.47,high
motorbike,283.2,0,296.3,coal,gas,vegetarian,imported,low,18.1,some,154.7,489.22,moderate
car_petrol,204.9,3,160.8,renewable,electric,omnivore,imported,high,29.6,some,67.2,430.19,moderate
train,738.2,0,177.0,mixed,gas,vegetarian,local,medium,26.2,most,115.1,306.89,low
car_electric,202.0,1,176.3,mixed,electric,vegetarian,local,medium,23.6,most,133.0,253.05,low
bus,642.1,1,261.6,coal,electric,omnivore,mixed,medium,33.1,most,173.1,558.64,high
cycle,620.0,1,213.3,coal,gas,omnivore,local,low,43.6,some,151.5,498.43,moderate
cycle,204.3,0,241.1,mixed,electric,omnivore,mixed,high,15.2,some,45.5,360.64,low
cycle,375.9,0,287.9,mixed,gas,omnivore,mixed,low,2.0,none,143.6,364.63,low
car_diesel,639.2,0,387.2,mixed,none,meat_heavy,mixed,medium,22.1,none,140.7,520.73,high
cycle,345.5,0,176.9,coal,gas,meat_heavy,imported,low,28.5,some,160.9,546.0,high
bus,365.4,3,172.3,coal,gas,omnivore,local,medium,37.5,some,146.9,495.04,moderate
motorbike,695.7,1,229.2,mixed,electric,meat_heavy,mixed,medium,37.0,some,345.8,587.58,high
car_diesel,277.0,2,129.7,renewable,electric,meat_heavy,local,medium,32.8,some,118.7,391.44,low
car_petrol,638.7,0,279.9,mixed,none,omnivore,mixed,medium,27.4,most,84.1,420.59,moderate
cycle,725.4,1,199.3,coal,gas,omnivore,imported,medium,34.1,none,60.7,532.22,high
cycle,252.7,0,132.9,mixed,gas,omnivore,imported,medium,34.5,none,278.6,477.33,moderate
motorbike,395.2,0,341.3,mixed,electric,vegetarian,local,low,30.8,most,176.2,321.86,low
bus,291.2,4,508.3,coal,gas,omnivore,mixed,medium,24.9,most,198.4,705.33,high
cycle,831.5,1,258.5,renewable,gas,omnivore,mixed,low,12.7,some,192.7,283.26,low
train,366.4,0,344.7,mixed,gas,omnivore,mixed,medium,15.4,none,118.3,374.55,low
car_petrol,275.0,2,431.4,renewable,gas,omnivore,imported,low,25.3,some,53.5,369.64,low
train,185.8,10,159.7,mixed,oil,vegan,imported,high,35.9,some,233.2,609.1,high
car_petrol,641.6,1,287.7,mixed,gas,omnivore,local,low,23.3,some,109.1,518.4,high
train,833.5,2,136.1,coal,none,meat_heavy,mixed,low,14.3,some,324.5,496.9,moderate
car_petrol,315.9,1,270.8,coal,electric,vegetarian,mixed,medium,36.8,most,107.4,424.78,moderate
car_electric,150.9,0,140.3,mixed,gas,vegetarian,local,medium,43.1,none,100.8,285.11,low
car_petrol,585.9,0,207.5,mixed,none,omnivore,mixed,medium,24.5,some,285.3,521.71,high
cycle,545.5,2,363.6,coal,oil,omnivore,imported,medium,27.2,most,51.8,522.42,high
cycle,447.5,6,315.2,renewable,electric,meat_heavy,imported,high,19.2,some,65.0,542.46,high
motorbike,289.5,1,279.3,coal,electric,omnivore,mixed,high,33.5,none,237.1,565.0,high
car_electric,405.7,2,134.0,mixed,electric,omnivore,local,low,24.7,some,147.4,355.55,low
cycle,574.4,0,246.5,renewable,gas,vegetarian,local,medium,31.9,most,114.6,177.51,low
car_diesel,448.9,1,316.2,coal,electric,omnivore,local,medium,22.3,none,59.2,484.04,moderate
train,568.8,1,231.8,mixed,electric,vegan,mixed,low,44.9,none,247.3,330.63,low
motorbike,285.8,6,96.0,mixed,gas,meat_heavy,mixed,medium,27.8,most,184.4,562.64,high
bus,772.4,0,203.6,mixed,none,meat_heavy,local,high,24.7,none,86.7,416.18,moderate
bus,411.1,2,465.6,renewable,gas,omnivore,mixed,low,40.3,some,197.2,397.71,low
bus,523.1,0,69.1,mixed,electric,omnivore,imported,low,42.8,some,54.8,345.25,low
train,273.9,0,239.5,coal,gas,meat_heavy,mixed,medium,26.4,some,216.5,565.27,high
car_electric,377.1,1,183.5,coal,oil,meat_heavy,local,medium,34.0,none,59.5,531.85,high
car_electric,212.6,6,196.7,mixed,gas,vegetarian,mixed,high,17.9,none,90.3,464.29,moderate
motorbike,334.6,3,287.2,mixed,none,meat_heavy,mixed,medium,16.9,most,55.4,414.98,moderate
motorbike,322.3,0,160.6,renewable,oil,vegan,local,medium,31.9,most,43.7,153.98,low
bus,792.6,0,274.7,mixed,none,omnivore,mixed,high,29.7,most,120.4,395.43,low
car_petrol,183.5,0,176.9,renewable,gas,omnivore,local,low,24.0,none,142.7,277.74,low
car_petrol,496.8,4,170.7,coal,gas,meat_heavy,mixed,low,35.8,none,117.5,751.13,high
car_petrol,541.8,3,222.1,coal,gas,vegan,local,low,35.6,most,149.6,533.54,high
bus,393.9,0,345.1,coal,gas,meat_heavy,mixed,low,38.9,none,181.6,604.59,high
car_petrol,343.2,2,207.5,coal,electric,omnivore,mixed,medium,27.6,some,118.5,504.12,moderate
motorbike,208.3,1,290.4,renewable,gas,meat_heavy,mixed,medium,32.1,some,125.3,387.75,low
car_diesel,673.1,2,151.0,mixed,gas,vegan,local,low,17.5,some,204.1,438.98,moderate
cycle,100.3,0,394.1,renewable,electric,vegan,local,high,37.6,some,270.5,236.73,low
train,50.3,0,209.5,renewable,electric,omnivore,local,high,31.3,none,15.6,224.95,low
train,219.8,4,300.8,coal,oil,vegetarian,imported,low,31.5,most,113.0,620.11,high
car_diesel,477.1,0,244.6,coal,gas,vegan,mixed,medium,50.0,none,137.3,478.48,moderate
train,488.1,1,230.4,mixed,gas,vegan,local,medium,16.9,some,141.1,285.17,low
car_diesel,1189.4,0,392.7,renewable,oil,meat_heavy,mixed,medium,31.3,some,109.6,548.25,high
motorbike,482.3,4,134.9,renewable,none,vegetarian,imported,medium,29.1,none,149.1,369.17,low
motorbike,487.6,1,338.7,mixed,gas,vegan,mixed,low,35.6,none,46.6,334.41,low
cycle,415.5,0,333.8,renewable,gas,omnivore,mixed,low,20.5,some,47.5,206.38,low
car_electric,472.6,0,297.6,renewable,oil,vegetarian,imported,high,29.0,some,71.1,261.66,low
cycle,208.8,1,280.0,renewable,gas,vegetarian,mixed,high,38.5,most,133.9,265.22,low
car_electric,173.2,2,336.5,coal,none,omnivore,local,medium,54.2,some,21.4,370.61,low
cycle,550.0,3,125.4,mixed,electric,omnivore,imported,low,36.5,some,241.7,441.19,moderate
bus,393.5,2,175.6,mixed,gas,meat_heavy,mixed,low,23.8,none,105.6,454.33,moderate
bus,858.2,0,271.5,coal,none,omnivore,mixed,high,17.9,most,61.9,399.89,moderate
car_petrol,399.8,4,322.9,renewable,oil,omnivore,local,medium,26.6,some,77.2,395.84,low
car_petrol,575.8,0,162.6,coal,gas,omnivore,local,medium,16.8,some,12.3,454.91,moderate
cycle,480.2,0,242.3,renewable,gas,meat_heavy,mixed,low,31.0,most,85.3,296.73,low
car_electric,390.9,0,340.9,mixed,gas,meat_heavy,local,low,38.8,most,65.8,405.88,moderate
cycle,633.9,0,257.7,mixed,electric,vegetarian,mixed,medium,35.8,most,93.8,274.24,low
motorbike,882.2,6,113.7,coal,none,vegan,imported,high,27.4,some,121.9,430.64,moderate
train,609.5,0,292.1,coal,gas,omnivore,mixed,medium,21.6,none,76.6,471.08,moderate
train,381.7,3,251.9,coal,gas,omnivore,local,medium,19.1,most,102.3,496.75,moderate
train,402.9,0,125.0,mixed,oil,meat_heavy,mixed,high,38.7,most,126.4,490.37,moderate
car_petrol,300.7,0,224.0,mixed,electric,vegan,imported,high,26.2,some,111.5,307.17,low
motorbike,449.7,1,286.1,renewable,gas,omnivore,imported,low,33.8,some,50.7,307.1,low
motorbike,761.2,1,325.4,coal,gas,vegetarian,mixed,medium,39.9,some,175.5,532.06,high
motorbike,283.8,3,222.2,mixed,gas,omnivore,imported,medium,22.7,some,78.9,505.26,moderate
car_diesel,289.9,3,195.3,renewable,gas,omnivore,mixed,high,19.5,some,58.9,380.39,low
car_petrol,1030.3,4,331.2,mixed,electric,vegan,local,medium,39.3,some,115.5,554.82,high
motorbike,521.8,3,328.3,mixed,electric,omnivore,mixed,medium,32.7,some,90.4,499.71,moderate
cycle,238.6,2,211.9,coal,gas,omnivore,imported,medium,55.9,some,122.6,593.6,high
car_diesel,863.7,3,174.5,renewable,gas,meat_heavy,mixed,medium,50.0,some,165.7,534.39,high
cycle,273.2,0,260.6,coal,electric,omnivore,mixed,low,16.3,none,190.2,403.07,moderate
car_electric,496.3,0,294.6,renewable,electric,omnivore,mixed,low,38.2,most,43.5,266.17,low
car_petrol,488.0,6,151.8,mixed,oil,omnivore,mixed,high,21.1,most,370.2,730.43,high
train,306.9,0,402.3,mixed,gas,vegetarian,mixed,medium,39.3,none,81.9,353.93,low
car_diesel,432.7,6,426.5,mixed,electric,omnivore,local,low,37.1,some,100.5,580.1,high
car_diesel,186.4,1,228.0,mixed,gas,omnivore,local,medium,15.2,most,20.5,368.29,low
bus,211.6,2,291.0,mixed,electric,meat_heavy,local,medium,32.7,none,247.0,543.61,high
car_electric,828.7,1,207.4,renewable,oil,vegetarian,mixed,high,32.0,none,147.8,307.01,low
bus,363.3,0,212.6,coal,gas,meat_heavy,mixed,high,29.7,some,248.8,664.64,high
car_petrol,265.9,0,189.7,renewable,none,omnivore,mixed,medium,42.8,none,44.7,295.31,low
car_diesel,275.8,1,369.3,mixed,gas,vegetarian,local,low,18.3,most,130.6,350.82,low
car_electric,359.5,2,222.9,mixed,gas,meat_heavy,local,low,20.0,most,237.1,416.97,moderate
car_petrol,784.9,2,105.6,coal,oil,omnivore,local,medium,13.8,none,26.4,557.96,high
car_petrol,1099.4,2,275.9,mixed,oil,vegetarian,mixed,low,24.2,some,73.4,564.21,high
bus,411.0,3,180.1,mixed,gas,meat_heavy,mixed,medium,26.1,some,59.6,542.53,high
car_petrol,367.3,0,399.3,renewable,none,meat_heavy,imported,medium,25.7,none,108.3,453.07,moderate
bus,591.7,0,273.8,mixed,gas,omnivore,mixed,low,24.9,none,128.0,448.92,moderate
bus,289.3,4,129.0,mixed,gas,omnivore,mixed,high,40.5,most,45.3,447.48,moderate
bus,332.3,10,267.3,renewable,oil,omnivore,mixed,high,48.7,some,88.3,567.18,high
car_petrol,279.6,0,400.0,coal,gas,meat_heavy,mixed,high,30.5,most,153.4,673.46,high
train,867.9,6,230.8,mixed,electric,meat_heavy,local,low,28.9,some,72.9,499.23,moderate
bus,319.4,1,20.0,coal,electric,meat_heavy,local,low,14.7,some,76.8,345.49,low
train,118.5,2,374.7,coal,electric,meat_heavy,mixed,low,37.4,most,38.3,517.81,high
car_petrol,410.7,1,444.7,mixed,gas,vegetarian,imported,low,23.5,some,185.7,491.24,moderate
car_electric,196.2,4,29.2,mixed,electric,omnivore,imported,medium,26.0,most,54.9,384.98,low
car_electric,409.3,2,225.0,mixed,oil,omnivore,local,high,22.8,none,29.4,418.12,moderate
car_petrol,148.7,10,281.6,mixed,gas,meat_heavy,mixed,high,23.2,some,138.5,742.85,high
train,600.4,0,330.5,coal,gas,omnivore,mixed,medium,32.7,most,210.2,558.85,high
bus,896.2,6,239.2,mixed,gas,meat_heavy,local,medium,14.7,none,98.9,573.44,high
motorbike,641.5,2,295.9,mixed,none,vegetarian,mixed,medium,9.6,most,172.3,360.19,low
bus,314.0,0,424.0,mixed,gas,meat_heavy,mixed,high,41.9,none,189.9,623.29,high
car_petrol,619.4,2,285.2,coal,gas,omnivore,local,high,10.4,some,62.7,576.07,high
car_petrol,316.1,3,280.4,mixed,gas,vegetarian,imported,high,33.9,none,127.0,499.86,moderate
bus,514.3,0,219.9,mixed,electric,omnivore,mixed,medium,19.2,some,192.6,397.29,low
cycle,358.5,0,152.8,mixed,oil,omnivore,mixed,medium,27.6,some,110.4,347.03,low
car_diesel,561.5,6,344.8,coal,gas,vegetarian,mixed,high,14.3,some,96.0,659.53,high
cycle,214.1,0,241.3,mixed,gas,meat_heavy,local,medium,48.9,some,224.6,450.84,moderate
car_electric,355.8,4,276.7,coal,electric,meat_heavy,mixed,high,12.3,some,95.9,574.44,high
car_petrol,323.9,1,300.5,coal,electric,meat_heavy,imported,medium,14.9,most,141.5,628.11,high
motorbike,187.3,3,240.6,renewable,oil,meat_heavy,local,medium,34.8,some,48.1,335.45,low
bus,497.5,3,207.3,coal,gas,omnivore,imported,high,16.8,some,135.0,653.59,high
motorbike,602.2,6,126.7,mixed,oil,omnivore,mixed,medium,35.2,some,125.0,569.17,high
cycle,428.5,0,291.7,mixed,gas,meat_heavy,imported,high,7.3,some,153.7,562.72,high
train,254.7,0,298.8,coal,oil,vegetarian,local,medium,39.4,none,108.3,433.98,moderate
car_diesel,446.3,1,113.8,coal,electric,omnivore,local,high,34.7,some,257.0,533.46,high
cycle,1058.2,1,360.9,renewable,gas,omnivore,imported,high,33.1,some,156.6,404.48,moderate
car_petrol,511.7,2,374.4,mixed,oil,omnivore,local,medium,24.4,some,155.6,569.43,high
car_diesel,332.4,6,366.6,mixed,gas,omnivore,local,high,38.9,some,150.2,606.2,high
motorbike,459.3,1,303.7,coal,electric,meat_heavy,imported,low,19.5,most,217.9,666.51,high
car_petrol,684.6,4,336.3,coal,oil,omnivore,mixed,low,38.1,most,100.2,733.88,high
train,428.9,0,86.4,mixed,electric,vegetarian,imported,high,35.2,some,69.8,302.68,low
bus,529.0,4,190.6,coal,gas,meat_heavy,mixed,low,37.6,none,90.8,663.65,high
car_diesel,614.0,3,243.4,mixed,oil,omnivore,local,medium,19.5,most,65.4,511.81,high
cycle,404.9,0,118.4,coal,gas,vegetarian,local,low,31.9,some,92.4,354.5,low
car_electric,479.9,3,123.5,renewable,oil,omnivore,local,high,41.5,none,82.9,400.01,moderate
car_petrol,397.5,0,283.1,mixed,oil,vegetarian,local,high,16.8,some,211.1,459.78,moderate
bus,870.5,3,241.1,coal,electric,omnivore,mixed,medium,31.4,most,149.0,569.27,high
car_petrol,514.8,0,205.2,renewable,electric,omnivore,mixed,high,11.0,most,42.3,360.81,low
car_petrol,300.5,2,147.8,coal,gas,vegetarian,mixed,high,39.4,some,189.3,518.44,high
car_electric,552.1,1,145.5,coal,gas,vegan,imported,low,38.2,most,52.7,336.74,low
train,496.5,0,204.9,mixed,gas,meat_heavy,local,high,20.5,none,288.9,531.75,high
bus,543.9,2,194.1,coal,gas,omnivore,local,medium,20.8,none,113.6,531.96,high
cycle,491.4,2,249.0,mixed,gas,vegetarian,mixed,high,31.4,none,49.4,359.21,low
car_petrol,271.8,0,216.9,mixed,gas,vegetarian,mixed,medium,26.6,none,97.0,364.85,low
train,411.1,4,181.7,mixed,oil,meat_heavy,local,low,37.6,most,95.8,485.71,moderate
bus,261.8,3,182.5,mixed,gas,meat_heavy,imported,high,34.9,most,116.9,610.91,high
train,226.5,0,229.7,mixed,gas,omnivore,imported,low,21.4,none,131.0,406.01,moderate
car_electric,449.8,1,216.9,mixed,electric,meat_heavy,mixed,low,27.8,some,92.3,435.22,moderate
car_diesel,1472.0,6,384.4,coal,oil,omnivore,mixed,high,27.5,most,75.6,926.54,high
train,150.3,0,147.6,coal,gas,omnivore,mixed,low,35.9,most,125.6,434.14,moderate
bus,486.9,3,306.9,mixed,gas,meat_heavy,local,low,12.7,some,117.3,488.88,moderate
cycle,618.3,3,280.7,renewable,gas,meat_heavy,local,low,27.4,none,135.1,381.62,low
car_petrol,252.2,6,215.0,mixed,electric,omnivore,imported,low,16.7,none,25.5,519.37,high
car_electric,609.0,4,270.3,coal,gas,vegan,imported,low,13.0,some,246.1,508.51,moderate
car_diesel,648.5,3,307.9,renewable,gas,vegetarian,mixed,low,27.9,some,118.8,378.34,low
motorbike,781.7,0,202.7,coal,electric,omnivore,mixed,low,32.9,most,236.3,502.98,moderate
bus,291.7,2,144.7,mixed,oil,omnivore,mixed,low,28.5,most,49.1,357.87,low
car_electric,492.2,0,188.5,renewable,gas,vegan,mixed,medium,29.4,some,73.0,164.24,low
car_petrol,957.1,0,221.9,mixed,electric,meat_heavy,imported,medium,6.5,some,151.9,634.85,high
car_petrol,528.2,3,114.3,coal,none,vegetarian,mixed,low,23.1,some,296.8,472.46,moderate
bus,572.4,0,64.4,coal,gas,vegetarian,local,high,29.8,some,86.5,377.0,low
car_petrol,432.7,0,163.5,mixed,oil,vegan,local,low,24.8,some,66.8,336.74,low
car_diesel,191.0,0,406.2,mixed,none,vegetarian,local,low,38.3,none,173.5,330.61,low
car_petrol,420.6,0,257.5,mixed,electric,omnivore,mixed,medium,35.9,none,51.7,440.82,moderate
car_petrol,1126.6,0,259.6,coal,electric,vegetarian,mixed,high,49.2,none,169.7,693.69,high
car_electric,410.5,0,290.1,mixed,gas,meat_heavy,imported,medium,16.4,most,137.4,570.62,high
train,458.9,4,209.6,mixed,gas,meat_heavy,mixed,low,34.1,most,24.3,462.74,moderate
train,175.7,2,325.4,coal,gas,vegetarian,mixed,medium,29.6,most,103.3,496.05,moderate
train,180.8,0,230.6,mixed,gas,omnivore,local,medium,35.9,some,49.3,326.82,low
car_diesel,902.5,4,142.8,mixed,electric,meat_heavy,mixed,low,21.8,most,204.7,643.27,high
bus,305.7,1,401.5,mixed,gas,vegetarian,mixed,medium,14.7,some,225.4,409.73,moderate
train,643.9,0,321.1,mixed,gas,vegan,imported,medium,31.9,some,21.0,285.79,low
car_diesel,467.4,0,141.8,mixed,electric,vegetarian,mixed,medium,22.5,some,67.8,313.28,low
car_petrol,444.1,2,352.4,mixed,electric,omnivore,local,low,31.6,most,160.7,414.98,moderate
train,387.8,4,227.3,renewable,gas,omnivore,local,medium,20.4,most,98.3,330.59,low
train,293.5,2,226.8,coal,electric,vegan,mixed,medium,20.5,most,106.2,338.56,low
train,1029.3,2,235.3,mixed,electric,vegan,mixed,low,30.6,some,76.7,293.9,low
cycle,314.0,0,170.1,renewable,gas,omnivore,local,high,26.9,some,183.4,275.24,low
cycle,391.8,10,208.1,mixed,electric,meat_heavy,mixed,low,28.5,some,129.1,613.36,high
car_diesel,905.1,4,452.3,mixed,none,vegetarian,local,medium,42.5,some,71.9,481.23,moderate
train,440.9,0,214.6,mixed,gas,meat_heavy,imported,high,24.5,most,159.2,552.95,high
car_petrol,538.2,3,236.9,mixed,electric,omnivore,mixed,medium,23.3,most,140.9,487.54,moderate
car_electric,268.5,0,301.3,coal,electric,meat_heavy,local,high,16.1,none,110.7,508.76,moderate
train,514.8,3,218.4,mixed,gas,omnivore,mixed,high,26.7,some,88.4,497.52,moderate
train,461.2,0,260.1,coal,none,omnivore,mixed,medium,39.3,none,99.6,355.78,low
train,336.9,1,372.7,mixed,none,omnivore,imported,medium,30.4,most,98.7,402.94,moderate
car_petrol,499.9,6,221.2,renewable,gas,omnivore,mixed,low,26.2,some,48.3,448.83,moderate
cycle,397.2,0,331.0,renewable,electric,meat_heavy,imported,high,28.6,most,95.6,425.67,moderate
bus,226.2,1,290.4,coal,electric,meat_heavy,local,medium,17.0,most,57.8,457.67,moderate
train,379.8,4,204.2,coal,oil,vegetarian,local,low,29.2,some,82.6,447.61,moderate
train,478.8,10,120.4,renewable,electric,vegetarian,mixed,high,21.0,none,38.7,397.17,low
cycle,558.9,4,261.6,coal,gas,omnivore,mixed,low,25.6,most,134.5,525.18,high
bus,520.0,2,411.7,coal,gas,vegan,mixed,high,22.0,most,116.5,488.6,moderate
train,265.9,2,374.6,coal,oil,vegan,imported,low,37.7,some,50.2,481.73,moderate
car_petrol,293.1,0,357.9,coal,gas,omnivore,mixed,low,32.7,none,74.9,545.77,high
car_petrol,410.2,2,290.7,renewable,oil,vegetarian,mixed,high,43.4,some,91.7,366.17,low
car_diesel,681.7,1,117.1,coal,none,vegan,local,medium,28.5,none,210.7,314.26,low
car_petrol,438.4,2,216.4,coal,electric,vegan,imported,medium,24.2,none,33.9,403.23,moderate
car_petrol,232.9,0,290.6,coal,none,meat_heavy,mixed,low,30.4,some,73.7,430.57,moderate
car_diesel,625.5,3,188.2,mixed,gas,omnivore,local,high,32.6,none,74.5,554.95,high
car_petrol,147.4,0,289.0,renewable,electric,meat_heavy,mixed,high,19.2,none,81.2,367.86,low
bus,439.3,1,223.1,renewable,oil,meat_heavy,imported,medium,21.5,most,40.9,460.13,moderate
car_diesel,487.9,0,271.8,renewable,electric,vegan,local,high,24.6,most,43.4,183.07,low
cycle,749.6,4,258.8,coal,none,omnivore,mixed,high,29.7,most,37.2,442.98,moderate
car_petrol,501.2,3,336.1,mixed,gas,meat_heavy,mixed,medium,35.7,some,37.0,627.54,high
motorbike,463.2,1,66.6,mixed,none,meat_heavy,local,high,36.9,some,84.9,350.24,low
bus,356.1,3,357.0,renewable,gas,omnivore,mixed,high,31.9,none,250.6,486.49,moderate
cycle,533.0,1,234.0,renewable,oil,omnivore,local,medium,14.1,some,199.1,263.54,low
cycle,302.3,0,380.4,renewable,oil,vegetarian,local,low,17.1,none,140.2,188.55,low
cycle,392.4,0,155.7,coal,none,vegetarian,imported,high,12.0,none,184.6,304.5,low
car_petrol,493.0,1,447.1,coal,gas,vegan,imported,medium,37.9,some,146.9,621.82,high
car_petrol,796.5,0,404.5,coal,gas,omnivore,local,medium,18.3,none,319.0,715.92,high
bus,305.3,1,313.3,mixed,oil,vegetarian,mixed,medium,28.9,none,38.4,362.8,low
motorbike,704.9,3,138.4,mixed,none,omnivore,mixed,high,16.3,some,82.0,414.82,moderate
car_diesel,481.3,0,189.9,mixed,electric,omnivore,local,medium,29.3,none,99.4,373.38,low
car_petrol,320.5,0,274.1,coal,oil,meat_heavy,local,medium,36.9,some,59.2,568.41,high
cycle,213.4,0,196.1,mixed,gas,omnivore,mixed,high,25.9,none,38.5,348.1,low
train,617.0,2,329.4,mixed,gas,meat_heavy,imported,high,43.4,some,54.8,636.82,high
bus,498.1,1,248.5,mixed,gas,meat_heavy,mixed,medium,19.6,some,187.2,576.1,high
bus,766.3,0,291.2,coal,electric,meat_heavy,mixed,medium,12.7,some,187.0,539.08,high
car_petrol,702.2,0,125.3,mixed,none,omnivore,mixed,medium,27.1,most,100.2,405.48,moderate
cycle,286.4,0,277.9,mixed,electric,vegan,local,low,45.7,some,189.1,284.86,low
cycle,630.1,6,170.6,coal,gas,vegetarian,mixed,high,39.3,some,246.4,555.77,high
motorbike,387.5,0,315.1,coal,gas,vegetarian,local,medium,17.8,some,94.1,400.66,moderate
motorbike,197.6,4,315.0,mixed,oil,meat_heavy,mixed,low,17.9,none,50.3,529.55,high
car_diesel,417.1,6,159.6,mixed,electric,vegan,mixed,medium,21.9,some,174.6,489.73,moderate
bus,905.2,6,225.8,mixed,gas,meat_heavy,mixed,low,39.1,none,204.5,664.42,high
motorbike,392.3,6,243.8,coal,gas,vegetarian,imported,low,19.5,some,24.8,527.67,high
car_petrol,435.8,0,203.1,mixed,electric,omnivore,mixed,low,33.5,most,67.9,353.01,low
bus,327.2,0,187.0,renewable,gas,meat_heavy,local,medium,18.3,most,123.3,305.84,low
car_diesel,403.3,0,258.1,renewable,oil,omnivore,local,low,20.8,some,184.9,312.11,low
cycle,875.2,1,282.7,coal,electric,omnivore,mixed,medium,22.5,none,131.9,458.26,moderate
train,849.2,2,369.7,coal,electric,meat_heavy,mixed,low,20.5,most,160.4,603.9,high
cycle,337.9,0,185.1,mixed,electric,omnivore,local,medium,22.9,most,53.4,273.9,low
motorbike,344.6,0,242.0,mixed,gas,vegetarian,mixed,low,27.3,none,265.5,388.69,low
car_petrol,513.6,0,162.4,mixed,electric,meat_heavy,imported,medium,40.4,none,58.6,571.69,high
bus,101.0,10,169.2,mixed,gas,vegetarian,mixed,low,37.4,most,116.7,465.27,moderate
car_petrol,300.7,1,266.9,mixed,gas,omnivore,local,medium,24.4,some,39.0,374.19,low
car_petrol,994.7,6,198.2,mixed,oil,omnivore,local,high,12.4,most,96.5,675.37,high
train,751.2,0,167.8,mixed,electric,vegetarian,local,medium,24.9,most,156.1,277.62,low
train,131.5,1,329.7,mixed,gas,omnivore,mixed,medium,21.3,some,58.5,382.16,low
train,44.5,0,191.0,coal,gas,omnivore,mixed,low,21.7,most,172.8,433.39,moderate
motorbike,334.8,0,310.4,coal,electric,vegan,local,low,22.6,none,63.7,323.32,low
car_petrol,1074.0,1,70.2,renewable,oil,omnivore,mixed,low,16.4,some,98.5,452.9,moderate
cycle,744.7,3,268.6,mixed,electric,omnivore,mixed,low,28.6,most,61.5,382.7,low
car_diesel,313.4,0,228.6,renewable,none,omnivore,local,low,29.8,some,193.8,295.83,low
cycle,515.6,6,170.1,mixed,electric,omnivore,imported,low,42.3,none,69.3,479.31,moderate
car_petrol,337.9,0,323.4,coal,none,meat_heavy,imported,high,26.9,most,69.3,633.61,high
cycle,155.4,0,141.9,mixed,gas,vegan,mixed,medium,31.2,some,153.4,272.1,low
car_electric,104.5,3,165.7,coal,gas,meat_heavy,local,low,6.8,none,134.7,491.02,moderate
car_electric,298.6,4,208.7,coal,electric,vegan,mixed,low,60.9,some,415.5,565.39,high
train,986.2,4,331.7,coal,electric,vegetarian,local,high,33.0,most,85.0,480.72,moderate
car_petrol,243.6,10,230.6,mixed,gas,meat_heavy,local,medium,19.0,none,161.2,678.61,high
car_electric,329.2,0,239.1,mixed,gas,meat_heavy,local,medium,28.8,some,138.7,415.04,moderate
train,417.5,2,164.2,mixed,oil,meat_heavy,mixed,medium,42.2,some,86.5,483.98,moderate
car_diesel,394.0,0,234.0,renewable,oil,omnivore,imported,medium,17.7,most,154.7,398.44,low
car_petrol,275.5,4,225.3,coal,oil,meat_heavy,mixed,medium,47.4,some,137.0,773.51,high
cycle,825.2,3,283.6,mixed,none,vegan,local,medium,30.4,some,179.8,297.88,low
train,217.4,0,310.2,mixed,none,omnivore,imported,high,30.1,none,78.5,426.59,moderate
bus,785.5,1,198.5,coal,gas,meat_heavy,mixed,high,24.4,some,181.6,689.2,high
bus,62.5,0,209.0,coal,none,vegetarian,imported,high,15.9,some,171.5,295.93,low
car_petrol,838.4,1,381.9,coal,electric,vegan,mixed,high,18.8,some,116.1,604.17,high
cycle,273.0,6,154.9,mixed,oil,omnivore,mixed,medium,28.6,some,65.4,465.3,moderate
car_electric,555.5,2,289.3,mixed,electric,omnivore,local,high,17.2,some,230.9,472.29,moderate
bus,512.7,0,244.7,renewable,oil,omnivore,mixed,high,11.9,some,78.7,301.91,low
car_petrol,468.7,1,232.2,renewable,oil,vegetarian,local,medium,51.6,some,118.2,326.99,low
motorbike,182.5,3,88.4,mixed,oil,vegan,local,medium,11.9,most,129.8,330.84,low
cycle,245.9,0,262.0,renewable,gas,omnivore,local,low,31.5,most,35.6,185.11,low
train,682.5,2,97.5,mixed,gas,omnivore,mixed,high,17.9,most,196.5,461.84,moderate
cycle,399.3,10,329.8,mixed,gas,vegetarian,local,low,24.3,some,166.5,515.4,high
car_electric,637.0,0,148.5,renewable,electric,omnivore,mixed,high,16.2,some,58.6,300.88,low
car_petrol,233.1,0,367.5,mixed,electric,meat_heavy,local,medium,48.5,some,170.0,510.23,moderate
car_petrol,1549.1,0,394.2,mixed,gas,meat_heavy,local,medium,30.1,some,185.5,760.25,high
bus,786.6,0,397.7,coal,electric,omnivore,imported,low,31.5,most,49.7,479.04,moderate
car_diesel,535.4,0,354.0,coal,gas,omnivore,mixed,medium,34.7,some,57.7,567.02,high
car_petrol,770.2,3,141.3,renewable,gas,omnivore,mixed,low,37.7,some,276.1,575.26,high
train,220.5,6,364.1,mixed,electric,meat_heavy,local,low,18.5,some,145.6,475.21,moderate
car_petrol,800.0,0,104.1,coal,none,omnivore,mixed,medium,31.3,none,67.1,439.55,moderate
car_diesel,1061.4,0,151.0,mixed,gas,omnivore,mixed,high,8.3,some,275.6,586.25,high
car_petrol,453.2,0,243.3,coal,oil,omnivore,imported,medium,29.1,most,102.5,602.79,high
train,251.7,0,411.6,renewable,oil,meat_heavy,imported,low,39.6,most,170.7,437.14,moderate
cycle,685.2,1,281.2,renewable,oil,meat_heavy,mixed,low,38.2,none,109.7,352.19,low
car_petrol,528.1,3,263.8,renewable,electric,omnivore,mixed,high,37.5,most,85.4,439.23,moderate
cycle,601.3,1,230.8,renewable,electric,omnivore,local,low,21.5,some,134.9,259.07,low
cycle,361.6,2,259.2,mixed,gas,omnivore,mixed,medium,13.6,some,104.2,432.38,moderate
bus,732.3,2,264.3,coal,oil,omnivore,mixed,medium,24.9,some,57.3,593.05,high
train,314.2,1,57.9,coal,gas,vegetarian,imported,medium,22.7,some,67.0,360.79,low
car_petrol,498.9,1,416.8,mixed,gas,meat_heavy,imported,medium,26.3,some,239.8,753.4,high
train,264.8,1,357.5,mixed,oil,omnivore,imported,low,24.9,some,135.8,476.46,moderate
car_petrol,237.2,0,277.0,mixed,gas,meat_heavy,local,low,35.7,some,41.6,382.06,low
car_diesel,178.3,1,283.8,renewable,oil,omnivore,mixed,high,30.9,some,159.3,365.83,low
bus,508.8,4,317.0,coal,gas,omnivore,imported,low,25.6,some,326.0,705.48,high
motorbike,281.8,3,367.4,renewable,electric,meat_heavy,imported,low,15.6,most,50.2,407.15,moderate
bus,162.5,0,183.6,coal,gas,omnivore,mixed,low,23.5,some,137.5,416.32,moderate
car_electric,508.1,3,187.2,coal,gas,meat_heavy,local,high,15.6,some,175.5,633.44,high
motorbike,467.3,4,315.3,coal,electric,meat_heavy,imported,high,49.3,none,123.5,816.49,high
cycle,673.6,1,231.6,mixed,electric,omnivore,mixed,medium,38.5,none,233.7,444.02,moderate
car_petrol,170.1,0,222.4,mixed,none,vegetarian,mixed,medium,24.7,most,165.1,288.58,low
bus,431.1,2,374.0,coal,gas,omnivore,imported,high,42.4,most,44.3,642.92,high
car_petrol,135.6,6,174.3,coal,gas,omnivore,mixed,medium,20.3,some,100.1,562.09,high
motorbike,354.4,1,187.7,renewable,electric,meat_heavy,mixed,medium,34.9,most,127.6,359.99,low
car_electric,690.7,1,384.9,renewable,gas,vegetarian,mixed,high,32.9,none,295.1,388.44,low
car_electric,495.2,2,271.0,mixed,electric,vegan,mixed,low,14.4,some,220.3,328.56,low
train,386.0,0,315.5,mixed,gas,meat_heavy,mixed,low,25.0,some,82.4,485.05,moderate
car_electric,369.4,2,262.8,mixed,gas,omnivore,local,medium,52.9,most,132.0,455.21,moderate
cycle,180.8,0,403.0,coal,electric,vegan,mixed,medium,26.3,none,166.1,438.8,moderate
bus,518.9,0,291.5,coal,oil,omnivore,mixed,low,45.7,some,85.4,527.78,high
car_petrol,896.1,1,20.0,renewable,gas,omnivore,imported,low,54.2,most,112.2,504.21,moderate
car_diesel,854.0,3,235.7,mixed,gas,omnivore,local,low,6.4,some,310.4,657.92,high
bus,722.3,0,107.8,mixed,electric,meat_heavy,mixed,medium,24.1,some,141.0,475.68,moderate
car_diesel,758.9,6,243.1,mixed,electric,vegetarian,imported,medium,27.1,most,266.8,642.14,high
car_petrol,726.9,3,132.8,coal,oil,meat_heavy,mixed,medium,19.0,none,199.9,797.48,high
bus,265.6,4,166.2,mixed,electric,omnivore,mixed,high,41.3,some,51.7,500.88,moderate
car_diesel,394.6,1,416.5,coal,electric,vegan,mixed,medium,40.6,some,35.1,429.39,moderate
car_electric,572.3,6,236.2,mixed,oil,vegan,local,medium,21.7,most,87.7,418.66,moderate
car_petrol,284.0,2,338.1,coal,gas,meat_heavy,local,low,46.4,none,130.4,676.94,high
motorbike,287.6,1,179.6,renewable,oil,vegetarian,mixed,low,37.9,some,183.9,280.3,low
train,787.8,2,290.1,renewable,gas,meat_heavy,mixed,medium,40.2,some,116.1,472.32,moderate
car_diesel,385.3,6,205.1,renewable,gas,omnivore,mixed,medium,36.9,some,67.6,390.2,low
car_petrol,389.7,3,308.5,coal,gas,vegan,imported,low,32.9,most,367.9,676.97,high
bus,536.1,0,444.0,coal,electric,vegetarian,local,low,36.0,most,110.4,457.23,moderate
train,276.9,2,225.9,coal,gas,omnivore,mixed,low,31.7,most,132.5,471.4,moderate
train,635.3,3,321.0,mixed,gas,meat_heavy,imported,medium,21.7,none,157.9,614.35,high
car_petrol,725.1,1,240.5,mixed,electric,meat_heavy,local,medium,13.6,most,71.6,496.66,moderate
car_petrol,89.5,4,203.1,mixed,none,meat_heavy,local,low,24.5,some,297.8,479.37,moderate
bus,235.0,2,187.2,mixed,electric,meat_heavy,local,low,20.9,most,36.9,336.75,low
bus,813.0,1,286.4,coal,oil,omnivore,mixed,medium,37.0,most,356.6,738.79,high
car_petrol,591.2,3,234.7,coal,gas,omnivore,mixed,low,18.3,most,98.8,578.02,high
car_diesel,305.1,0,90.3,mixed,oil,vegan,local,medium,26.4,some,148.8,309.44,low
motorbike,1077.7,2,295.1,mixed,gas,vegetarian,imported,low,22.9,some,241.0,537.44,high
cycle,1552.9,1,232.6,renewable,electric,vegan,local,high,20.8,none,150.2,199.62,low
motorbike,627.8,2,28.2,coal,electric,meat_heavy,local,medium,34.9,some,164.8,501.59,moderate
car_petrol,631.9,0,145.0,mixed,gas,meat_heavy,local,low,32.8,some,220.4,511.28,high
car_petrol,604.8,1,87.4,mixed,oil,vegetarian,imported,medium,34.0,most,75.7,477.41,moderate
train,704.9,10,308.9,mixed,electric,omnivore,local,medium,30.6,some,123.5,522.12,high
car_electric,273.4,1,210.1,mixed,electric,omnivore,mixed,medium,32.0,most,33.3,322.52,low
train,422.3,4,209.4,coal,gas,meat_heavy,local,medium,27.6,most,24.8,503.43,moderate
car_petrol,447.7,0,328.0,mixed,gas,vegan,imported,medium,34.7,most,236.1,457.44,moderate
car_petrol,255.6,1,361.7,mixed,none,omnivore,mixed,high,17.3,most,81.2,427.51,moderate
car_petrol,287.9,1,302.9,mixed,electric,meat_heavy,local,medium,41.1,some,126.2,492.45,moderate
bus,195.5,10,49.7,renewable,gas,meat_heavy,mixed,low,22.6,some,60.1,519.49,high
car_petrol,182.8,2,284.6,mixed,gas,meat_heavy,mixed,high,14.9,none,337.2,703.43,high
car_diesel,308.7,1,243.9,mixed,none,omnivore,mixed,low,30.3,none,66.1,376.02,low
car_electric,175.9,3,37.0,mixed,gas,omnivore,mixed,low,35.8,some,224.0,440.41,moderate
motorbike,599.9,2,177.6,coal,electric,omnivore,mixed,high,46.4,some,75.7,516.04,high
train,759.5,0,369.2,mixed,electric,meat_heavy,mixed,medium,19.8,some,96.7,438.24,moderate
car_petrol,523.1,1,322.4,coal,electric,omnivore,mixed,medium,27.6,some,276.6,698.35,high
train,310.6,2,314.5,mixed,oil,omnivore,local,medium,22.8,some,55.8,392.75,low
car_petrol,466.8,0,247.9,renewable,gas,meat_heavy,mixed,low,37.4,most,122.6,427.83,moderate
bus,358.9,4,275.8,renewable,oil,meat_heavy,mixed,low,36.5,none,52.9,420.4,moderate
car_petrol,901.5,1,234.6,mixed,none,meat_heavy,local,medium,10.4,most,36.4,481.5,moderate
car_petrol,233.0,0,146.7,mixed,oil,vegan,mixed,medium,10.7,most,174.2,347.1,low
car_petrol,332.7,4,208.3,mixed,electric,omnivore,mixed,medium,15.6,some,79.0,465.59,moderate
car_diesel,144.8,0,144.0,mixed,gas,vegan,imported,medium,35.1,some,161.3,310.51,low
car_petrol,390.1,0,223.2,mixed,gas,vegetarian,mixed,medium,37.9,most,131.0,411.27,moderate
car_electric,638.8,0,271.3,coal,electric,vegetarian,local,low,26.5,some,57.2,356.15,low
car_diesel,419.2,0,237.9,mixed,gas,omnivore,mixed,high,30.2,most,138.8,479.06,moderate
cycle,512.3,0,226.4,mixed,gas,meat_heavy,mixed,low,39.7,none,71.1,419.24,moderate
cycle,665.7,1,211.6,renewable,gas,omnivore,imported,medium,35.8,some,159.8,381.32,low
car_petrol,728.0,3,295.2,mixed,electric,vegan,local,high,12.6,most,47.6,360.13,low
bus,331.6,2,325.4,mixed,none,meat_heavy,imported,medium,35.9,none,65.8,528.81,high
car_petrol,985.9,4,269.0,mixed,electric,omnivore,local,high,28.0,none,142.1,696.46,high
bus,640.2,1,251.8,coal,none,meat_heavy,local,low,10.8,some,95.8,371.05,low
car_petrol,600.7,1,220.6,mixed,gas,meat_heavy,imported,low,25.0,most,109.3,637.3,high
bus,420.7,6,201.5,mixed,oil,meat_heavy,mixed,low,2.0,none,103.0,528.65,high
bus,516.0,0,200.0,coal,gas,vegan,local,low,27.2,none,282.9,458.35,moderate
motorbike,634.6,3,506.7,mixed,electric,meat_heavy,imported,medium,6.1,none,101.6,668.05,high
car_petrol,281.5,3,358.3,coal,gas,meat_heavy,local,low,32.0,none,135.4,630.99,high
bus,460.4,0,211.8,mixed,gas,omnivore,local,medium,16.4,some,291.7,455.77,moderate
bus,865.0,2,20.0,mixed,gas,omnivore,mixed,medium,13.7,some,57.7,384.35,low
bus,710.3,0,265.8,mixed,gas,omnivore,imported,medium,25.7,most,113.2,478.34,moderate
train,464.8,2,216.7,mixed,electric,meat_heavy,local,medium,17.5,some,64.4,382.22,low
car_petrol,295.8,2,288.7,renewable,gas,meat_heavy,imported,medium,32.3,some,164.4,578.04,high
bus,361.8,2,279.3,mixed,electric,meat_heavy,local,low,41.6,some,147.0,481.41,moderate
car_petrol,256.0,3,352.0,coal,gas,omnivore,mixed,medium,20.6,most,85.3,594.39,high
cycle,441.4,1,325.0,mixed,electric,vegetarian,mixed,low,10.5,most,136.3,312.49,low
cycle,327.4,4,115.9,mixed,electric,vegan,imported,medium,31.2,some,167.1,331.08,low
train,418.6,1,226.1,mixed,oil,vegan,imported,medium,12.5,none,165.8,305.29,low
cycle,540.3,2,143.8,coal,electric,vegetarian,local,medium,24.4,some,115.0,337.98,low
bus,613.5,1,275.0,mixed,gas,meat_heavy,mixed,high,34.0,most,154.4,562.43,high
car_petrol,433.0,4,130.5,mixed,electric,meat_heavy,mixed,medium,34.6,most,55.7,563.88,high
cycle,735.9,3,215.4,coal,gas,vegetarian,mixed,medium,26.9,some,233.5,509.79,moderate
cycle,449.7,2,208.3,mixed,electric,omnivore,local,low,23.6,none,194.4,386.8,low
car_diesel,298.6,2,252.6,coal,gas,omnivore,mixed,high,30.2,none,150.0,653.79,high
bus,229.6,0,309.5,renewable,gas,vegetarian,mixed,high,35.1,most,73.1,223.43,low
train,246.7,0,356.5,mixed,gas,omnivore,mixed,low,27.7,some,52.1,378.82,low
train,196.3,0,189.6,renewable,none,vegan,mixed,medium,24.1,most,160.9,151.99,low
motorbike,720.2,2,257.9,mixed,electric,vegetarian,mixed,high,21.5,some,269.4,487.01,moderate
bus,361.1,0,176.7,mixed,oil,omnivore,local,low,44.8,none,172.4,425.55,moderate
train,704.9,0,373.9,renewable,none,vegan,mixed,medium,27.6,some,160.2,194.33,low
motorbike,746.2,3,297.8,coal,electric,omnivore,mixed,low,17.4,none,51.4,524.76,high
train,763.4,6,148.6,renewable,electric,vegetarian,local,medium,13.8,some,139.1,296.36,low
car_petrol,281.1,1,178.1,mixed,oil,omnivore,mixed,low,31.4,most,21.5,387.68,low
car_petrol,294.4,10,379.2,renewable,electric,vegetarian,mixed,medium,33.2,none,81.6,456.67,moderate
train,675.5,1,240.0,mixed,electric,vegetarian,mixed,medium,30.6,some,43.6,298.34,low
car_petrol,701.1,0,214.3,mixed,electric,omnivore,imported,medium,27.8,some,92.5,517.44,high
bus,81.3,3,330.1,mixed,electric,vegan,mixed,low,42.6,most,271.5,421.97,moderate
cycle,704.9,0,382.7,mixed,gas,meat_heavy,local,high,44.6,most,67.7,440.19,moderate
car_petrol,425.5,1,228.3,mixed,gas,meat_heavy,local,high,26.0,some,252.0,663.31,high
bus,913.6,2,162.1,renewable,gas,vegan,mixed,medium,39.2,none,88.6,307.76,low
car_petrol,626.3,0,244.7,mixed,gas,omnivore,mixed,medium,31.4,none,69.3,514.31,high
cycle,580.7,4,241.6,coal,gas,vegetarian,imported,medium,18.7,some,133.6,531.71,high
car_electric,408.4,0,112.0,coal,gas,meat_heavy,local,medium,28.7,most,27.5,381.86,low
motorbike,174.8,2,410.8,renewable,oil,meat_heavy,mixed,low,22.1,some,364.1,507.93,moderate
car_petrol,688.0,3,232.1,mixed,electric,omnivore,mixed,high,23.1,none,71.5,529.84,high
car_petrol,842.5,4,206.4,coal,oil,omnivore,local,medium,25.8,none,228.3,696.15,high
car_petrol,418.7,2,509.6,renewable,gas,omnivore,mixed,low,40.9,none,96.4,444.0,moderate
car_petrol,207.4,4,262.7,mixed,oil,omnivore,imported,medium,29.2,some,93.9,570.05,high
cycle,587.2,0,259.8,coal,electric,omnivore,local,medium,23.6,some,267.9,458.49,moderate
car_diesel,490.4,2,261.1,renewable,oil,omnivore,imported,low,37.9,most,109.0,446.81,moderate
car_petrol,696.6,1,281.2,coal,gas,vegetarian,imported,medium,10.9,most,176.8,618.65,high
motorbike,575.5,0,351.1,mixed,electric,omnivore,local,high,27.0,some,210.5,404.73,moderate
bus,482.7,1,234.6,renewable,gas,omnivore,mixed,medium,27.2,some,34.8,289.3,low
car_petrol,781.2,2,245.7,mixed,gas,omnivore,mixed,medium,25.7,most,198.5,602.1,high
cycle,338.4,1,169.2,coal,oil,vegan,mixed,low,19.6,none,129.4,428.06,moderate
car_petrol,809.9,2,336.4,mixed,electric,meat_heavy,imported,medium,19.3,none,239.2,772.98,high
cycle,468.8,0,239.4,mixed,gas,meat_heavy,mixed,high,18.6,most,96.5,494.26,moderate
car_electric,447.3,0,309.5,mixed,none,omnivore,mixed,low,29.1,none,214.4,361.06,low
car_petrol,1064.5,0,428.0,coal,electric,omnivore,mixed,low,20.1,some,44.0,624.66,high
car_petrol,207.2,2,343.6,mixed,gas,meat_heavy,local,medium,25.3,most,198.2,494.52,moderate
car_diesel,334.8,2,313.7,mixed,gas,vegetarian,local,medium,30.4,most,116.4,389.23,low
car_diesel,767.6,1,187.0,mixed,gas,vegetarian,imported,high,7.3,some,65.6,455.19,moderate
train,378.4,2,326.3,mixed,gas,meat_heavy,local,low,15.1,some,129.7,459.03,moderate
cycle,168.3,2,272.0,renewable,electric,vegetarian,imported,high,16.5,none,425.5,414.96,moderate
bus,95.1,0,295.0,mixed,electric,vegetarian,local,low,24.7,none,66.5,267.63,low
train,333.4,2,318.9,mixed,gas,meat_heavy,mixed,medium,10.7,some,71.7,478.84,moderate
cycle,392.6,2,202.6,coal,oil,omnivore,local,medium,18.8,most,93.7,461.94,moderate
car_petrol,138.7,0,338.9,mixed,electric,meat_heavy,imported,medium,21.9,none,62.1,521.72,high
bus,460.3,0,157.8,renewable,gas,omnivore,local,medium,44.2,most,75.2,260.72,low
cycle,480.2,10,151.6,coal,gas,vegetarian,mixed,medium,28.6,some,62.2,575.1,high
motorbike,639.5,2,210.5,mixed,electric,omnivore,mixed,high,21.9,some,53.0,475.22,moderate
car_petrol,666.1,4,304.0,mixed,gas,meat_heavy,mixed,high,29.7,most,133.9,792.43,high
car_diesel,734.0,2,420.1,mixed,gas,vegetarian,local,medium,35.7,most,182.5,534.45,high
cycle,548.5,6,317.5,mixed,gas,vegetarian,mixed,low,33.5,some,183.8,471.18,moderate
cycle,565.6,1,350.7,mixed,gas,vegetarian,imported,high,14.5,some,149.2,402.93,moderate
car_petrol,381.5,2,113.5,mixed,electric,omnivore,imported,medium,37.2,some,261.7,602.68,high
cycle,125.9,3,117.3,renewable,electric,meat_heavy,mixed,high,26.5,most,243.6,470.84,moderate
train,456.1,0,75.2,mixed,electric,vegetarian,local,medium,46.5,some,150.4,278.65,low
car_electric,453.7,0,260.3,mixed,gas,omnivore,local,medium,34.1,none,131.9,373.5,low
train,193.0,3,276.0,renewable,gas,omnivore,imported,high,32.1,some,221.4,488.5,moderate
train,319.5,0,327.9,mixed,electric,vegetarian,mixed,high,23.7,most,59.9,309.26,low
car_diesel,785.8,0,247.7,renewable,gas,vegan,imported,medium,30.7,none,82.8,318.02,low
motorbike,312.8,6,236.7,coal,electric,omnivore,local,high,33.0,none,239.9,619.73,high
car_diesel,813.2,1,284.5,coal,electric,omnivore,local,low,26.2,most,58.3,507.97,moderate
motorbike,525.3,10,267.3,mixed,electric,meat_heavy,local,low,23.0,most,204.6,616.37,high
bus,337.1,4,316.0,coal,oil,omnivore,mixed,high,43.3,some,80.2,654.32,high
car_diesel,495.7,0,53.8,coal,gas,omnivore,mixed,high,23.8,some,64.6,533.54,high
bus,428.9,3,169.9,renewable,gas,vegan,local,low,18.0,some,119.2,238.52,low
motorbike,628.5,2,348.9,renewable,electric,meat_heavy,local,high,26.1,some,180.9,473.53,moderate
bus,970.3,2,242.0,coal,oil,vegan,imported,medium,12.2,some,134.2,553.08,high
car_petrol,111.7,1,374.2,mixed,gas,meat_heavy,local,low,41.5,none,104.7,455.27,moderate
car_petrol,470.8,0,267.8,mixed,gas,omnivore,mixed,medium,10.2,none,59.8,420.31,moderate
train,872.9,2,368.7,mixed,oil,vegetarian,mixed,medium,23.9,most,76.1,407.64,moderate
bus,314.0,3,233.4,renewable,gas,meat_heavy,imported,low,38.7,some,171.3,469.06,moderate
motorbike,297.8,2,143.7,coal,gas,meat_heavy,mixed,high,28.5,most,93.6,581.49,high
train,404.6,0,318.3,coal,oil,omnivore,local,high,21.4,most,92.5,543.63,high
car_petrol,395.1,3,167.0,mixed,electric,vegan,imported,high,18.9,some,132.8,390.99,low
car_diesel,496.8,0,73.1,mixed,oil,vegetarian,mixed,high,24.1,some,83.5,357.09,low
train,353.8,2,185.3,coal,gas,meat_heavy,local,medium,24.0,most,90.7,495.36,moderate
car_petrol,215.8,1,112.8,mixed,electric,omnivore,local,medium,27.9,some,153.2,366.22,low
car_petrol,450.6,1,121.2,mixed,gas,omnivore,mixed,medium,27.2,some,175.5,433.34,moderate
train,689.5,0,249.0,mixed,gas,omnivore,local,high,27.0,none,470.1,564.15,high
car_petrol,763.2,1,328.8,renewable,oil,omnivore,mixed,low,30.3,none,88.6,397.29,low
train,409.3,4,290.9,mixed,oil,vegetarian,imported,medium,26.0,none,132.5,482.3,moderate
bus,346.8,0,307.7,mixed,gas,omnivore,imported,high,32.8,most,8.8,455.85,moderate
bus,216.4,0,199.8,renewable,gas,omnivore,mixed,medium,13.6,some,135.3,300.25,low
motorbike,405.3,0,194.3,mixed,oil,vegetarian,mixed,medium,12.5,most,35.2,299.94,low
train,312.9,0,252.2,renewable,oil,omnivore,local,high,15.8,some,186.4,297.72,low
car_petrol,404.2,0,227.4,coal,none,omnivore,mixed,medium,25.5,most,125.9,419.38,moderate
cycle,268.4,4,361.3,renewable,gas,vegan,mixed,medium,23.5,most,95.6,251.13,low
bus,469.1,2,150.6,mixed,gas,omnivore,local,medium,35.6,some,154.2,436.06,moderate
train,597.9,3,176.5,renewable,gas,omnivore,local,medium,2.0,some,193.1,332.33,low
train,459.8,3,20.0,mixed,electric,omnivore,mixed,high,30.3,most,336.8,533.1,high
cycle,303.9,2,345.9,coal,electric,omnivore,imported,high,36.5,none,93.5,615.73,high
car_diesel,318.8,0,34.8,mixed,gas,omnivore,mixed,low,28.0,some,151.5,366.95,low
bus,218.4,4,181.2,mixed,none,vegetarian,imported,medium,28.5,none,58.9,318.79,low
cycle,598.2,0,280.3,mixed,gas,omnivore,local,medium,24.7,most,153.8,364.97,low
bus,779.0,1,172.9,mixed,oil,meat_heavy,mixed,low,15.7,some,143.8,481.19,moderate
motorbike,331.8,3,241.2,coal,electric,omnivore,mixed,medium,23.7,some,91.7,491.04,moderate
train,279.3,0,168.1,mixed,gas,vegetarian,mixed,medium,14.5,some,144.8,329.63,low
cycle,337.6,0,259.2,mixed,electric,omnivore,mixed,medium,19.8,none,85.0,324.3,low
train,862.8,2,405.0,mixed,electric,omnivore,local,medium,17.6,some,27.8,353.14,low
car_diesel,570.9,0,412.0,mixed,oil,meat_heavy,mixed,high,29.7,most,409.3,837.35,high
car_petrol,444.4,1,374.3,coal,electric,omnivore,mixed,medium,16.1,some,236.5,661.21,high
cycle,129.8,0,326.6,mixed,electric,vegan,imported,high,53.9,some,40.9,293.34,low
car_petrol,635.5,1,221.5,coal,none,vegetarian,mixed,low,19.0,some,128.8,372.82,low
car_petrol,390.0,4,220.1,mixed,electric,meat_heavy,mixed,low,14.8,some,58.2,496.65,moderate
train,568.7,1,265.9,renewable,gas,vegetarian,mixed,high,18.8,none,103.3,239.89,low
car_petrol,567.0,0,272.8,coal,electric,meat_heavy,local,high,55.4,none,72.4,660.2,high
car_diesel,612.6,0,404.8,mixed,none,meat_heavy,mixed,high,34.5,some,107.3,583.16,high
cycle,371.1,0,119.0,mixed,none,omnivore,imported,high,36.4,most,40.2,336.12,low
cycle,262.8,2,433.7,mixed,gas,meat_heavy,imported,medium,32.3,none,104.2,568.45,high
car_electric,884.6,6,178.4,mixed,electric,vegetarian,local,medium,38.0,some,151.0,430.29,moderate
train,310.9,0,331.3,mixed,gas,omnivore,imported,low,21.0,some,132.0,410.21,moderate
car_petrol,208.3,4,301.7,renewable,electric,omnivore,imported,low,14.4,none,132.4,389.67,low
car_petrol,1107.0,0,309.4,coal,none,vegetarian,mixed,low,16.5,some,155.8,503.77,moderate
car_petrol,605.4,4,177.4,mixed,electric,vegetarian,mixed,low,27.2,some,74.1,444.71,moderate
car_electric,919.6,4,413.0,renewable,gas,meat_heavy,mixed,medium,25.3,some,107.1,495.52,moderate
car_electric,590.7,1,67.2,coal,gas,omnivore,mixed,low,31.4,some,75.5,394.5,low
cycle,409.2,2,213.2,mixed,electric,vegetarian,local,high,26.3,some,117.8,293.96,low
car_diesel,1310.2,6,302.7,mixed,oil,omnivore,local,medium,45.5,some,66.0,711.83,high
bus,562.6,0,154.7,mixed,gas,meat_heavy,local,medium,26.1,some,112.0,409.65,moderate
car_diesel,636.3,3,168.1,mixed,electric,vegan,local,low,18.1,some,96.5,340.6,low
cycle,748.7,6,187.1,mixed,none,omnivore,local,high,16.0,none,112.3,373.91,low
train,273.7,0,218.2,mixed,gas,meat_heavy,mixed,low,24.8,most,141.5,437.29,moderate
cycle,574.8,3,115.0,mixed,gas,omnivore,mixed,medium,22.0,none,287.8,488.53,moderate
train,412.1,2,324.9,coal,none,omnivore,local,low,32.0,some,75.5,399.58,low
car_petrol,355.6,1,231.6,mixed,electric,vegetarian,local,medium,22.2,most,80.3,345.44,low
cycle,436.2,0,296.4,mixed,gas,vegetarian,imported,medium,33.6,none,122.7,395.68,low
train,334.6,6,252.9,mixed,gas,omnivore,local,medium,21.0,some,190.9,461.78,moderate
cycle,511.6,1,309.1,mixed,electric,omnivore,local,low,30.2,most,123.2,329.51,low
cycle,439.3,0,283.6,mixed,electric,omnivore,mixed,medium,45.3,none,154.7,426.37,moderate
car_electric,282.0,4,176.0,mixed,gas,omnivore,mixed,medium,20.1,some,74.2,435.88,moderate
motorbike,857.4,0,321.5,mixed,electric,vegetarian,local,low,24.1,some,226.9,397.27,low
car_diesel,473.0,1,229.6,mixed,gas,vegetarian,mixed,medium,36.2,some,22.1,378.73,low
car_petrol,501.6,0,139.9,mixed,electric,meat_heavy,mixed,low,34.5,some,247.4,513.98,high
car_petrol,297.7,0,235.7,coal,none,vegetarian,local,medium,27.7,some,90.1,276.25,low
train,532.3,1,388.0,mixed,electric,meat_heavy,mixed,medium,26.6,none,76.2,466.63,moderate
car_diesel,542.4,2,285.8,renewable,gas,meat_heavy,imported,high,30.8,some,278.9,605.01,high
car_petrol,955.0,10,127.4,coal,electric,omnivore,mixed,low,19.4,some,130.3,734.15,high
cycle,571.6,0,286.4,mixed,gas,meat_heavy,mixed,medium,21.5,none,337.8,540.83,high
bus,265.0,3,217.7,coal,electric,omnivore,local,low,23.4,some,40.8,417.46,moderate
car_petrol,272.6,1,345.7,coal,electric,omnivore,mixed,low,35.3,some,245.1,593.26,high
cycle,679.4,0,269.1,mixed,none,vegetarian,mixed,medium,27.6,most,82.9,215.96,low
bus,256.3,1,190.7,mixed,electric,meat_heavy,imported,high,21.7,some,226.2,690.52,high
cycle,598.3,1,159.0,mixed,gas,meat_heavy,local,medium,22.0,some,92.8,384.5,low
cycle,353.7,0,247.3,mixed,electric,omnivore,local,low,16.2,none,259.6,360.58,low
bus,572.8,0,183.5,coal,electric,omnivore,mixed,medium,28.5,some,312.3,528.58,high
train,207.5,2,86.8,mixed,gas,omnivore,local,low,26.9,some,122.8,345.11,low
train,285.8,0,338.0,mixed,gas,omnivore,imported,medium,17.5,none,181.5,471.93,moderate
car_diesel,622.4,1,223.3,coal,electric,omnivore,imported,medium,26.1,some,120.2,602.45,high
car_diesel,282.4,1,388.7,mixed,oil,omnivore,local,medium,29.7,some,150.6,489.85,moderate
train,352.9,3,189.7,mixed,electric,omnivore,local,low,27.6,some,179.0,404.5,moderate
cycle,1365.4,2,267.4,mixed,gas,meat_heavy,local,medium,34.6,some,85.8,432.68,moderate
car_petrol,543.1,1,209.7,renewable,electric,meat_heavy,imported,medium,23.9,none,138.3,487.59,moderate
car_electric,326.2,0,167.7,renewable,gas,omnivore,mixed,medium,36.0,none,187.4,331.06,low
bus,813.1,0,155.8,mixed,electric,meat_heavy,mixed,high,14.0,some,78.1,457.78,moderate
cycle,366.3,6,305.7,mixed,gas,omnivore,imported,medium,25.2,most,134.1,612.29,high
cycle,290.7,0,320.6,mixed,electric,vegetarian,local,low,30.8,some,100.7,287.5,low
car_electric,719.7,0,253.4,mixed,electric,vegetarian,imported,low,53.2,some,125.6,380.89,low
train,682.8,3,301.0,mixed,electric,meat_heavy,imported,medium,32.5,some,139.8,567.59,high
cycle,376.3,2,281.2,renewable,oil,vegan,mixed,low,42.9,most,153.2,230.67,low
car_petrol,634.3,0,222.9,renewable,electric,omnivore,local,medium,20.1,some,142.8,353.83,low
cycle,275.5,1,249.8,mixed,electric,vegetarian,mixed,high,23.4,some,73.9,311.09,low
motorbike,379.1,3,259.9,coal,gas,meat_heavy,imported,low,20.6,some,83.4,612.54,high
car_electric,522.5,0,268.4,renewable,none,omnivore,mixed,low,8.9,none,103.4,251.71,low
car_diesel,176.7,6,330.0,coal,gas,vegan,local,medium,28.2,some,296.4,585.62,high
cycle,669.5,2,154.7,coal,electric,meat_heavy,mixed,medium,35.5,some,56.8,495.77,moderate
cycle,375.0,0,278.1,mixed,gas,omnivore,imported,medium,24.0,none,214.1,452.4,moderate
motorbike,232.5,0,447.8,renewable,none,omnivore,local,low,33.0,some,74.3,247.58,low
car_petrol,303.3,0,264.6,mixed,electric,vegan,local,low,36.8,most,106.8,302.53,low
car_petrol,234.9,0,248.3,mixed,oil,vegan,local,medium,45.8,most,251.5,404.92,moderate
car_petrol,172.8,2,190.9,mixed,none,omnivore,local,low,26.5,most,159.4,325.13,low
car_electric,374.9,3,243.8,mixed,gas,omnivore,mixed,high,42.1,some,98.0,522.94,high
car_petrol,314.4,4,123.6,mixed,oil,omnivore,mixed,high,37.7,none,64.1,557.55,high
car_petrol,221.3,1,371.0,renewable,gas,meat_heavy,mixed,medium,35.4,some,115.7,397.07,low
train,98.2,10,309.0,mixed,gas,meat_heavy,local,low,36.5,none,230.1,647.62,high
bus,151.9,4,311.9,mixed,oil,meat_heavy,local,medium,23.4,some,195.8,559.8,high
car_petrol,265.2,0,280.5,mixed,gas,omnivore,mixed,high,26.6,some,78.5,491.26,moderate
car_electric,153.4,1,93.3,renewable,none,omnivore,mixed,medium,27.0,most,86.6,244.82,low
car_diesel,403.1,10,303.6,coal,none,vegetarian,local,medium,41.1,most,68.5,537.81,high
bus,527.9,1,237.4,renewable,oil,omnivore,local,medium,31.0,some,209.7,361.29,low
bus,390.7,2,279.6,mixed,gas,vegetarian,mixed,low,8.3,most,191.4,392.65,low
car_petrol,488.2,0,125.5,mixed,oil,vegetarian,imported,medium,33.6,most,276.7,489.02,moderate
car_petrol,770.1,1,366.5,coal,gas,vegan,local,medium,32.4,most,124.9,574.56,high
car_electric,743.0,0,210.6,renewable,oil,vegetarian,mixed,low,27.9,most,183.7,247.68,low
car_petrol,382.0,0,216.1,mixed,gas,meat_heavy,imported,medium,14.7,some,56.2,567.23,high
bus,827.3,1,144.9,coal,gas,meat_heavy,local,medium,30.6,most,358.3,625.89,high
car_petrol,810.3,0,277.5,coal,electric,vegan,local,high,27.3,some,95.0,500.78,moderate
bus,772.4,0,294.3,coal,gas,omnivore,imported,medium,41.2,most,90.9,566.64,high
car_petrol,495.1,1,285.3,mixed,electric,omnivore,mixed,low,28.5,some,320.1,573.12,high
car_electric,927.7,1,248.9,coal,gas,omnivore,local,medium,30.2,none,161.2,594.06,high
cycle,227.5,0,227.1,mixed,oil,omnivore,mixed,low,16.6,some,73.8,341.83,low
car_petrol,599.6,0,274.5,mixed,gas,vegetarian,mixed,high,33.0,most,62.3,483.28,moderate
motorbike,904.5,0,240.6,mixed,gas,vegetarian,imported,low,9.8,some,56.0,367.77,low
cycle,659.5,2,261.9,mixed,gas,meat_heavy,mixed,medium,47.3,most,127.0,466.59,moderate
cycle,366.0,0,285.9,mixed,none,omnivore,imported,high,45.8,most,118.3,395.58,low
train,382.0,2,379.7,mixed,gas,omnivore,mixed,medium,21.1,some,65.7,437.03,moderate
cycle,615.6,4,385.5,coal,oil,omnivore,local,medium,26.7,most,29.9,534.31,high
train,388.7,3,171.1,mixed,electric,meat_heavy,mixed,high,33.6,most,118.5,511.59,high
motorbike,226.7,3,271.4,mixed,electric,omnivore,mixed,low,21.7,some,102.4,411.65,moderate
car_petrol,526.9,1,245.8,mixed,gas,omnivore,local,low,26.7,some,133.4,448.35,moderate
car_diesel,242.4,3,469.8,renewable,none,omnivore,imported,medium,30.4,none,206.8,463.66,moderate
bus,760.0,0,240.3,mixed,gas,meat_heavy,imported,medium,44.3,some,60.7,578.85,high
car_petrol,188.9,0,286.0,coal,electric,omnivore,imported,high,39.0,most,76.3,574.98,high
car_petrol,224.7,3,327.7,mixed,oil,meat_heavy,mixed,high,35.8,some,53.0,664.28,high
car_petrol,447.0,1,126.2,renewable,gas,omnivore,imported,medium,56.2,some,104.4,432.65,moderate
car_petrol,809.6,0,308.9,mixed,electric,meat_heavy,imported,medium,24.3,most,65.8,603.75,high
motorbike,284.4,2,295.5,mixed,oil,omnivore,local,low,44.2,most,35.7,382.93,low
train,177.7,2,276.1,coal,none,meat_heavy,mixed,high,37.0,none,234.7,607.65,high
cycle,196.8,6,304.2,renewable,gas,vegan,local,high,22.9,none,122.7,285.94,low
car_petrol,977.4,2,228.3,mixed,electric,omnivore,mixed,low,34.9,some,164.1,608.99,high
car_petrol,775.4,0,156.2,coal,gas,vegan,imported,medium,5.7,some,223.5,490.95,moderate
car_petrol,482.0,2,464.2,mixed,electric,vegan,local,high,29.6,most,15.5,418.33,moderate
cycle,683.2,0,143.7,renewable,electric,vegan,mixed,medium,39.9,most,76.5,139.64,low
cycle,751.7,0,271.6,coal,electric,omnivore,mixed,high,28.6,some,66.9,470.62,moderate
cycle,509.0,10,93.2,mixed,electric,vegetarian,imported,high,33.0,some,152.4,545.7,high
cycle,624.2,2,352.8,coal,oil,omnivore,mixed,medium,33.7,some,225.6,605.63,high
train,153.7,1,61.0,coal,none,omnivore,mixed,medium,27.0,most,129.2,258.97,low
bus,570.5,3,167.9,coal,oil,vegetarian,imported,medium,35.0,none,98.6,557.19,high
bus,385.6,1,263.5,mixed,oil,omnivore,mixed,low,54.4,some,166.3,477.13,moderate
bus,1227.0,0,203.1,coal,gas,meat_heavy,mixed,medium,29.2,most,225.3,643.77,high
bus,38.3,0,238.0,coal,oil,omnivore,local,high,19.1,most,65.6,454.39,moderate
car_electric,727.7,1,244.3,coal,gas,vegan,local,high,43.2,some,49.7,395.55,low
motorbike,810.5,1,345.6,mixed,none,vegan,mixed,low,26.4,some,74.9,311.03,low
car_petrol,535.4,0,278.0,mixed,electric,omnivore,local,medium,30.5,some,38.1,372.25,low
motorbike,301.9,1,98.8,renewable,electric,omnivore,mixed,medium,38.8,some,327.0,429.27,moderate
car_electric,493.9,3,230.7,renewable,oil,meat_heavy,local,medium,14.1,most,66.2,325.87,low
car_diesel,319.1,2,314.2,renewable,gas,meat_heavy,imported,high,20.2,most,137.8,552.35,high
car_petrol,375.0,3,197.1,renewable,oil,meat_heavy,local,low,31.1,some,291.1,478.34,moderate
motorbike,373.6,1,130.9,mixed,gas,meat_heavy,local,low,16.3,none,80.5,390.85,low
cycle,132.5,3,235.5,coal,electric,omnivore,local,low,27.3,some,217.4,437.62,moderate
car_electric,527.0,3,222.8,renewable,electric,omnivore,mixed,high,32.2,most,35.2,345.3,low
car_electric,482.0,1,292.3,mixed,oil,omnivore,imported,medium,41.0,most,168.9,530.05,high
car_electric,489.5,0,264.8,mixed,oil,omnivore,mixed,medium,16.7,most,85.4,412.6,moderate
car_petrol,378.4,6,71.2,renewable,electric,omnivore,imported,low,35.3,some,90.3,505.18,moderate
car_petrol,274.2,0,84.1,coal,none,vegetarian,mixed,medium,39.0,some,117.6,273.11,low
car_diesel,662.6,4,331.1,renewable,gas,omnivore,mixed,low,29.9,some,131.8,457.99,moderate
car_petrol,763.5,2,377.8,coal,gas,meat_heavy,imported,medium,27.6,some,153.0,835.17,high
car_diesel,620.5,3,219.5,mixed,electric,vegan,mixed,low,11.6,most,47.1,330.34,low
car_diesel,1657.1,0,184.9,mixed,oil,meat_heavy,mixed,medium,36.9,none,218.6,847.93,high
train,331.0,2,280.5,mixed,gas,omnivore,mixed,low,24.9,none,112.2,403.93,moderate
train,520.8,3,154.2,coal,electric,omnivore,local,low,33.5,some,97.3,414.65,moderate
train,351.6,2,289.0,coal,gas,meat_heavy,mixed,low,36.4,most,161.9,627.22,high
train,638.9,1,328.8,coal,none,vegetarian,mixed,medium,35.2,most,77.6,326.0,low
bus,711.4,0,218.6,mixed,gas,omnivore,mixed,medium,29.3,some,107.0,425.56,moderate
car_electric,265.8,0,74.8,mixed,gas,omnivore,local,low,12.9,none,42.0,287.97,low
cycle,523.1,0,264.2,coal,none,omnivore,imported,low,18.4,some,54.2,351.23,low
car_electric,188.8,2,224.5,mixed,electric,omnivore,local,medium,35.6,most,238.5,401.4,moderate
bus,491.1,2,248.1,coal,electric,vegetarian,mixed,medium,45.6,most,188.3,507.89,moderate
bus,761.3,0,401.7,renewable,gas,meat_heavy,imported,low,12.4,none,76.7,432.05,moderate
car_petrol,916.1,1,211.1,mixed,electric,omnivore,mixed,high,36.3,none,176.6,710.32,high
cycle,214.0,4,264.8,renewable,gas,vegetarian,local,medium,2.9,most,46.8,213.45,low
car_petrol,777.5,0,160.2,coal,none,omnivore,mixed,medium,27.5,most,98.4,446.22,moderate
cycle,295.8,0,354.1,renewable,electric,omnivore,mixed,low,24.8,some,257.7,299.62,low
car_diesel,301.1,2,197.1,coal,gas,meat_heavy,local,low,29.3,some,79.0,548.02,high
car_petrol,749.8,0,304.0,mixed,oil,omnivore,local,high,39.5,most,162.3,654.6,high
car_petrol,233.9,2,368.2,mixed,electric,meat_heavy,mixed,low,17.4,none,338.3,655.25,high
car_petrol,590.3,3,192.2,coal,electric,omnivore,mixed,medium,20.8,none,118.0,621.32,high
car_electric,431.6,10,255.4,mixed,gas,meat_heavy,imported,medium,42.1,none,133.2,775.84,high
bus,758.9,0,209.6,mixed,electric,omnivore,local,high,36.4,some,128.7,443.06,moderate
car_diesel,438.2,0,344.0,coal,none,omnivore,imported,medium,43.3,most,270.6,552.35,high
car_electric,752.5,1,149.1,renewable,gas,omnivore,local,low,28.5,some,116.7,253.95,low
motorbike,460.7,0,239.2,renewable,none,meat_heavy,local,medium,34.4,some,124.2,327.92,low
train,364.3,4,317.9,renewable,oil,omnivore,mixed,medium,19.4,some,205.9,381.07,low
car_petrol,114.2,2,114.5,mixed,electric,omnivore,local,low,29.7,most,176.9,375.62,low
car_petrol,738.2,4,275.7,coal,electric,omnivore,mixed,low,25.1,most,64.5,649.08,high
train,369.1,2,279.8,coal,gas,omnivore,mixed,high,31.7,some,172.0,572.69,high
cycle,1389.8,0,288.0,coal,oil,omnivore,mixed,low,31.2,none,103.5,530.1,high
cycle,608.8,0,244.9,coal,gas,omnivore,local,low,43.0,most,61.6,390.55,low
car_petrol,347.1,6,250.6,mixed,electric,vegan,local,low,17.4,some,36.1,391.49,low
train,386.1,2,130.4,mixed,gas,omnivore,mixed,high,39.6,most,169.6,446.47,moderate
cycle,677.8,1,317.1,mixed,electric,omnivore,imported,high,36.4,some,131.0,495.17,moderate
bus,257.2,3,293.2,mixed,gas,omnivore,local,high,55.2,most,139.6,525.97,high
car_petrol,433.8,1,198.5,mixed,gas,vegetarian,local,high,20.4,some,55.7,378.27,low
cycle,275.5,1,322.8,coal,oil,omnivore,mixed,low,27.0,some,89.4,571.68,high
cycle,152.0,6,151.7,coal,oil,omnivore,mixed,high,37.1,most,271.8,695.95,high
car_diesel,398.8,2,251.2,renewable,gas,vegetarian,mixed,medium,11.7,some,185.2,320.24,low
cycle,619.2,3,182.7,mixed,gas,omnivore,local,medium,17.3,some,61.0,371.74,low
car_diesel,249.0,3,338.2,coal,electric,meat_heavy,local,medium,8.6,none,114.3,549.7,high
car_diesel,514.8,2,247.6,mixed,none,vegan,mixed,low,32.8,most,114.6,297.39,low
train,646.0,1,162.5,mixed,electric,omnivore,mixed,high,9.0,none,64.8,403.05,moderate
car_petrol,1103.7,6,225.4,mixed,electric,vegetarian,mixed,medium,28.9,none,188.4,644.83,high
train,480.6,0,179.1,renewable,gas,omnivore,mixed,medium,57.3,none,306.1,394.59,low
car_petrol,336.1,2,208.7,mixed,gas,vegetarian,imported,low,20.1,most,109.3,437.63,moderate
cycle,160.8,1,146.1,mixed,gas,meat_heavy,local,low,23.0,some,76.4,365.15,low
car_petrol,480.9,2,161.8,renewable,electric,omnivore,imported,medium,7.9,most,87.6,407.49,moderate
bus,206.1,0,131.8,renewable,oil,omnivore,mixed,low,26.1,none,235.1,342.16,low
car_electric,145.1,1,279.9,coal,oil,omnivore,mixed,low,44.0,some,109.1,512.88,high
car_diesel,898.3,2,309.2,coal,gas,meat_heavy,local,medium,44.8,most,123.9,713.55,high
cycle,680.2,4,285.4,renewable,none,vegetarian,local,low,26.8,some,134.2,260.69,low
cycle,1080.9,1,123.6,coal,oil,omnivore,mixed,low,45.7,some,41.1,429.33,moderate
car_petrol,862.8,3,256.6,renewable,gas,vegan,local,low,10.3,most,74.0,345.03,low
bus,469.9,2,201.0,coal,electric,vegetarian,mixed,high,35.6,some,111.4,413.05,moderate
motorbike,371.0,0,217.9,coal,none,omnivore,mixed,high,12.8,some,130.0,379.09,low
car_petrol,601.7,2,300.2,renewable,electric,vegan,local,high,24.9,some,66.5,283.2,low
train,519.7,0,332.0,mixed,electric,meat_heavy,imported,medium,29.3,none,260.5,579.1,high
car_petrol,449.7,1,237.6,mixed,none,vegetarian,local,low,41.2,most,105.8,303.25,low
car_petrol,173.1,4,109.8,renewable,electric,omnivore,mixed,medium,45.1,some,133.2,394.53,low
car_diesel,313.7,0,409.7,mixed,electric,omnivore,mixed,medium,22.1,none,77.8,431.74,moderate
car_petrol,193.2,0,91.3,mixed,gas,vegan,mixed,medium,14.5,none,210.6,355.77,low
cycle,759.3,1,143.2,coal,electric,vegetarian,mixed,low,45.1,some,148.2,367.63,low
car_petrol,554.5,0,148.8,coal,oil,vegetarian,mixed,low,28.9,some,211.8,544.75,high
train,393.0,1,399.5,mixed,gas,meat_heavy,local,high,30.1,none,64.4,467.41,moderate
car_diesel,361.8,1,312.3,mixed,oil,omnivore,mixed,medium,2.9,some,25.4,418.78,moderate
cycle,451.8,1,265.3,coal,electric,meat_heavy,mixed,medium,22.3,some,85.5,454.97,moderate
car_petrol,775.9,6,158.5,mixed,gas,omnivore,mixed,medium,28.0,some,176.7,675.36,high
car_petrol,931.0,1,216.5,mixed,electric,omnivore,local,high,36.2,some,187.8,623.71,high
cycle,938.0,6,250.5,mixed,oil,meat_heavy,local,low,26.3,none,31.6,478.84,moderate
car_petrol,338.8,4,288.0,mixed,none,meat_heavy,mixed,low,22.9,most,60.3,475.65,moderate
bus,357.5,3,197.4,mixed,oil,meat_heavy,local,low,56.0,most,106.6,489.79,moderate
cycle,804.7,2,277.3,mixed,gas,meat_heavy,mixed,medium,30.5,some,115.8,487.79,moderate
cycle,360.3,0,380.7,mixed,gas,vegetarian,mixed,medium,20.6,some,103.6,279.51,low
bus,166.1,1,281.5,mixed,none,meat_heavy,local,high,18.3,some,114.0,401.02,moderate
car_diesel,366.1,1,159.5,renewable,gas,meat_heavy,imported,low,41.7,most,129.6,410.06,moderate
cycle,608.0,2,89.3,mixed,gas,meat_heavy,local,low,28.3,most,199.2,390.62,low
motorbike,800.9,4,252.7,mixed,gas,omnivore,mixed,medium,45.8,most,68.4,582.28,high
cycle,219.7,1,266.8,mixed,oil,meat_heavy,mixed,medium,39.1,some,74.3,474.6,moderate
car_petrol,225.4,3,196.8,renewable,gas,omnivore,mixed,medium,37.5,most,184.9,398.11,low
car_electric,968.1,1,96.3,mixed,gas,vegetarian,mixed,medium,36.8,some,153.6,384.56,low
cycle,1008.6,0,321.5,mixed,gas,omnivore,local,medium,13.6,most,66.0,343.71,low
train,369.7,1,249.6,renewable,electric,omnivore,mixed,low,46.1,some,105.3,287.94,low
bus,327.7,4,286.4,coal,gas,meat_heavy,local,medium,27.2,some,62.8,580.53,high
motorbike,631.2,0,291.8,coal,gas,omnivore,imported,high,39.1,some,95.4,611.87,high
car_electric,263.1,0,211.4,renewable,electric,omnivore,mixed,low,26.4,some,121.5,264.78,low
train,231.2,1,358.6,coal,gas,vegan,mixed,low,29.8,most,24.9,365.54,low
car_petrol,225.0,1,315.7,coal,electric,vegan,imported,low,46.6,some,90.7,415.96,moderate
cycle,481.0,1,297.2,mixed,none,meat_heavy,imported,low,38.1,some,72.1,399.21,low
car_petrol,415.7,4,269.4,mixed,electric,meat_heavy,mixed,medium,33.1,some,182.5,605.55,high
car_diesel,469.1,2,420.0,renewable,electric,meat_heavy,local,low,41.0,most,175.5,395.01,low
car_petrol,277.8,1,275.7,coal,electric,meat_heavy,imported,high,22.7,some,37.8,654.32,high
car_petrol,408.8,6,230.5,coal,electric,vegetarian,local,medium,32.6,most,225.5,560.63,high
car_electric,611.5,1,316.0,renewable,electric,omnivore,mixed,low,24.6,some,53.8,297.39,low
bus,642.5,3,194.1,coal,none,omnivore,mixed,high,39.8,some,146.9,492.09,moderate
train,676.4,3,238.1,coal,electric,omnivore,mixed,medium,28.8,some,60.8,395.47,low
bus,565.6,10,371.4,coal,oil,vegetarian,mixed,low,17.4,none,108.6,743.32,high
cycle,1319.3,2,237.7,mixed,gas,omnivore,imported,high,23.5,none,258.3,597.4,high
car_diesel,1030.1,3,46.2,mixed,none,omnivore,imported,medium,13.1,most,211.2,587.01,high
car_petrol,644.5,4,182.6,mixed,gas,omnivore,mixed,medium,30.9,none,53.0,585.49,high
bus,512.5,0,231.6,mixed,electric,vegan,mixed,medium,21.5,none,147.5,291.97,low
car_petrol,228.8,1,288.3,coal,gas,vegetarian,mixed,high,16.6,most,51.3,438.81,moderate
car_petrol,520.6,3,263.4,mixed,electric,vegetarian,local,medium,39.8,some,75.5,430.5,moderate
car_petrol,491.9,0,316.8,mixed,none,omnivore,local,medium,14.2,none,69.6,340.28,low
car_petrol,435.2,1,209.5,renewable,electric,meat_heavy,mixed,low,28.0,some,64.5,382.59,low
car_petrol,594.0,0,327.3,renewable,gas,vegan,local,high,18.7,some,83.3,256.07,low
car_diesel,736.8,3,386.1,renewable,electric,omnivore,mixed,low,45.2,some,144.1,451.15,moderate
cycle,603.3,3,279.4,renewable,gas,vegan,mixed,low,27.0,none,118.7,258.11,low
train,539.7,2,282.0,renewable,gas,meat_heavy,mixed,low,21.3,most,114.0,337.35,low
motorbike,975.9,1,264.4,mixed,gas,omnivore,imported,high,30.2,some,108.5,571.1,high
motorbike,717.8,0,306.4,coal,gas,omnivore,imported,low,33.1,none,128.6,637.78,high
car_petrol,371.4,0,204.2,coal,electric,vegetarian,local,high,45.5,none,192.0,519.25,high
cycle,487.4,0,245.2,coal,gas,omnivore,imported,high,39.6,none,139.2,592.38,high
car_diesel,349.0,6,391.5,coal,oil,omnivore,imported,low,20.0,some,54.7,715.62,high
car_petrol,196.3,2,300.9,mixed,none,vegan,local,high,34.5,some,178.5,292.38,low
motorbike,140.0,4,204.2,coal,gas,vegan,local,medium,39.5,most,66.6,404.46,moderate
cycle,331.7,3,121.6,coal,gas,vegetarian,local,high,32.8,none,36.6,411.01,moderate
cycle,499.2,4,223.9,mixed,gas,vegetarian,imported,medium,19.5,none,167.3,419.39,moderate
car_petrol,255.4,1,197.8,coal,oil,vegetarian,mixed,medium,28.2,most,205.0,498.77,moderate
car_petrol,173.3,3,403.6,renewable,gas,omnivore,mixed,low,38.8,most,156.4,396.2,low
cycle,619.6,0,284.7,coal,gas,meat_heavy,mixed,high,31.0,most,151.5,617.94,high
car_petrol,510.1,0,260.3,renewable,electric,omnivore,imported,high,15.4,most,24.4,369.42,low
cycle,359.1,2,317.8,mixed,gas,vegan,mixed,high,36.8,none,165.7,410.24,moderate
cycle,420.9,3,199.3,coal,gas,vegetarian,mixed,low,30.3,some,76.0,418.42,moderate
car_petrol,706.6,0,232.3,renewable,electric,omnivore,imported,high,54.0,some,238.2,573.24,high
car_diesel,225.6,3,272.7,coal,gas,omnivore,imported,medium,16.9,some,70.9,641.69,high
bus,740.7,4,121.1,coal,electric,omnivore,mixed,low,48.4,some,133.0,555.21,high
car_petrol,1763.6,3,292.8,coal,electric,omnivore,imported,low,34.9,some,47.3,940.64,high
car_petrol,634.1,1,20.1,renewable,oil,omnivore,mixed,medium,33.4,none,114.2,422.78,moderate
train,320.3,0,172.8,coal,oil,vegetarian,mixed,medium,25.1,most,63.4,400.25,moderate
car_petrol,441.8,1,377.3,mixed,gas,meat_heavy,imported,medium,14.8,none,184.0,708.16,high
car_electric,89.7,1,254.2,coal,gas,meat_heavy,mixed,medium,26.4,none,168.4,609.13,high
train,1106.1,0,224.7,mixed,electric,vegetarian,local,medium,22.6,most,191.5,347.12,low
cycle,450.2,0,346.0,mixed,none,omnivore,mixed,low,22.9,some,91.2,283.47,low
bus,277.7,3,32.0,mixed,gas,omnivore,mixed,medium,24.0,most,101.8,377.43,low
cycle,478.5,3,295.2,mixed,electric,meat_heavy,mixed,low,31.0,most,231.2,526.73,high
car_diesel,742.2,0,135.5,mixed,gas,meat_heavy,mixed,low,14.3,most,54.1,470.68,moderate
bus,253.5,2,235.0,renewable,electric,omnivore,local,medium,20.8,some,79.9,272.72,low
car_diesel,469.9,0,351.4,mixed,electric,omnivore,local,medium,7.3,none,123.5,396.11,low
bus,769.2,1,212.1,mixed,none,vegetarian,imported,low,28.9,most,59.2,284.69,low
bus,168.3,0,278.4,mixed,electric,omnivore,mixed,low,32.5,none,269.3,415.14,moderate
train,503.0,2,175.5,mixed,electric,omnivore,local,low,29.2,some,124.6,364.77,low
car_petrol,784.1,0,234.3,mixed,none,vegetarian,mixed,low,39.4,most,149.2,381.14,low
car_petrol,281.6,3,305.9,mixed,none,omnivore,mixed,low,39.8,none,120.9,493.17,moderate
bus,622.2,0,240.6,coal,oil,vegetarian,mixed,low,20.9,some,59.3,488.77,moderate
cycle,403.0,1,395.1,renewable,oil,meat_heavy,mixed,low,41.3,some,144.1,348.41,low
train,235.7,3,330.1,coal,gas,omnivore,mixed,low,21.5,most,37.7,530.89,high
car_electric,618.5,0,93.2,renewable,gas,meat_heavy,mixed,medium,11.3,none,81.0,337.46,low
train,581.2,3,146.8,mixed,oil,omnivore,local,medium,43.1,none,82.9,458.79,moderate
bus,281.4,2,263.6,mixed,oil,omnivore,mixed,medium,32.4,none,268.6,544.8,high
cycle,201.1,1,341.0,mixed,gas,meat_heavy,mixed,medium,32.8,some,100.7,473.8,moderate
cycle,627.3,0,48.9,coal,oil,vegan,mixed,high,16.1,most,79.3,288.27,low
car_petrol,401.3,4,293.4,renewable,none,meat_heavy,imported,medium,31.7,most,47.6,541.68,high
car_petrol,787.9,3,224.1,coal,gas,meat_heavy,imported,high,40.7,some,115.9,802.19,high
car_petrol,236.5,3,298.2,mixed,gas,vegetarian,mixed,medium,40.5,most,166.2,483.68,moderate
cycle,371.0,1,220.4,renewable,oil,omnivore,mixed,high,14.9,some,169.9,314.2,low
car_diesel,656.8,0,140.2,mixed,gas,vegan,local,medium,26.3,most,169.9,344.96,low
bus,438.7,4,242.6,mixed,oil,vegetarian,local,high,20.1,none,141.7,409.3,moderate
bus,116.7,0,164.9,coal,oil,vegetarian,mixed,low,24.1,some,207.1,421.28,moderate
car_electric,490.4,0,253.6,renewable,gas,vegetarian,mixed,medium,21.0,none,65.7,197.68,low
car_petrol,995.5,4,213.6,mixed,oil,omnivore,mixed,medium,36.3,most,97.1,662.0,high
car_diesel,328.3,0,184.7,mixed,none,omnivore,local,medium,22.7,most,214.3,340.77,low
bus,685.6,3,231.7,coal,gas,omnivore,mixed,medium,6.4,some,101.0,600.87,high
bus,462.5,1,360.3,coal,electric,meat_heavy,imported,medium,34.2,most,300.7,730.85,high
cycle,67.4,0,331.8,mixed,gas,vegan,mixed,medium,19.9,most,226.0,310.6,low
motorbike,672.7,1,321.6,coal,gas,omnivore,imported,high,31.4,some,392.4,827.89,high
bus,729.3,4,135.1,renewable,electric,vegetarian,local,medium,8.8,some,181.5,321.39,low
cycle,402.9,0,244.2,mixed,gas,omnivore,mixed,low,28.8,some,69.1,348.29,low
car_petrol,476.7,3,299.9,mixed,gas,omnivore,local,low,38.5,none,96.1,502.37,moderate
car_electric,545.8,0,177.2,renewable,gas,omnivore,local,medium,45.7,some,132.3,291.2,low
car_petrol,241.0,1,204.9,mixed,electric,meat_heavy,local,medium,36.0,most,42.7,391.6,low
car_petrol,297.0,0,234.8,mixed,gas,omnivore,local,high,18.5,some,120.2,405.25,moderate
motorbike,460.0,3,357.9,renewable,none,omnivore,mixed,medium,27.4,some,413.9,477.64,moderate
cycle,743.0,2,133.2,renewable,gas,omnivore,mixed,medium,31.3,most,70.1,308.33,low
cycle,292.6,2,204.9,mixed,gas,vegetarian,local,medium,23.9,none,88.4,334.56,low
cycle,623.4,1,304.1,coal,gas,meat_heavy,mixed,high,45.2,none,76.8,630.35,high
cycle,318.2,1,200.5,coal,electric,vegetarian,local,low,34.7,some,151.4,342.69,low
motorbike,533.9,1,305.1,mixed,oil,vegetarian,mixed,high,41.0,most,93.9,425.85,moderate
bus,514.5,2,254.4,renewable,electric,omnivore,mixed,high,41.4,most,58.0,374.77,low
cycle,535.6,3,180.3,mixed,gas,omnivore,local,medium,17.8,none,184.9,414.31,moderate
car_petrol,440.2,4,251.7,mixed,gas,vegetarian,local,medium,46.0,most,140.9,491.38,moderate
motorbike,488.5,2,98.2,mixed,none,vegetarian,mixed,low,26.4,none,52.3,280.83,low
train,690.6,2,105.7,mixed,electric,meat_heavy,mixed,low,30.8,some,14.9,376.95,low
car_diesel,507.8,1,149.3,mixed,oil,vegetarian,mixed,high,33.4,some,108.4,428.63,moderate
motorbike,431.6,2,42.2,mixed,electric,omnivore,mixed,low,24.2,none,298.6,458.55,moderate
train,516.9,6,328.7,mixed,oil,omnivore,mixed,high,27.1,some,131.8,644.06,high
train,705.8,2,99.1,mixed,oil,omnivore,mixed,low,16.2,some,112.1,396.26,low
car_diesel,682.8,0,305.5,mixed,gas,meat_heavy,mixed,medium,21.6,some,81.5,510.64,moderate
car_electric,554.6,0,106.1,mixed,oil,meat_heavy,imported,medium,33.5,most,121.5,518.31,high
car_petrol,825.6,0,396.3,mixed,electric,meat_heavy,local,high,32.3,most,141.8,621.61,high
bus,293.2,2,170.6,renewable,electric,meat_heavy,mixed,low,28.4,some,33.9,332.74,low
car_petrol,549.4,3,280.3,mixed,oil,vegan,local,high,35.3,none,43.3,445.57,moderate
car_petrol,37.3,1,159.8,mixed,gas,omnivore,local,medium,24.1,most,164.4,331.71,low
bus,660.2,0,213.3,mixed,electric,meat_heavy,local,medium,22.6,some,84.8,387.72,low
car_petrol,98.8,3,262.7,mixed,gas,omnivore,mixed,medium,38.0,some,80.1,424.12,moderate
cycle,275.9,1,325.2,coal,gas,vegetarian,imported,high,37.6,most,313.7,595.83,high
bus,389.4,4,180.0,coal,gas,vegan,mixed,low,36.8,most,42.0,452.13,moderate
motorbike,585.2,2,329.5,renewable,gas,omnivore,local,low,32.0,none,55.8,303.24,low
cycle,505.8,3,361.6,mixed,gas,vegetarian,mixed,medium,33.9,some,124.2,402.25,moderate
car_diesel,733.0,2,312.5,renewable,electric,omnivore,local,high,17.3,none,352.4,518.91,high
car_petrol,1239.1,1,264.3,coal,oil,meat_heavy,mixed,medium,29.0,none,45.8,791.04,high
bus,362.1,2,292.5,coal,oil,vegan,mixed,high,18.2,most,74.1,436.11,moderate
motorbike,250.3,0,210.7,mixed,gas,meat_heavy,local,medium,34.6,some,160.4,400.9,moderate
bus,920.4,1,282.6,renewable,gas,omnivore,local,medium,38.7,some,147.9,370.79,low
car_diesel,389.1,0,302.1,mixed,electric,meat_heavy,local,medium,37.7,none,156.0,494.34,moderate
train,682.7,4,324.4,coal,gas,meat_heavy,mixed,medium,41.3,none,170.8,717.62,high
train,265.5,2,186.1,renewable,oil,meat_heavy,mixed,medium,16.9,some,90.0,370.6,low
car_petrol,621.2,1,85.0,mixed,electric,omnivore,imported,medium,23.5,none,118.7,509.48,moderate
cycle,717.7,4,210.4,coal,electric,omnivore,local,medium,39.1,some,78.8,456.89,moderate
car_electric,644.6,0,325.5,mixed,electric,meat_heavy,mixed,medium,48.8,some,108.6,479.45,moderate
car_petrol,701.2,1,268.6,mixed,gas,omnivore,mixed,low,18.9,none,118.1,499.74,moderate
car_petrol,310.8,0,264.6,renewable,electric,omnivore,imported,low,22.4,most,140.4,360.28,low
bus,321.6,0,322.6,mixed,electric,meat_heavy,mixed,medium,28.6,some,86.3,439.62,moderate
car_petrol,614.9,2,173.2,renewable,gas,vegetarian,local,medium,5.0,most,70.9,303.17,low
bus,350.5,0,147.7,mixed,gas,omnivore,mixed,medium,21.3,none,128.0,424.26,moderate
car_petrol,109.8,1,354.1,coal,gas,omnivore,mixed,low,23.4,some,212.5,547.58,high
train,767.8,3,216.8,renewable,electric,omnivore,mixed,medium,18.0,some,100.6,337.24,low
car_petrol,747.3,2,265.5,coal,gas,meat_heavy,imported,low,26.8,some,92.4,784.79,high
car_petrol,185.2,0,77.5,mixed,none,vegetarian,mixed,high,28.3,most,133.3,242.45,low
car_diesel,586.5,0,487.8,mixed,gas,vegetarian,local,high,33.3,some,79.1,493.78,moderate
car_petrol,265.5,1,333.6,mixed,electric,vegan,imported,high,8.9,some,161.6,385.01,low
bus,185.3,0,208.8,coal,gas,meat_heavy,mixed,low,46.4,none,114.8,570.74,high
bus,306.3,1,201.8,mixed,electric,vegetarian,local,low,38.0,none,133.4,356.88,low
car_petrol,736.0,1,329.4,renewable,gas,vegan,local,low,25.4,none,250.2,387.66,low
cycle,457.4,6,364.6,mixed,electric,vegetarian,mixed,high,27.0,some,87.5,430.32,moderate
cycle,172.4,0,342.9,mixed,gas,meat_heavy,mixed,medium,43.8,some,71.9,442.72,moderate
motorbike,424.0,0,111.2,mixed,gas,meat_heavy,imported,medium,21.9,some,163.8,548.44,high
bus,1109.5,1,253.5,coal,gas,vegetarian,local,medium,41.2,none,88.9,517.55,high
car_petrol,503.2,0,228.1,renewable,electric,omnivore,local,medium,13.2,most,63.7,281.52,low
motorbike,548.9,2,377.1,coal,gas,meat_heavy,mixed,low,13.9,some,60.1,614.85,high
car_diesel,356.8,4,372.8,renewable,gas,vegetarian,local,medium,20.7,some,88.3,333.72,low
car_petrol,1165.1,4,163.8,coal,none,omnivore,local,medium,6.3,most,96.4,562.61,high
car_petrol,748.9,2,303.2,coal,gas,omnivore,mixed,high,46.1,none,328.9,887.88,high
cycle,854.8,0,20.0,mixed,electric,meat_heavy,local,medium,8.3,none,165.2,298.17,low
car_petrol,456.7,1,223.1,coal,electric,omnivore,local,high,43.4,some,170.1,533.93,high
train,562.1,2,473.0,mixed,electric,meat_heavy,local,high,17.8,some,94.6,538.4,high
bus,314.7,6,278.6,coal,none,meat_heavy,mixed,high,33.9,most,78.4,658.92,high
cycle,314.9,6,332.4,mixed,gas,omnivore,local,low,15.5,some,293.1,555.58,high
car_electric,654.4,2,184.8,coal,electric,meat_heavy,mixed,low,38.3,some,204.9,559.73,high
car_petrol,440.3,1,344.5,coal,gas,vegetarian,mixed,medium,20.6,none,63.5,525.72,high
car_petrol,500.8,3,190.8,renewable,electric,omnivore,imported,high,21.3,some,9.7,456.99,moderate
train,327.9,4,179.8,coal,electric,vegan,imported,high,40.6,none,48.5,413.73,moderate
bus,729.8,0,188.0,mixed,electric,omnivore,imported,medium,34.0,most,140.6,429.67,moderate
bus,571.0,3,193.5,coal,electric,omnivore,imported,medium,32.8,some,129.3,546.41,high
cycle,720.2,2,274.4,mixed,none,vegetarian,mixed,medium,36.4,none,65.6,277.8,low
cycle,1184.9,0,183.1,mixed,oil,meat_heavy,local,high,32.3,some,91.3,423.34,moderate
car_petrol,278.3,4,321.5,coal,gas,omnivore,mixed,low,10.4,most,60.2,571.36,high
bus,509.6,0,227.1,coal,electric,vegan,local,medium,9.7,most,79.3,302.63,low
car_petrol,1095.8,2,245.2,coal,gas,vegetarian,mixed,high,21.9,most,51.6,625.24,high
train,425.1,2,20.0,coal,gas,meat_heavy,local,medium,15.8,some,223.1,480.66,moderate
motorbike,351.3,6,200.4,mixed,gas,meat_heavy,mixed,medium,33.1,some,76.8,646.99,high
car_petrol,770.3,3,141.9,renewable,gas,meat_heavy,mixed,low,31.2,most,377.9,612.0,high
bus,376.0,2,352.5,mixed,electric,omnivore,mixed,medium,44.6,most,125.6,428.02,moderate
car_diesel,166.2,1,233.7,coal,none,meat_heavy,mixed,low,48.4,none,106.0,465.58,moderate
train,677.4,2,155.2,renewable,gas,vegan,local,low,29.5,none,211.4,251.09,low
bus,571.4,0,314.9,mixed,gas,vegetarian,imported,medium,30.5,most,91.7,360.28,low
motorbike,494.1,1,405.4,coal,electric,vegan,local,low,18.1,none,213.8,477.77,moderate
car_petrol,848.6,0,292.7,mixed,gas,omnivore,local,low,39.8,most,134.6,571.52,high
cycle,427.1,3,207.2,renewable,none,omnivore,mixed,medium,27.1,none,159.8,355.86,low
car_electric,535.3,3,406.9,mixed,none,meat_heavy,mixed,high,24.0,some,280.7,600.67,high
train,271.0,1,169.8,renewable,gas,omnivore,mixed,medium,23.3,some,188.6,312.11,low
car_electric,248.6,6,221.0,mixed,electric,omnivore,mixed,high,14.6,some,78.4,465.21,moderate
car_diesel,424.6,1,130.2,mixed,gas,vegan,local,low,20.8,most,223.8,363.82,low
bus,487.4,2,149.0,mixed,gas,omnivore,mixed,medium,45.8,some,138.4,468.1,moderate
cycle,465.9,0,288.8,renewable,gas,omnivore,mixed,high,13.8,none,257.7,341.33,low
car_diesel,236.3,4,144.4,coal,gas,omnivore,imported,high,23.4,most,129.9,620.62,high
motorbike,580.3,2,307.4,mixed,gas,vegetarian,local,medium,33.6,none,132.9,443.37,moderate
cycle,501.7,1,308.2,mixed,oil,omnivore,mixed,medium,29.4,some,332.1,489.28,moderate
train,525.7,2,171.5,mixed,electric,omnivore,local,high,19.5,some,163.0,404.69,moderate
car_petrol,1024.4,1,295.9,renewable,electric,omnivore,imported,medium,29.6,none,289.6,600.42,high
car_diesel,569.9,0,239.8,coal,gas,vegan,imported,medium,39.6,most,167.1,507.94,moderate
train,506.3,4,338.8,mixed,gas,meat_heavy,imported,low,32.9,some,40.6,523.02,high
car_petrol,302.3,2,281.0,coal,none,omnivore,imported,low,28.8,some,91.9,403.34,moderate
cycle,166.7,1,408.1,coal,electric,omnivore,imported,high,19.5,most,267.9,643.96,high
car_diesel,180.4,3,126.7,mixed,gas,omnivore,mixed,low,35.8,some,170.3,444.3,moderate
bus,396.3,3,374.7,mixed,oil,vegetarian,local,low,16.5,none,151.2,388.32,low
bus,635.2,1,201.9,coal,electric,vegan,local,low,43.4,none,88.0,368.43,low
car_petrol,789.8,4,196.9,renewable,gas,omnivore,mixed,high,37.7,some,134.8,560.77,high
car_petrol,556.8,3,20.0,coal,electric,meat_heavy,mixed,medium,24.4,some,134.3,603.78,high
car_petrol,544.9,1,100.3,mixed,electric,omnivore,local,high,29.6,some,162.2,468.53,moderate
motorbike,350.7,4,363.6,coal,gas,omnivore,mixed,low,32.7,some,96.8,652.15,high
bus,305.1,0,189.3,coal,electric,omnivore,local,high,20.0,some,160.1,431.78,moderate
car_petrol,770.5,0,288.6,coal,gas,vegan,mixed,low,22.5,some,158.8,519.8,high
train,231.9,3,267.0,renewable,gas,omnivore,mixed,medium,19.9,most,52.2,314.44,low
bus,404.9,6,287.9,coal,electric,meat_heavy,imported,low,40.4,none,55.7,710.55,high
cycle,467.5,6,283.4,renewable,oil,omnivore,mixed,low,34.1,most,148.4,426.74,moderate
cycle,270.2,0,241.1,mixed,electric,vegetarian,mixed,low,35.6,some,56.4,263.98,low
cycle,337.4,2,298.0,mixed,electric,meat_heavy,imported,low,20.8,none,110.0,493.39,moderate
cycle,189.6,2,284.3,coal,electric,omnivore,mixed,medium,24.1,some,126.8,494.13,moderate
train,167.7,4,467.7,coal,none,omnivore,imported,low,7.7,most,352.6,600.79,high
car_diesel,585.8,0,254.5,mixed,electric,omnivore,local,medium,20.8,some,172.4,445.44,moderate
car_diesel,306.7,1,343.0,mixed,gas,meat_heavy,imported,low,27.2,some,53.9,546.64,high
cycle,440.7,1,357.6,mixed,gas,omnivore,local,medium,39.8,none,132.7,391.62,low
car_diesel,685.3,2,271.5,mixed,electric,omnivore,local,high,19.2,none,41.6,479.58,moderate
car_petrol,341.7,1,464.9,renewable,gas,omnivore,mixed,high,31.3,none,255.2,491.87,moderate
car_electric,731.0,1,116.7,renewable,gas,omnivore,imported,medium,22.6,some,119.4,365.45,low
car_electric,762.0,2,146.2,coal,electric,omnivore,mixed,medium,11.2,some,41.1,389.67,low
car_petrol,310.8,1,397.6,coal,none,meat_heavy,local,medium,26.8,some,139.5,533.69,high
motorbike,238.7,0,312.6,coal,gas,omnivore,mixed,medium,31.4,none,227.7,563.28,high
car_petrol,238.1,1,199.2,coal,electric,meat_heavy,mixed,high,18.7,some,95.2,544.0,high
train,172.8,1,233.6,renewable,gas,omnivore,mixed,medium,13.5,some,195.2,316.47,low
bus,145.5,0,334.7,coal,oil,omnivore,mixed,low,21.9,most,206.7,550.12,high
motorbike,596.7,1,215.9,mixed,electric,meat_heavy,mixed,medium,14.0,some,304.4,569.99,high
car_diesel,516.0,1,229.5,renewable,none,omnivore,mixed,high,9.5,none,114.2,349.73,low
car_electric,1050.6,0,296.2,mixed,oil,omnivore,local,high,21.1,most,246.5,478.64,moderate
car_petrol,362.8,4,322.2,renewable,gas,meat_heavy,mixed,low,38.0,some,405.6,595.98,high
bus,623.3,0,255.3,renewable,oil,meat_heavy,mixed,low,25.2,none,91.8,382.89,low
car_diesel,566.4,0,137.4,mixed,oil,omnivore,mixed,low,12.2,none,58.1,409.92,moderate
train,739.1,4,313.5,mixed,electric,omnivore,imported,high,44.7,most,145.2,509.73,moderate
car_petrol,548.5,3,247.7,coal,electric,omnivore,mixed,high,27.2,some,144.9,627.9,high
car_diesel,833.7,0,310.9,mixed,electric,meat_heavy,imported,low,23.6,most,119.3,558.71,high
car_petrol,381.0,0,153.7,mixed,electric,vegetarian,mixed,low,19.9,some,114.7,319.31,low
cycle,386.9,0,342.6,mixed,oil,vegan,mixed,high,16.6,some,170.0,336.96,low
cycle,316.7,1,195.3,mixed,electric,vegetarian,local,medium,27.7,some,226.9,318.38,low
car_diesel,450.1,2,226.1,mixed,gas,meat_heavy,imported,low,33.7,most,151.9,617.68,high
car_petrol,414.7,0,170.0,coal,electric,omnivore,local,high,33.0,none,98.3,445.53,moderate
train,309.8,2,109.3,renewable,oil,meat_heavy,mixed,medium,32.2,none,79.3,369.35,low
car_petrol,372.1,1,352.8,renewable,gas,omnivore,imported,medium,44.6,none,48.2,418.45,moderate
train,469.1,0,230.8,mixed,gas,omnivore,local,low,41.4,some,127.5,362.05,low
train,1309.3,4,143.6,mixed,gas,omnivore,mixed,medium,24.4,some,49.1,419.48,moderate
car_petrol,454.8,3,311.8,mixed,electric,vegan,imported,medium,20.3,some,151.7,431.72,moderate
train,535.7,0,186.0,mixed,none,meat_heavy,local,low,28.6,some,339.5,409.58,moderate
motorbike,328.9,2,244.9,coal,oil,omnivore,mixed,high,13.3,some,75.9,574.98,high
car_petrol,338.8,0,230.4,mixed,electric,vegetarian,imported,medium,22.4,some,149.3,392.19,low
cycle,506.2,0,164.8,coal,gas,meat_heavy,local,low,17.9,some,165.1,453.55,moderate
car_electric,239.2,2,318.7,mixed,electric,vegetarian,mixed,medium,13.5,most,129.7,359.88,low
car_diesel,373.3,1,386.0,mixed,electric,meat_heavy,local,high,32.3,most,207.5,537.25,high
car_electric,298.3,3,284.1,renewable,oil,vegetarian,mixed,high,35.1,most,146.7,335.59,low
car_electric,381.9,0,162.8,renewable,oil,omnivore,imported,medium,48.4,some,80.3,321.55,low
car_diesel,428.2,0,151.9,coal,gas,meat_heavy,mixed,low,26.5,most,77.2,529.4,high
car_petrol,912.7,0,132.0,renewable,electric,vegetarian,local,medium,14.0,most,89.9,348.44,low
car_diesel,701.5,2,180.3,mixed,electric,vegan,local,medium,24.6,none,113.1,335.7,low
cycle,627.5,0,314.5,renewable,gas,vegan,local,medium,37.2,most,123.5,170.93,low
motorbike,224.1,3,168.0,mixed,electric,omnivore,local,high,29.5,most,235.6,466.03,moderate
car_diesel,357.4,6,374.2,mixed,gas,meat_heavy,mixed,high,24.3,most,190.3,706.57,high
train,583.1,0,272.6,mixed,none,vegetarian,local,medium,35.4,most,104.1,212.4,low
motorbike,305.5,0,370.0,coal,electric,vegetarian,local,medium,40.3,none,206.1,494.43,moderate
motorbike,265.1,0,150.6,mixed,gas,meat_heavy,mixed,high,35.5,most,51.6,475.71,moderate
car_petrol,573.8,0,222.7,renewable,gas,omnivore,imported,low,32.7,most,49.0,379.88,low
bus,814.3,4,162.0,mixed,oil,omnivore,mixed,low,22.5,some,101.0,525.85,high
car_electric,303.9,0,120.4,renewable,none,meat_heavy,local,medium,39.6,some,41.3,242.24,low
motorbike,576.5,0,280.9,mixed,electric,omnivore,mixed,low,31.0,most,152.3,368.0,low
car_diesel,1060.9,0,96.7,coal,electric,meat_heavy,local,medium,26.0,none,54.1,570.27,high
car_electric,386.0,1,227.5,mixed,electric,vegan,local,high,13.0,none,107.4,247.49,low
car_petrol,312.5,0,190.8,mixed,gas,omnivore,local,high,22.4,none,207.0,450.64,moderate
bus,264.5,0,67.4,mixed,gas,omnivore,local,medium,14.3,most,75.0,286.14,low
car_petrol,668.6,4,151.6,mixed,gas,meat_heavy,local,low,28.8,some,304.8,662.6,high
car_electric,72.3,2,343.6,renewable,gas,omnivore,local,high,27.5,some,92.4,318.17,low
cycle,606.0,3,241.5,coal,none,vegan,local,medium,20.6,some,79.4,227.56,low
car_petrol,371.5,0,254.6,renewable,electric,vegetarian,local,low,36.9,most,97.1,230.01,low
car_petrol,214.5,1,123.9,mixed,electric,omnivore,local,high,43.6,some,275.4,455.93,moderate
car_petrol,749.3,2,254.6,mixed,gas,omnivore,imported,medium,37.5,some,188.5,592.53,high
cycle,145.7,3,292.7,coal,gas,omnivore,imported,high,33.9,most,197.3,655.1,high
cycle,630.2,0,248.4,mixed,oil,omnivore,mixed,medium,17.8,some,106.3,379.46,low
car_electric,90.5,0,201.0,mixed,gas,omnivore,imported,medium,38.2,most,111.1,377.78,low
car_petrol,1083.2,1,283.4,renewable,oil,meat_heavy,mixed,low,32.1,some,75.3,526.85,high
car_electric,698.9,0,207.6,mixed,none,omnivore,local,low,38.0,most,72.0,267.28,low
bus,666.9,0,104.0,mixed,gas,vegetarian,local,low,16.1,some,96.6,280.6,low
car_petrol,200.4,2,219.4,mixed,oil,meat_heavy,mixed,medium,37.6,some,104.0,512.88,high
motorbike,1014.2,0,326.2,coal,oil,omnivore,mixed,high,36.3,some,217.6,729.16,high
car_petrol,587.4,3,365.1,mixed,oil,vegetarian,imported,medium,25.1,some,89.4,547.89,high
car_petrol,256.7,4,242.7,mixed,electric,omnivore,mixed,medium,47.7,most,40.6,401.94,moderate
train,415.2,0,287.0,renewable,gas,omnivore,local,medium,27.6,some,274.1,325.63,low
car_diesel,589.6,3,210.1,coal,none,omnivore,local,medium,25.1,most,206.7,519.03,high
bus,310.2,0,296.5,renewable,electric,meat_heavy,mixed,low,43.9,none,211.7,422.37,moderate
car_petrol,1123.8,2,206.5,renewable,gas,meat_heavy,imported,low,22.3,some,160.8,652.83,high
bus,406.9,0,137.7,coal,electric,omnivore,local,high,11.3,none,221.3,434.65,moderate
car_petrol,583.1,2,335.8,renewable,electric,omnivore,mixed,medium,15.3,most,36.7,424.0,moderate
bus,503.1,1,256.8,coal,electric,meat_heavy,local,low,38.0,none,329.9,569.83,high
train,419.1,1,301.6,mixed,electric,meat_heavy,mixed,medium,21.4,most,81.9,429.69,moderate
car_petrol,369.3,0,233.6,renewable,gas,meat_heavy,mixed,high,29.8,most,29.2,462.94,moderate
cycle,206.6,2,92.8,mixed,none,vegetarian,mixed,medium,9.1,some,78.1,202.53,low
motorbike,233.6,2,297.0,coal,gas,omnivore,imported,low,18.2,some,143.8,571.61,high
cycle,661.7,1,280.8,renewable,none,omnivore,local,medium,36.6,some,125.0,269.32,low
cycle,662.1,1,327.3,renewable,electric,vegetarian,mixed,medium,40.4,some,197.2,259.46,low
car_petrol,177.5,4,255.3,coal,gas,omnivore,mixed,low,31.6,most,40.3,532.88,high
cycle,525.7,2,72.1,mixed,gas,omnivore,mixed,high,34.7,most,295.6,460.69,moderate
train,398.3,4,234.9,coal,gas,meat_heavy,mixed,high,24.6,none,52.6,667.0,high
motorbike,594.5,0,370.5,mixed,electric,omnivore,local,low,28.1,some,174.4,385.29,low
car_diesel,734.7,1,142.8,mixed,gas,meat_heavy,mixed,medium,19.7,none,32.7,537.97,high
car_diesel,235.2,3,298.9,mixed,electric,vegan,local,medium,30.3,some,175.6,366.35,low
car_petrol,393.8,1,293.2,coal,gas,omnivore,mixed,medium,3.7,some,64.0,523.9,high
car_petrol,444.5,4,423.8,mixed,gas,meat_heavy,local,low,28.4,some,45.8,565.53,high
bus,1114.2,3,349.0,coal,oil,omnivore,local,high,41.4,some,274.1,763.67,high
car_petrol,168.7,0,364.5,mixed,oil,vegan,mixed,low,27.2,some,118.3,347.64,low
bus,190.9,0,226.7,mixed,gas,omnivore,local,low,33.2,most,255.9,393.01,low
car_petrol,537.7,3,313.5,coal,gas,meat_heavy,imported,low,40.5,none,238.3,887.67,high
cycle,345.2,2,323.4,mixed,oil,omnivore,local,medium,18.8,none,112.9,440.51,moderate
car_petrol,479.9,0,377.9,coal,none,vegetarian,mixed,medium,30.4,some,208.3,493.29,moderate
car_petrol,195.8,0,308.7,coal,gas,omnivore,mixed,medium,30.3,most,19.8,501.55,moderate
train,312.8,0,346.1,mixed,gas,meat_heavy,imported,medium,39.2,some,162.5,594.18,high
car_petrol,392.7,2,85.7,coal,gas,vegetarian,mixed,medium,35.4,none,114.4,491.79,moderate
car_electric,407.7,3,358.0,mixed,none,omnivore,imported,low,24.3,none,199.4,500.62,moderate
cycle,641.2,1,276.9,renewable,electric,vegetarian,local,medium,34.9,none,33.0,171.0,low
bus,411.9,10,125.5,mixed,electric,omnivore,imported,medium,22.7,most,68.7,624.49,high
car_petrol,70.2,4,87.6,renewable,gas,omnivore,mixed,medium,22.0,most,85.1,328.06,low
car_petrol,610.3,0,412.4,mixed,none,vegetarian,imported,medium,32.6,some,18.5,413.64,moderate
cycle,345.4,2,303.3,coal,gas,meat_heavy,local,low,4.3,most,98.5,481.37,moderate
car_petrol,157.2,0,326.9,mixed,gas,meat_heavy,mixed,high,25.6,most,260.4,547.16,high
cycle,245.9,1,242.3,mixed,electric,omnivore,mixed,medium,20.9,most,212.9,403.62,moderate
motorbike,383.8,10,322.7,mixed,electric,omnivore,imported,medium,20.2,some,46.5,598.56,high
car_petrol,456.2,0,184.2,coal,gas,omnivore,mixed,low,20.7,most,170.4,498.31,moderate
cycle,395.9,4,132.6,renewable,gas,vegetarian,mixed,medium,31.1,some,127.0,295.46,low
car_petrol,613.9,0,291.3,coal,electric,meat_heavy,mixed,medium,19.6,some,42.0,619.59,high
bus,613.4,4,319.7,renewable,electric,vegan,mixed,low,29.5,most,88.0,279.56,low
motorbike,510.8,3,386.2,mixed,gas,meat_heavy,local,low,32.3,none,72.0,535.84,high
bus,293.7,4,48.9,mixed,electric,omnivore,local,low,32.8,most,56.4,364.7,low
car_petrol,775.0,2,269.3,coal,electric,meat_heavy,mixed,low,27.5,some,133.1,680.18,high
cycle,284.7,3,150.2,coal,none,meat_heavy,imported,medium,29.2,none,120.5,514.08,high
bus,463.5,2,304.3,mixed,gas,vegetarian,local,medium,40.3,some,143.3,428.81,moderate
car_diesel,508.0,4,316.3,mixed,gas,omnivore,imported,high,25.6,most,160.7,726.31,high
motorbike,408.9,0,156.4,renewable,none,vegetarian,local,low,27.1,some,158.5,214.45,low
car_petrol,511.2,2,353.7,renewable,electric,vegetarian,local,high,24.3,some,149.2,381.17,low
car_diesel,774.5,0,337.1,renewable,electric,omnivore,mixed,medium,31.2,some,216.1,461.29,moderate
train,260.2,4,255.9,coal,oil,omnivore,local,medium,23.3,most,91.5,573.66,high
car_petrol,849.2,0,155.2,mixed,gas,omnivore,mixed,low,26.8,some,22.7,516.31,high
bus,330.8,3,101.1,coal,oil,vegetarian,imported,high,26.4,most,61.8,508.92,moderate
cycle,453.3,2,459.6,mixed,none,vegetarian,local,medium,10.3,none,213.2,351.45,low
car_diesel,541.1,2,251.2,coal,gas,omnivore,mixed,medium,22.0,some,91.3,592.87,high
car_petrol,578.2,4,146.7,mixed,gas,omnivore,imported,low,34.0,some,132.8,579.29,high
cycle,398.1,3,159.4,mixed,gas,vegetarian,imported,medium,42.9,some,44.9,366.43,low
car_petrol,419.5,0,153.6,renewable,electric,omnivore,mixed,medium,35.4,some,333.2,460.61,moderate
bus,517.9,0,188.9,coal,electric,omnivore,mixed,high,35.4,most,174.0,457.43,moderate
motorbike,400.4,0,143.2,mixed,electric,omnivore,mixed,low,17.7,some,89.6,317.06,low
car_electric,412.5,0,278.4,mixed,gas,meat_heavy,imported,low,18.8,most,174.4,490.39,moderate
car_petrol,792.8,0,254.6,renewable,gas,omnivore,local,high,35.5,most,66.8,440.15,moderate
bus,260.5,1,309.1,coal,electric,vegan,imported,low,33.8,none,41.4,399.78,low
car_petrol,210.2,3,236.5,mixed,oil,vegetarian,imported,medium,9.4,some,87.4,430.03,moderate
car_diesel,309.7,1,224.6,coal,gas,omnivore,local,low,11.9,none,21.9,401.65,moderate
car_petrol,709.3,1,364.9,renewable,gas,meat_heavy,mixed,medium,21.4,none,166.9,568.36,high
car_petrol,462.9,6,167.9,mixed,gas,vegan,mixed,low,13.6,none,181.5,459.91,moderate
car_diesel,854.3,0,286.8,coal,none,meat_heavy,mixed,low,18.8,most,143.3,560.91,high
car_petrol,505.8,0,120.4,mixed,electric,vegetarian,local,medium,31.9,most,169.1,357.58,low
bus,554.9,3,144.0,mixed,gas,vegetarian,mixed,medium,31.8,some,84.2,388.5,low
car_petrol,413.5,1,95.6,mixed,gas,omnivore,mixed,medium,27.0,none,88.8,468.4,moderate
car_petrol,604.8,2,99.3,mixed,none,vegan,mixed,medium,29.2,most,228.9,354.17,low
car_petrol,509.6,2,377.3,coal,gas,omnivore,local,medium,34.7,most,126.4,614.56,high
cycle,570.4,6,296.7,mixed,electric,meat_heavy,local,medium,18.9,some,93.5,492.65,moderate
motorbike,332.5,1,195.0,mixed,electric,vegan,local,high,25.8,none,128.6,277.66,low
train,141.9,3,241.2,renewable,electric,omnivore,mixed,low,19.2,none,181.6,340.27,low
car_electric,421.9,1,99.4,coal,none,vegetarian,local,low,25.1,some,199.8,252.81,low
bus,174.4,6,311.7,mixed,oil,vegan,local,medium,21.1,most,193.3,472.0,moderate
car_diesel,308.1,0,161.4,mixed,none,omnivore,local,medium,34.4,none,72.5,320.47,low
cycle,352.6,1,20.0,mixed,gas,vegan,imported,medium,25.6,some,52.3,225.63,low
cycle,371.4,1,291.5,mixed,none,vegan,imported,low,33.0,some,146.9,239.28,low
cycle,491.7,1,301.1,renewable,none,omnivore,mixed,medium,32.6,some,147.4,294.65,low
car_petrol,141.3,2,323.1,renewable,gas,meat_heavy,imported,high,26.4,most,91.7,540.04,high
bus,1011.7,0,319.9,renewable,none,vegetarian,local,low,35.0,some,109.1,248.36,low
cycle,362.1,2,236.6,coal,oil,meat_heavy,imported,medium,33.5,some,75.5,641.43,high
car_diesel,592.1,1,93.7,mixed,electric,omnivore,local,medium,32.7,most,305.2,489.63,moderate
train,567.8,1,233.5,mixed,gas,meat_heavy,mixed,medium,21.7,none,99.5,509.12,moderate
motorbike,813.5,2,338.1,coal,gas,omnivore,mixed,medium,22.5,some,37.1,592.84,high
car_petrol,349.7,0,123.0,coal,electric,omnivore,imported,medium,16.3,none,292.6,535.99,high
car_petrol,410.3,0,312.3,mixed,oil,vegetarian,mixed,low,35.9,some,159.2,451.87,moderate
bus,256.5,0,258.8,coal,gas,omnivore,imported,high,26.9,some,116.5,612.01,high
car_petrol,117.9,2,417.8,coal,gas,omnivore,local,low,20.3,most,278.3,586.88,high
car_petrol,1010.2,0,299.1,mixed,gas,omnivore,mixed,medium,37.2,none,89.2,638.85,high
bus,242.0,4,243.3,coal,gas,meat_heavy,mixed,medium,16.3,most,107.4,685.71,high
car_petrol,518.6,2,150.2,coal,none,omnivore,mixed,low,47.1,none,12.2,387.92,low
cycle,294.3,0,155.8,coal,electric,omnivore,mixed,high,15.9,some,160.9,465.19,moderate
car_petrol,490.4,3,262.6,mixed,gas,vegan,local,low,27.5,some,210.8,459.74,moderate
cycle,336.8,1,321.7,renewable,gas,omnivore,imported,high,23.4,some,84.0,341.82,low
cycle,195.3,6,271.8,mixed,electric,omnivore,imported,low,36.4,some,111.5,495.93,moderate
cycle,297.2,4,202.4,mixed,gas,vegan,mixed,medium,21.7,most,117.4,324.79,low
bus,774.9,6,288.2,coal,gas,meat_heavy,imported,low,38.7,none,96.5,872.57,high
car_diesel,618.6,0,173.9,renewable,gas,omnivore,mixed,low,38.8,most,79.8,297.55,low
car_diesel,478.9,2,185.4,mixed,none,vegetarian,local,medium,29.0,some,102.2,310.24,low
bus,269.5,0,431.3,mixed,gas,vegetarian,mixed,medium,27.5,some,72.0,372.94,low
car_petrol,502.7,0,289.2,renewable,gas,vegetarian,imported,low,30.0,some,184.3,307.1,low
bus,768.3,0,278.2,coal,gas,omnivore,imported,medium,22.7,none,67.3,565.71,high
car_electric,464.8,2,191.0,coal,electric,meat_heavy,mixed,medium,37.1,some,141.1,539.13,high
train,659.7,0,159.5,renewable,gas,meat_heavy,mixed,high,32.2,none,32.3,398.18,low
train,253.2,4,110.3,mixed,gas,meat_heavy,local,high,33.4,some,174.7,544.44,high
train,257.5,0,221.9,mixed,gas,omnivore,mixed,high,22.9,none,37.8,401.17,moderate
motorbike,727.5,4,235.4,renewable,gas,vegetarian,local,high,26.0,some,152.3,342.61,low
car_petrol,603.2,0,280.0,mixed,gas,omnivore,local,medium,48.4,some,27.8,451.21,moderate
motorbike,493.5,0,123.6,coal,gas,meat_heavy,local,low,33.4,some,97.0,530.4,high
train,632.5,6,237.1,coal,oil,meat_heavy,mixed,low,16.2,some,161.7,688.48,high
bus,611.4,6,280.1,coal,gas,omnivore,mixed,medium,30.8,most,150.6,723.67,high
car_petrol,476.1,0,247.8,mixed,electric,meat_heavy,mixed,medium,32.5,some,192.6,538.3,high
car_petrol,575.5,1,274.6,mixed,gas,omnivore,mixed,low,17.9,some,82.1,497.1,moderate
train,670.3,0,313.6,mixed,electric,omnivore,local,high,20.2,most,109.9,366.74,low
cycle,426.8,3,170.1,mixed,oil,omnivore,mixed,medium,29.2,some,200.6,520.31,high
train,805.9,0,98.1,coal,oil,meat_heavy,mixed,high,34.8,most,179.7,594.55,high
train,468.2,0,349.6,coal,gas,omnivore,imported,medium,40.5,none,225.3,619.72,high
cycle,664.1,0,300.1,coal,electric,vegan,mixed,high,34.1,most,67.3,328.12,low
bus,512.8,2,395.2,coal,none,meat_heavy,mixed,low,2.0,most,92.9,487.98,moderate
cycle,349.9,1,432.1,renewable,electric,vegan,mixed,medium,27.4,most,240.4,216.72,low
car_diesel,371.2,2,179.7,mixed,gas,omnivore,mixed,medium,2.0,none,20.7,404.91,moderate
car_petrol,444.9,1,219.3,mixed,gas,vegetarian,mixed,low,39.7,some,63.8,446.57,moderate
bus,708.4,6,207.5,coal,oil,meat_heavy,mixed,medium,26.3,some,184.5,768.11,high
motorbike,377.4,0,218.6,mixed,gas,vegetarian,local,low,37.0,some,152.7,350.21,low
train,396.9,4,205.3,mixed,gas,omnivore,mixed,low,29.2,most,111.5,439.26,moderate
cycle,414.4,2,458.7,mixed,oil,vegetarian,imported,medium,11.3,none,71.6,421.01,moderate
train,330.2,0,240.4,renewable,gas,vegetarian,imported,high,56.8,some,162.4,321.48,low
bus,577.2,4,202.4,renewable,electric,omnivore,imported,high,22.7,most,158.8,478.5,moderate
car_petrol,423.7,10,360.7,mixed,gas,omnivore,mixed,high,23.2,some,36.1,668.45,high
car_petrol,610.8,1,316.3,mixed,gas,vegetarian,mixed,medium,33.0,some,94.0,483.65,moderate
car_petrol,591.6,0,272.5,renewable,oil,vegetarian,mixed,high,30.5,most,142.1,349.1,low
car_petrol,539.1,0,100.6,coal,none,vegetarian,local,low,14.4,some,148.0,303.62,low
bus,788.0,6,300.0,coal,electric,meat_heavy,imported,high,38.7,some,101.0,799.36,high
bus,236.4,0,242.2,coal,gas,meat_heavy,mixed,high,26.7,most,119.3,629.75,high
train,485.5,1,242.6,coal,gas,omnivore,imported,medium,30.1,some,127.0,551.91,high
bus,598.8,4,238.8,coal,gas,omnivore,local,medium,30.3,some,113.2,594.67,high
car_diesel,437.3,6,178.5,coal,oil,omnivore,imported,medium,30.6,none,65.3,742.99,high
car_petrol,593.1,1,280.4,mixed,gas,omnivore,mixed,medium,35.5,some,43.7,499.37,moderate
cycle,581.4,4,139.1,coal,none,omnivore,local,high,39.5,most,217.2,421.46,moderate
car_petrol,622.6,2,264.9,mixed,gas,meat_heavy,mixed,high,22.4,none,231.4,749.54,high
motorbike,716.8,0,146.4,mixed,electric,omnivore,local,low,30.9,most,105.5,352.14,low
motorbike,587.2,2,418.6,mixed,electric,vegan,imported,medium,26.2,some,194.3,447.03,moderate
bus,394.7,0,153.6,coal,gas,omnivore,local,medium,33.9,most,146.2,438.08,moderate
cycle,275.7,0,283.4,coal,gas,omnivore,local,low,26.6,most,323.7,563.38,high
car_petrol,1314.9,1,249.7,mixed,none,omnivore,imported,high,29.0,most,135.6,687.23,high
car_petrol,880.1,4,354.2,mixed,gas,meat_heavy,imported,high,10.9,none,38.1,793.49,high
cycle,329.7,3,341.5,mixed,electric,vegetarian,mixed,low,41.2,most,86.0,334.98,low
car_petrol,371.5,0,173.0,mixed,electric,omnivore,local,high,20.7,some,88.7,371.97,low
cycle,671.0,1,188.6,coal,electric,vegetarian,local,medium,33.6,some,259.0,430.95,moderate
car_diesel,711.9,0,208.2,renewable,electric,omnivore,imported,high,21.0,some,196.8,501.36,moderate
car_electric,609.6,0,337.6,renewable,gas,vegan,local,medium,7.8,most,237.8,205.83,low
car_electric,1130.2,0,176.6,coal,electric,omnivore,local,medium,28.5,none,93.9,435.05,moderate
train,416.6,2,382.8,mixed,gas,meat_heavy,imported,high,30.2,most,82.7,639.34,high
car_diesel,540.3,3,349.7,renewable,electric,meat_heavy,mixed,medium,25.1,most,99.8,455.21,moderate
bus,551.8,10,185.9,mixed,gas,vegetarian,mixed,medium,28.2,none,173.3,576.26,high
cycle,510.5,0,295.4,renewable,electric,meat_heavy,mixed,medium,12.6,none,165.6,374.38,low
bus,365.8,0,267.0,mixed,gas,meat_heavy,imported,low,40.1,some,139.8,600.9,high
car_diesel,574.3,4,354.8,mixed,electric,meat_heavy,mixed,high,18.1,some,79.5,652.17,high
car_electric,161.3,3,369.9,coal,electric,vegan,mixed,low,28.2,none,235.2,533.98,high
car_petrol,223.6,2,397.3,mixed,gas,meat_heavy,local,high,44.9,most,73.6,529.24,high
car_electric,388.7,3,125.3,coal,electric,meat_heavy,mixed,medium,16.8,none,113.0,519.44,high
train,518.9,0,413.2,mixed,oil,omnivore,mixed,high,28.7,none,163.3,512.19,high
car_diesel,866.0,3,256.1,coal,oil,omnivore,imported,low,38.6,some,58.0,691.0,high
motorbike,312.4,1,236.2,renewable,none,omnivore,mixed,high,41.2,none,129.7,325.71,low
train,294.5,1,360.2,mixed,electric,omnivore,imported,high,30.5,none,118.5,496.08,moderate
bus,728.2,1,185.1,coal,electric,omnivore,mixed,low,28.7,none,106.6,514.64,high
car_diesel,341.1,2,391.6,coal,gas,vegetarian,mixed,medium,32.9,some,112.7,564.61,high
car_petrol,382.1,1,137.9,mixed,electric,omnivore,imported,high,18.5,some,137.4,510.5,moderate
car_petrol,221.6,1,286.5,mixed,gas,omnivore,mixed,low,29.3,none,85.4,418.61,moderate
car_petrol,577.8,3,263.8,mixed,gas,omnivore,mixed,medium,18.6,some,115.3,572.14,high
cycle,294.5,1,246.8,renewable,gas,meat_heavy,local,high,38.7,most,92.7,355.49,low
car_petrol,251.1,4,251.2,coal,electric,omnivore,imported,low,9.9,some,102.9,571.4,high
car_electric,474.4,1,129.0,mixed,none,meat_heavy,local,low,6.4,some,204.9,331.42,low
car_petrol,410.5,3,125.7,mixed,electric,vegetarian,mixed,medium,14.7,some,129.2,379.99,low
car_petrol,783.5,3,302.1,coal,electric,meat_heavy,mixed,medium,42.9,some,111.0,660.48,high
car_petrol,464.2,2,190.2,mixed,none,vegetarian,mixed,high,48.7,none,83.6,394.62,low
cycle,259.8,1,238.9,mixed,gas,vegetarian,imported,high,9.2,none,112.1,348.05,low
train,422.8,0,265.3,mixed,electric,vegetarian,local,low,16.8,some,162.2,299.25,low
train,414.8,0,229.4,mixed,oil,meat_heavy,mixed,medium,36.7,none,113.5,521.02,high
car_petrol,570.1,1,180.6,mixed,gas,omnivore,mixed,medium,20.4,none,218.4,551.2,high
car_petrol,456.0,2,189.5,renewable,gas,vegetarian,local,medium,39.0,some,55.3,281.99,low
train,373.3,4,391.1,renewable,electric,omnivore,mixed,low,39.7,none,53.8,350.86,low
car_petrol,358.8,0,404.8,mixed,gas,meat_heavy,local,medium,33.4,most,114.9,445.07,moderate
bus,524.6,6,69.4,coal,electric,omnivore,mixed,low,18.2,some,170.4,463.82,moderate
car_petrol,320.1,0,318.5,renewable,electric,omnivore,imported,low,21.1,some,141.2,351.76,low
train,404.3,0,377.4,mixed,electric,meat_heavy,imported,high,37.9,most,60.2,600.97,high
car_diesel,548.3,4,220.1,mixed,electric,vegan,local,medium,48.4,none,295.6,495.92,moderate
bus,668.8,4,407.1,renewable,gas,vegetarian,mixed,medium,29.6,some,211.0,417.87,moderate
car_petrol,479.6,0,193.8,coal,electric,omnivore,local,low,22.6,most,30.3,380.53,low
train,683.7,0,169.0,renewable,gas,omnivore,local,high,41.3,most,47.2,260.43,low
cycle,303.8,2,306.3,coal,electric,omnivore,mixed,low,31.1,none,270.8,478.57,moderate
cycle,449.4,4,289.0,mixed,none,omnivore,imported,medium,21.4,some,137.8,435.88,moderate
car_diesel,236.6,3,244.0,mixed,gas,omnivore,imported,high,29.0,some,115.4,593.44,high
train,715.8,2,286.4,coal,gas,vegan,mixed,medium,43.6,some,29.1,382.85,low
car_petrol,359.4,0,232.0,coal,gas,meat_heavy,mixed,medium,21.0,some,112.8,587.34,high
bus,420.1,3,229.1,mixed,electric,omnivore,local,medium,45.2,most,163.7,396.35,low
car_petrol,418.3,0,209.7,coal,gas,meat_heavy,local,medium,17.7,most,273.3,566.46,high
cycle,341.9,2,195.4,mixed,gas,vegan,mixed,medium,35.6,none,119.2,322.81,low
car_petrol,223.0,3,375.8,renewable,gas,omnivore,mixed,medium,41.9,none,109.6,426.06,moderate
bus,434.5,2,237.9,mixed,none,vegetarian,mixed,medium,26.7,some,216.5,325.14,low
car_petrol,565.5,0,131.7,renewable,oil,vegetarian,mixed,low,26.0,most,148.5,321.4,low
car_electric,398.6,6,490.9,mixed,oil,omnivore,local,medium,50.3,none,63.3,561.58,high
train,784.2,1,228.8,mixed,gas,meat_heavy,mixed,low,38.4,some,225.8,545.79,high
bus,416.2,0,412.4,mixed,electric,vegan,local,high,25.7,some,163.5,318.79,low
car_diesel,388.9,0,103.6,renewable,electric,omnivore,mixed,high,17.9,none,39.2,303.73,low
motorbike,1040.4,10,220.5,coal,gas,vegetarian,mixed,high,31.2,most,68.7,684.79,high
car_electric,199.3,6,180.8,renewable,gas,meat_heavy,mixed,medium,43.9,some,83.3,474.64,moderate
car_petrol,1776.0,0,278.5,renewable,electric,meat_heavy,local,low,21.6,most,161.8,637.77,high
car_petrol,347.1,1,325.2,mixed,gas,omnivore,mixed,high,40.6,most,136.5,547.45,high
car_petrol,552.9,10,144.7,coal,gas,meat_heavy,mixed,low,25.7,none,138.9,815.92,high
car_electric,235.1,2,202.4,mixed,gas,meat_heavy,imported,medium,5.6,some,43.3,505.02,moderate
train,166.2,3,499.5,mixed,oil,meat_heavy,mixed,high,42.6,none,145.4,717.3,high
car_diesel,163.8,0,230.1,mixed,oil,omnivore,local,high,14.6,some,66.5,404.38,moderate
train,404.3,1,212.0,mixed,gas,vegetarian,local,high,44.2,most,154.8,371.97,low
car_petrol,308.7,6,239.0,coal,gas,omnivore,local,medium,30.7,most,156.0,626.05,high
car_petrol,537.7,2,261.5,renewable,gas,omnivore,mixed,high,38.2,some,120.7,488.8,moderate
bus,395.6,0,183.5,mixed,gas,omnivore,local,low,31.4,some,63.6,342.84,low
car_petrol,531.5,6,332.3,mixed,none,omnivore,local,medium,22.2,some,55.0,490.33,moderate
car_diesel,411.2,1,191.2,coal,oil,vegan,mixed,high,36.0,most,107.4,504.83,moderate
motorbike,689.0,2,152.8,coal,electric,meat_heavy,local,low,24.8,most,89.8,491.98,moderate
motorbike,301.4,0,319.5,mixed,electric,omnivore,mixed,high,20.9,some,207.5,452.28,moderate
bus,423.5,2,349.9,mixed,oil,meat_heavy,mixed,low,31.2,some,55.4,518.45,high
bus,547.2,0,263.6,mixed,gas,omnivore,imported,low,48.5,most,137.9,465.7,moderate
cycle,147.8,0,360.1,coal,oil,vegetarian,local,low,18.5,most,159.9,403.96,moderate
cycle,547.5,3,179.2,mixed,electric,meat_heavy,local,medium,19.4,none,117.1,403.21,moderate
train,469.8,3,193.0,coal,gas,vegetarian,local,low,27.1,most,85.7,464.47,moderate
train,321.3,1,292.6,coal,oil,vegetarian,local,high,27.7,none,76.6,459.2,moderate
cycle,581.7,3,118.2,coal,electric,omnivore,mixed,low,33.2,some,55.9,417.75,moderate
car_electric,351.9,0,209.0,mixed,none,vegetarian,mixed,high,27.5,none,127.5,262.84,low
bus,799.6,10,286.5,renewable,none,omnivore,imported,high,26.8,none,140.4,585.18,high
bus,315.3,0,339.6,mixed,gas,meat_heavy,mixed,high,15.1,most,135.9,519.72,high
cycle,466.9,6,303.3,coal,electric,vegetarian,mixed,medium,33.0,most,55.3,461.74,moderate
bus,432.6,0,193.0,mixed,gas,omnivore,mixed,medium,38.7,some,94.8,400.18,moderate
car_petrol,481.3,2,206.0,renewable,gas,vegetarian,imported,medium,33.6,some,55.0,335.2,low
bus,919.0,1,211.1,mixed,none,omnivore,local,low,17.2,none,210.9,401.68,moderate
car_electric,287.8,2,313.2,renewable,electric,vegan,local,high,32.4,most,167.9,224.56,low
car_electric,272.3,0,183.8,mixed,electric,vegetarian,mixed,high,20.6,none,97.7,290.69,low
train,528.1,4,261.6,coal,none,vegetarian,imported,high,19.0,none,107.6,429.06,moderate
bus,379.3,2,217.4,mixed,none,omnivore,mixed,low,15.5,most,64.8,313.79,low
bus,637.6,0,209.8,renewable,gas,meat_heavy,local,high,28.7,most,106.1,386.17,low
car_diesel,769.0,1,49.9,mixed,gas,omnivore,mixed,medium,31.6,some,86.5,488.56,moderate
car_petrol,426.5,1,387.3,mixed,gas,vegan,mixed,medium,37.8,some,245.4,480.1,moderate
cycle,470.0,2,205.0,coal,electric,vegetarian,mixed,low,29.1,most,92.4,326.89,low
car_petrol,363.3,0,257.0,coal,gas,omnivore,mixed,low,12.8,some,64.1,493.55,moderate
car_petrol,659.1,2,234.6,coal,gas,vegan,mixed,low,43.7,most,156.8,545.28,high
car_petrol,114.9,0,285.8,renewable,electric,meat_heavy,mixed,medium,38.6,some,50.8,336.15,low
cycle,719.3,0,191.9,mixed,gas,omnivore,mixed,low,29.4,none,154.3,385.82,low
motorbike,219.9,1,359.1,coal,oil,omnivore,mixed,medium,43.4,most,105.8,592.81,high
train,706.0,2,205.7,coal,electric,meat_heavy,imported,medium,23.7,none,118.1,632.93,high
cycle,417.0,0,66.4,mixed,none,omnivore,imported,high,26.5,none,427.7,511.39,high
car_petrol,489.9,3,404.1,coal,oil,omnivore,mixed,medium,33.2,some,48.4,735.33,high
bus,348.3,0,361.0,mixed,gas,meat_heavy,mixed,medium,33.7,most,286.3,514.91,high
car_petrol,882.9,2,315.1,mixed,oil,vegetarian,mixed,medium,33.4,none,85.1,571.85,high
cycle,719.3,6,140.1,mixed,gas,meat_heavy,local,low,30.1,none,153.1,512.7,high
train,375.8,3,181.3,mixed,gas,vegetarian,mixed,low,31.3,none,236.6,443.41,moderate
bus,250.5,0,74.8,mixed,gas,omnivore,mixed,high,41.9,some,100.0,422.59,moderate
car_diesel,542.9,2,283.7,mixed,electric,vegan,mixed,high,36.3,some,88.6,388.95,low
bus,1015.2,1,249.6,renewable,gas,omnivore,mixed,low,24.6,most,125.0,341.17,low
car_diesel,1147.8,2,473.8,renewable,oil,meat_heavy,local,high,30.3,most,44.1,558.23,high
car_petrol,273.4,1,245.6,renewable,gas,meat_heavy,mixed,low,32.6,some,152.4,391.14,low
cycle,1248.8,3,432.6,renewable,gas,vegetarian,mixed,high,20.4,none,178.0,311.16,low
train,507.8,2,269.8,coal,electric,vegetarian,local,high,46.5,most,244.6,492.25,moderate
bus,1035.4,0,130.5,coal,oil,meat_heavy,local,low,24.0,most,90.5,530.96,high
bus,264.3,2,432.3,renewable,electric,meat_heavy,mixed,medium,19.0,some,313.5,493.96,moderate
motorbike,470.5,3,370.2,renewable,oil,omnivore,mixed,medium,37.5,most,235.6,436.24,moderate
car_petrol,742.9,1,172.9,coal,oil,omnivore,local,medium,39.2,none,166.5,658.03,high
bus,499.0,0,250.8,renewable,gas,vegetarian,local,medium,18.4,none,237.2,253.72,low
car_petrol,251.8,1,279.8,coal,oil,vegan,imported,low,26.7,none,80.8,450.37,moderate
car_electric,202.5,2,346.4,renewable,gas,meat_heavy,local,low,26.8,some,115.1,305.08,low
cycle,451.4,0,219.9,renewable,gas,omnivore,mixed,medium,39.5,some,338.8,370.56,low
bus,706.6,0,326.1,mixed,none,omnivore,mixed,medium,27.3,some,161.6,406.55,moderate
motorbike,807.3,2,186.2,mixed,gas,meat_heavy,local,high,12.6,some,148.9,501.17,moderate
car_diesel,660.4,1,329.9,mixed,oil,meat_heavy,mixed,high,19.1,some,79.2,632.07,high
car_diesel,574.1,0,229.2,renewable,gas,meat_heavy,mixed,medium,31.1,most,238.5,451.7,moderate
train,215.4,3,225.7,mixed,oil,vegetarian,mixed,high,38.3,most,116.8,397.35,low
car_petrol,496.8,3,230.8,renewable,oil,meat_heavy,mixed,high,33.5,none,43.3,516.73,high
motorbike,338.3,0,165.3,mixed,electric,omnivore,mixed,high,35.9,some,177.6,467.0,moderate
car_petrol,558.1,1,279.7,coal,gas,vegetarian,mixed,medium,27.6,some,239.7,571.47,high
car_petrol,367.4,0,163.7,mixed,electric,meat_heavy,mixed,high,28.3,some,142.3,501.59,moderate
car_electric,428.3,2,262.9,mixed,gas,omnivore,mixed,low,27.3,some,232.0,457.51,moderate
train,335.9,10,172.3,mixed,oil,omnivore,imported,low,40.8,some,156.3,699.74,high
car_petrol,529.0,1,228.8,mixed,gas,vegetarian,local,medium,39.3,some,281.2,484.72,moderate
train,758.6,0,196.6,mixed,oil,vegetarian,mixed,high,10.5,most,57.3,312.76,low
car_electric,383.3,1,99.4,coal,gas,omnivore,mixed,low,26.7,some,270.1,509.85,moderate
car_petrol,464.6,0,407.9,mixed,gas,omnivore,local,low,29.4,some,397.9,635.5,high
car_petrol,231.2,2,152.4,coal,gas,meat_heavy,imported,high,27.6,some,411.1,838.48,high
car_petrol,424.1,0,249.5,renewable,oil,omnivore,mixed,medium,20.7,some,116.9,372.43,low
car_petrol,430.0,0,253.6,coal,none,omnivore,mixed,medium,29.1,most,19.7,381.54,low
car_petrol,793.2,0,260.0,coal,electric,omnivore,imported,medium,36.2,most,129.1,609.66,high
cycle,459.8,4,248.6,renewable,electric,vegan,local,low,31.7,most,107.4,204.62,low
car_petrol,433.1,1,166.9,coal,electric,meat_heavy,local,medium,30.9,none,149.8,538.88,high
bus,538.4,0,181.5,renewable,electric,omnivore,mixed,medium,27.7,none,193.9,341.29,low
car_petrol,501.2,1,294.3,mixed,gas,vegetarian,mixed,medium,33.0,none,313.6,532.31,high
cycle,705.1,0,125.1,mixed,gas,vegan,mixed,medium,33.0,none,49.7,225.96,low
cycle,149.2,0,203.9,mixed,gas,meat_heavy,mixed,medium,22.0,most,159.5,463.49,moderate
motorbike,304.4,0,142.1,coal,electric,meat_heavy,mixed,low,10.8,none,114.7,424.95,moderate
car_petrol,687.4,1,316.9,renewable,gas,meat_heavy,imported,high,14.6,most,153.9,613.54,high
train,514.7,10,248.4,coal,electric,meat_heavy,imported,low,44.5,none,59.8,734.83,high
bus,251.4,1,255.7,mixed,oil,omnivore,local,low,31.1,none,80.6,385.17,low
cycle,658.1,3,225.9,mixed,gas,omnivore,mixed,medium,23.4,some,131.8,470.24,moderate
cycle,196.4,3,225.0,mixed,electric,omnivore,mixed,low,27.2,some,47.5,363.99,low
bus,316.3,0,391.8,mixed,gas,meat_heavy,imported,medium,29.0,none,39.1,537.27,high
car_electric,828.6,0,301.6,coal,none,meat_heavy,mixed,medium,39.2,most,133.4,444.64,moderate
car_diesel,151.7,4,287.3,mixed,gas,meat_heavy,mixed,medium,32.6,some,158.5,592.46,high
car_petrol,410.4,0,177.1,coal,none,omnivore,local,low,30.4,some,141.4,353.38,low
car_electric,425.1,6,343.6,mixed,gas,vegan,mixed,medium,23.6,most,99.5,426.4,moderate
car_petrol,789.6,0,204.2,mixed,electric,meat_heavy,local,high,20.0,most,169.7,552.28,high
motorbike,475.7,6,333.6,renewable,gas,vegetarian,imported,high,26.3,some,269.0,505.82,moderate
car_diesel,507.9,1,99.9,coal,electric,omnivore,imported,medium,21.3,most,162.2,525.87,high
car_electric,769.1,0,175.9,renewable,electric,omnivore,mixed,medium,17.3,none,147.2,296.88,low
bus,324.6,6,245.4,renewable,gas,omnivore,imported,low,23.4,most,435.0,580.08,high
car_diesel,243.5,0,295.3,mixed,oil,omnivore,mixed,high,37.2,some,148.2,497.48,moderate
train,577.5,6,292.8,mixed,oil,omnivore,mixed,low,28.8,most,72.4,491.55,moderate
car_petrol,1103.6,4,65.8,mixed,electric,meat_heavy,local,medium,22.5,some,82.7,564.42,high
car_diesel,453.5,6,389.6,renewable,gas,omnivore,mixed,high,12.0,some,150.3,520.33,high
bus,782.6,2,456.2,renewable,oil,omnivore,imported,medium,33.9,some,71.1,468.55,moderate
car_petrol,224.7,0,295.9,mixed,gas,vegan,mixed,medium,23.2,most,181.6,358.68,low
train,135.8,0,223.5,mixed,electric,meat_heavy,mixed,medium,37.8,none,49.3,392.44,low
bus,233.1,0,266.9,mixed,oil,meat_heavy,mixed,medium,29.3,some,8.2,444.11,moderate
car_petrol,657.2,0,262.7,mixed,electric,meat_heavy,mixed,medium,42.9,some,125.7,582.84,high
car_petrol,508.9,1,269.0,renewable,gas,omnivore,mixed,low,18.4,some,168.2,380.99,low
car_diesel,483.7,0,154.8,coal,oil,meat_heavy,imported,medium,35.7,most,155.0,684.07,high
bus,333.2,0,438.0,mixed,oil,omnivore,mixed,high,21.5,some,42.0,434.72,moderate
car_petrol,451.1,3,212.6,mixed,gas,omnivore,mixed,low,25.0,some,116.2,498.64,moderate
cycle,405.6,1,321.1,mixed,gas,meat_heavy,mixed,medium,42.2,most,140.6,517.83,high
car_diesel,148.1,0,169.6,mixed,electric,vegan,mixed,low,41.9,some,275.6,317.94,low
bus,642.3,6,325.2,mixed,gas,omnivore,mixed,medium,32.7,none,49.0,564.88,high
car_petrol,315.0,10,262.9,renewable,gas,omnivore,local,low,24.2,none,220.4,566.23,high
car_petrol,678.9,0,224.0,coal,gas,meat_heavy,imported,low,23.4,some,214.7,776.0,high
bus,687.9,0,556.5,coal,electric,omnivore,mixed,low,34.8,some,87.7,614.11,high
cycle,486.5,1,187.3,mixed,electric,omnivore,imported,medium,20.3,most,274.0,485.84,moderate
car_petrol,309.3,3,21.9,coal,gas,meat_heavy,imported,medium,27.9,most,121.4,621.95,high
train,135.7,0,318.6,mixed,oil,omnivore,imported,medium,31.0,most,168.2,466.25,moderate
car_petrol,761.6,10,305.0,coal,gas,omnivore,mixed,low,36.4,some,307.9,891.43,high
car_petrol,782.2,4,301.6,coal,gas,omnivore,mixed,medium,37.8,none,209.5,799.59,high
car_electric,489.6,0,292.0,mixed,gas,vegetarian,mixed,low,20.8,most,94.9,306.79,low
train,308.3,4,181.5,mixed,electric,vegetarian,mixed,high,37.5,most,55.6,375.2,low
car_petrol,238.9,2,288.7,mixed,oil,omnivore,mixed,medium,36.2,some,102.7,487.89,moderate
car_diesel,402.0,0,155.6,mixed,gas,vegetarian,imported,medium,32.9,some,257.3,438.74,moderate
cycle,891.6,0,380.0,renewable,electric,omnivore,mixed,medium,51.9,none,54.5,278.23,low
car_petrol,138.9,1,217.6,renewable,electric,meat_heavy,mixed,high,15.7,none,13.3,358.51,low
cycle,729.4,10,181.2,mixed,none,meat_heavy,imported,medium,37.5,most,163.6,635.75,high
car_petrol,178.8,1,355.5,coal,gas,meat_heavy,local,medium,29.3,some,44.2,502.44,moderate
motorbike,293.1,0,190.6,mixed,oil,omnivore,mixed,high,32.9,some,193.4,484.82,moderate
car_diesel,629.0,2,284.7,coal,gas,omnivore,imported,low,27.1,some,75.6,607.34,high
car_petrol,446.5,1,262.8,mixed,oil,vegetarian,mixed,medium,29.6,most,64.6,392.99,low
bus,1119.4,3,246.2,renewable,gas,vegetarian,mixed,low,11.4,some,57.7,293.96,low
car_diesel,612.5,0,165.8,renewable,gas,meat_heavy,mixed,medium,33.5,most,107.1,449.37,moderate
train,950.5,0,211.4,mixed,gas,omnivore,local,low,41.3,some,107.3,384.65,low
bus,915.5,2,187.2,renewable,electric,omnivore,local,medium,25.9,most,55.8,331.93,low
cycle,501.1,2,215.4,coal,electric,meat_heavy,imported,medium,39.1,some,107.9,618.88,high
bus,407.9,2,231.0,coal,gas,vegetarian,imported,medium,33.8,most,224.9,515.24,high
bus,155.8,0,277.2,renewable,electric,meat_heavy,imported,high,32.4,some,216.4,489.11,moderate
car_petrol,499.0,3,286.4,mixed,gas,vegetarian,mixed,medium,31.5,some,57.0,464.84,moderate
car_diesel,196.0,4,284.4,coal,gas,omnivore,mixed,medium,33.4,none,64.6,618.0,high
car_diesel,974.8,0,85.4,renewable,electric,vegetarian,imported,medium,34.8,none,84.1,385.02,low
train,334.5,4,20.0,coal,gas,vegetarian,imported,medium,30.5,some,69.3,405.05,moderate
bus,729.4,0,76.7,coal,gas,omnivore,local,low,30.5,none,101.5,413.08,moderate
cycle,248.0,3,245.6,renewable,electric,meat_heavy,mixed,medium,33.5,some,267.2,414.46,moderate
cycle,146.2,3,359.2,mixed,electric,vegetarian,local,medium,17.6,some,215.2,418.25,moderate
cycle,908.1,1,37.6,renewable,electric,omnivore,imported,high,11.6,most,159.5,358.93,low
car_petrol,660.9,1,321.6,mixed,oil,vegetarian,local,medium,18.2,most,149.5,533.21,high
car_diesel,387.1,2,220.9,mixed,oil,omnivore,mixed,high,29.6,some,132.4,528.38,high
car_diesel,563.3,0,317.0,mixed,oil,omnivore,imported,high,31.3,none,95.1,643.18,high
cycle,744.2,0,269.7,coal,electric,meat_heavy,mixed,medium,41.6,most,142.2,513.2,high
car_diesel,489.4,6,320.3,renewable,none,vegetarian,mixed,low,31.0,most,99.0,360.13,low
car_petrol,414.0,3,194.6,renewable,electric,meat_heavy,mixed,high,41.7,most,134.7,572.39,high
car_petrol,419.2,2,178.0,coal,gas,omnivore,imported,medium,34.6,some,60.5,566.37,high
car_petrol,552.3,0,184.5,mixed,gas,meat_heavy,imported,medium,45.0,some,139.8,578.09,high
car_diesel,375.8,0,340.6,mixed,electric,vegetarian,imported,high,5.8,none,342.7,505.46,moderate
car_diesel,678.5,1,258.4,mixed,gas,vegetarian,mixed,medium,18.4,none,206.4,446.24,moderate
train,336.7,3,352.5,mixed,electric,meat_heavy,imported,medium,33.8,none,72.7,606.1,high
train,156.8,0,240.6,mixed,electric,meat_heavy,mixed,high,30.0,most,142.6,457.5,moderate
cycle,350.2,0,289.3,coal,electric,meat_heavy,mixed,medium,27.7,some,31.6,448.17,moderate
car_petrol,587.7,1,315.7,renewable,electric,omnivore,imported,medium,26.6,some,143.0,426.7,moderate
car_petrol,517.3,3,170.1,mixed,oil,omnivore,mixed,medium,14.3,some,111.7,516.02,high
bus,197.9,0,193.6,mixed,electric,omnivore,mixed,medium,7.4,most,45.2,301.37,low
bus,447.2,2,217.5,coal,oil,omnivore,imported,low,19.5,none,108.7,571.92,high
car_petrol,295.5,3,395.1,mixed,gas,omnivore,mixed,medium,33.5,none,173.6,601.22,high
cycle,753.1,1,173.1,mixed,none,omnivore,mixed,low,33.1,none,319.8,397.36,low
train,664.3,2,149.5,coal,electric,vegetarian,mixed,medium,33.7,none,105.2,392.98,low
bus,593.0,10,78.1,coal,gas,omnivore,local,low,14.1,none,110.7,623.69,high
cycle,175.3,0,232.6,mixed,gas,omnivore,mixed,medium,24.4,none,69.9,344.32,low
bus,773.0,2,297.9,mixed,gas,vegetarian,local,medium,32.3,some,129.8,411.6,moderate
cycle,193.1,0,397.4,mixed,gas,omnivore,mixed,medium,28.5,none,115.0,407.43,moderate
motorbike,578.8,1,253.4,renewable,gas,meat_heavy,imported,low,23.5,some,206.8,539.94,high
car_electric,901.4,3,170.0,coal,gas,omnivore,imported,low,26.7,some,50.2,550.4,high
bus,464.5,2,272.0,mixed,gas,vegetarian,local,medium,17.1,none,78.3,346.81,low
train,266.6,0,127.1,mixed,gas,omnivore,mixed,medium,27.5,most,100.5,329.61,low
car_petrol,472.2,2,234.0,coal,gas,omnivore,mixed,medium,22.3,some,58.0,525.0,high
car_diesel,324.3,0,286.2,mixed,oil,vegetarian,mixed,low,15.9,none,152.2,388.68,low
bus,839.5,2,441.7,renewable,oil,omnivore,mixed,medium,2.0,some,152.6,369.15,low
cycle,457.8,2,249.4,renewable,electric,omnivore,mixed,high,27.3,none,179.3,373.17,low
cycle,140.2,2,164.1,renewable,gas,omnivore,mixed,medium,32.3,some,23.8,276.05,low
car_petrol,376.8,3,351.7,coal,electric,vegetarian,local,low,20.0,some,219.3,498.25,moderate
car_petrol,370.8,4,230.4,coal,gas,omnivore,local,low,18.3,some,236.0,629.45,high
car_petrol,786.9,0,194.5,coal,none,vegan,mixed,low,32.6,some,261.8,444.69,moderate
cycle,383.8,2,408.3,mixed,gas,omnivore,mixed,high,17.9,most,236.4,518.13,high
cycle,595.4,3,273.8,coal,gas,meat_heavy,imported,medium,25.1,most,70.2,592.12,high
motorbike,344.4,0,362.2,mixed,electric,omnivore,local,low,9.9,most,36.9,311.61,low
car_petrol,680.8,0,277.3,mixed,gas,meat_heavy,local,high,38.2,none,108.6,616.29,high
bus,369.1,1,263.0,mixed,electric,omnivore,mixed,high,29.3,none,199.6,501.04,moderate
car_electric,358.2,1,357.8,mixed,gas,omnivore,imported,high,45.7,most,89.5,574.7,high
bus,396.9,3,377.5,coal,electric,omnivore,imported,high,31.6,most,85.2,648.46,high
car_petrol,312.6,0,181.6,mixed,electric,omnivore,mixed,low,25.3,none,147.1,372.5,low
car_petrol,612.9,0,108.6,coal,gas,vegan,mixed,high,7.8,most,120.3,424.43,moderate
bus,248.4,1,279.5,coal,gas,meat_heavy,mixed,medium,16.1,some,55.1,588.06,high
car_petrol,55.0,10,179.7,mixed,gas,meat_heavy,mixed,low,37.7,none,251.0,687.71,high
bus,522.3,0,276.9,mixed,oil,omnivore,mixed,medium,39.7,some,105.8,465.72,moderate
car_petrol,278.7,2,162.7,renewable,oil,omnivore,mixed,medium,34.3,some,103.3,392.67,low
car_diesel,923.1,2,338.3,mixed,oil,omnivore,mixed,medium,35.4,some,118.8,658.47,high
cycle,936.7,1,236.6,mixed,oil,vegetarian,mixed,medium,16.2,some,207.9,379.28,low
car_electric,837.7,0,301.3,coal,none,omnivore,local,low,42.7,some,182.9,415.87,moderate
bus,385.9,0,170.7,mixed,gas,vegetarian,mixed,medium,14.0,some,221.9,341.03,low
bus,256.1,0,256.4,mixed,gas,vegetarian,mixed,low,44.2,some,215.0,404.86,moderate
train,213.8,1,271.2,coal,gas,vegetarian,mixed,medium,13.2,none,44.1,363.52,low
car_electric,893.2,1,256.4,mixed,gas,vegetarian,local,medium,21.1,none,30.4,318.13,low
car_petrol,358.9,2,258.1,mixed,electric,omnivore,imported,medium,17.4,none,83.2,536.47,high
car_petrol,622.3,0,175.8,coal,electric,omnivore,imported,medium,21.3,none,91.4,568.91,high
car_petrol,255.9,4,178.4,coal,gas,omnivore,local,low,40.4,some,182.7,545.07,high
cycle,344.4,2,284.5,renewable,electric,meat_heavy,local,medium,38.6,some,89.9,346.67,low
bus,229.0,3,364.1,mixed,gas,meat_heavy,mixed,high,9.9,some,52.7,526.5,high
car_electric,543.5,2,172.8,renewable,gas,vegetarian,local,high,33.9,most,81.2,263.2,low
bus,779.7,2,406.1,mixed,gas,vegetarian,imported,low,9.2,some,391.0,523.73,high
train,149.5,1,279.3,mixed,electric,vegetarian,imported,high,28.0,most,198.6,408.69,moderate
car_diesel,182.6,4,249.9,mixed,oil,omnivore,local,medium,19.1,some,117.9,487.1,moderate
car_petrol,386.8,1,174.2,renewable,gas,meat_heavy,local,medium,26.7,most,217.0,427.0,moderate
car_petrol,198.1,3,200.7,coal,gas,omnivore,local,high,28.5,none,158.7,557.19,high
car_diesel,273.8,4,314.7,mixed,none,omnivore,mixed,high,34.2,most,117.8,451.19,moderate
bus,681.6,2,226.1,coal,gas,meat_heavy,mixed,high,30.5,some,246.8,731.35,high
cycle,442.3,2,367.5,coal,gas,vegan,mixed,medium,18.3,some,363.0,528.78,high
car_diesel,588.8,2,319.8,mixed,oil,vegetarian,local,high,37.1,some,154.7,515.45,high
car_petrol,319.4,0,94.7,mixed,electric,vegetarian,mixed,medium,43.8,none,46.5,347.6,low
car_diesel,325.1,0,73.0,mixed,none,omnivore,local,low,9.8,most,109.4,233.73,low
car_petrol,792.8,2,283.8,coal,gas,vegan,local,medium,17.1,some,80.3,544.64,high
bus,460.6,6,112.8,coal,electric,vegan,local,high,34.7,most,167.9,409.29,moderate
bus,189.9,0,212.8,mixed,electric,vegan,local,medium,18.7,some,41.5,195.81,low
train,428.2,0,290.3,mixed,electric,omnivore,mixed,medium,40.2,none,110.8,390.82,low
bus,426.7,2,221.1,mixed,gas,vegetarian,mixed,medium,41.1,most,83.4,369.34,low
bus,278.5,0,165.3,mixed,gas,omnivore,mixed,high,34.7,none,299.3,506.95,moderate
train,374.7,2,183.2,mixed,gas,omnivore,mixed,medium,16.6,some,54.0,371.33,low
cycle,301.4,0,127.2,mixed,gas,omnivore,mixed,low,31.4,some,126.9,343.8,low
car_petrol,736.6,2,300.1,mixed,electric,meat_heavy,imported,low,43.0,some,295.7,757.59,high
cycle,202.7,2,358.3,renewable,gas,vegan,imported,medium,15.9,none,142.8,231.63,low
train,646.4,2,214.1,mixed,gas,vegetarian,imported,low,29.0,some,95.8,388.64,low
car_diesel,564.6,2,267.4,mixed,electric,omnivore,local,low,27.4,most,102.8,461.36,moderate
cycle,174.2,4,147.9,mixed,oil,meat_heavy,mixed,medium,35.0,none,126.7,587.57,high
train,392.6,0,210.5,mixed,gas,omnivore,mixed,medium,39.4,some,67.7,392.27,low
bus,747.5,1,68.0,coal,gas,omnivore,mixed,low,23.7,some,109.7,508.94,moderate
train,103.9,2,258.2,coal,gas,omnivore,local,medium,30.7,some,120.0,516.03,high
car_petrol,414.6,2,188.6,coal,gas,vegetarian,mixed,low,31.8,most,211.7,587.4,high
train,990.1,1,381.8,coal,gas,omnivore,imported,medium,48.6,some,192.6,674.46,high
car_diesel,303.5,1,116.9,mixed,gas,omnivore,mixed,low,21.9,none,84.5,376.0,low
bus,522.2,1,230.4,mixed,oil,vegetarian,imported,low,30.3,none,274.8,484.81,moderate
bus,516.3,0,216.4,coal,oil,meat_heavy,local,medium,21.4,none,76.1,478.41,moderate
cycle,855.2,2,272.8,renewable,oil,omnivore,imported,medium,37.5,some,154.3,374.79,low
cycle,697.9,0,318.9,renewable,gas,vegetarian,local,medium,27.2,none,78.1,182.08,low
car_petrol,282.2,1,465.8,mixed,gas,vegan,local,low,56.3,some,57.4,360.84,low
car_electric,574.5,0,329.1,mixed,electric,omnivore,imported,low,41.9,none,165.3,453.31,moderate
motorbike,210.0,4,190.0,renewable,gas,vegan,mixed,medium,31.4,some,44.1,231.12,low
train,412.2,3,304.5,renewable,gas,omnivore,local,medium,30.5,none,142.5,329.83,low
car_petrol,535.9,0,254.9,coal,oil,vegan,mixed,high,27.8,most,103.6,487.16,moderate
car_petrol,448.3,2,307.5,mixed,gas,omnivore,mixed,medium,17.9,some,230.5,624.51,high
bus,588.4,0,342.8,mixed,gas,meat_heavy,local,high,14.4,some,166.3,529.84,high
car_electric,782.8,2,262.5,mixed,none,vegetarian,imported,low,43.1,most,125.7,331.58,low
cycle,403.3,3,443.2,mixed,electric,vegetarian,local,medium,32.4,most,161.6,388.4,low
car_electric,332.4,0,357.0,coal,electric,vegetarian,mixed,high,40.3,none,153.5,439.82,moderate
car_electric,419.6,2,80.6,coal,gas,meat_heavy,mixed,medium,21.5,most,164.3,565.28,high
train,67.1,0,410.1,mixed,oil,vegetarian,imported,medium,24.3,most,27.3,362.26,low
car_petrol,417.6,4,202.5,renewable,oil,meat_heavy,imported,medium,33.9,none,42.0,601.48,high
bus,601.3,10,295.7,mixed,none,omnivore,mixed,medium,33.3,most,115.0,574.35,high
car_petrol,349.1,1,229.2,renewable,gas,vegan,local,low,20.3,none,99.0,207.62,low
bus,523.6,1,221.6,renewable,oil,vegetarian,imported,low,18.9,most,186.3,304.68,low
car_petrol,562.3,1,480.9,mixed,electric,vegetarian,mixed,high,26.4,most,97.4,465.85,moderate
cycle,895.9,1,141.4,coal,gas,omnivore,imported,medium,28.7,most,155.1,491.14,moderate
car_petrol,835.4,0,361.2,mixed,electric,omnivore,mixed,low,30.4,none,63.3,501.4,moderate
car_petrol,115.8,1,248.6,mixed,gas,vegetarian,mixed,low,36.9,most,226.9,415.29,moderate
car_petrol,270.8,6,111.4,mixed,electric,omnivore,imported,high,36.4,most,56.1,542.72,high
car_petrol,415.8,0,290.8,coal,electric,vegetarian,mixed,low,7.8,most,65.1,425.65,moderate
car_diesel,609.8,1,199.3,coal,oil,omnivore,mixed,low,45.4,most,103.7,656.78,high
car_petrol,731.1,2,172.0,mixed,oil,meat_heavy,local,medium,26.5,some,75.9,582.98,high
cycle,292.9,6,286.0,renewable,gas,meat_heavy,imported,medium,23.5,some,240.8,566.47,high
motorbike,615.6,2,341.5,coal,oil,meat_heavy,imported,medium,14.2,some,131.1,763.13,high
train,478.1,1,258.1,coal,gas,meat_heavy,local,medium,33.3,none,42.5,478.95,moderate
car_diesel,190.0,2,258.4,coal,gas,omnivore,imported,medium,37.3,none,94.5,595.67,high
cycle,258.7,0,239.0,mixed,gas,omnivore,mixed,medium,43.2,some,211.5,417.32,moderate
car_diesel,397.5,0,233.0,mixed,gas,meat_heavy,mixed,medium,44.4,some,149.8,534.28,high
car_petrol,151.4,1,359.7,mixed,gas,vegan,mixed,low,27.9,some,307.6,427.51,moderate
train,227.1,0,312.3,mixed,gas,omnivore,mixed,high,31.8,none,149.2,443.65,moderate
car_diesel,634.8,0,272.3,coal,electric,vegan,mixed,medium,25.8,some,216.7,442.27,moderate
car_petrol,342.0,0,261.3,mixed,electric,omnivore,local,low,21.3,most,123.7,381.89,low
car_electric,215.1,0,385.4,mixed,none,omnivore,mixed,medium,21.9,most,117.2,325.45,low
bus,1549.8,3,243.0,renewable,electric,omnivore,mixed,low,37.9,most,114.0,444.75,moderate
motorbike,97.9,3,162.8,renewable,oil,vegetarian,imported,low,40.8,none,55.4,301.54,low
train,699.5,0,336.8,mixed,none,omnivore,mixed,low,20.5,most,154.4,356.47,low
car_petrol,1179.5,3,323.2,mixed,gas,omnivore,local,high,16.8,most,110.5,650.5,high
car_petrol,320.4,3,213.5,mixed,gas,omnivore,mixed,high,28.2,some,147.3,612.79,high
bus,787.2,1,165.0,mixed,electric,omnivore,mixed,medium,16.0,most,199.9,469.51,moderate
bus,354.1,2,299.8,coal,gas,vegetarian,mixed,medium,33.4,some,105.6,497.74,moderate
bus,267.9,0,77.5,mixed,electric,omnivore,imported,high,32.5,some,239.7,505.15,moderate
cycle,574.7,0,311.4,coal,gas,vegan,imported,low,16.7,most,188.1,398.29,low
car_diesel,429.7,0,340.6,coal,oil,omnivore,mixed,low,27.6,some,68.3,587.0,high
bus,157.3,0,189.6,mixed,electric,omnivore,mixed,high,40.0,none,311.5,507.86,moderate
car_petrol,861.2,2,225.7,renewable,none,meat_heavy,imported,high,24.9,some,190.7,692.71,high
train,698.2,1,126.0,renewable,gas,omnivore,imported,high,28.5,none,206.6,411.3,moderate
car_diesel,368.7,1,164.3,coal,gas,vegetarian,mixed,medium,22.2,most,345.4,544.27,high
cycle,741.1,3,207.5,renewable,gas,meat_heavy,local,high,30.8,none,345.4,525.19,high
car_electric,415.5,6,283.4,mixed,none,meat_heavy,mixed,high,44.7,some,169.2,676.23,high
bus,306.8,0,365.0,mixed,electric,omnivore,imported,low,19.2,some,118.7,395.94,low
cycle,460.6,1,426.1,renewable,oil,omnivore,imported,medium,39.5,some,57.8,349.23,low
car_petrol,205.2,0,228.9,coal,gas,omnivore,mixed,low,15.7,some,213.4,506.83,moderate
train,607.0,10,215.2,coal,gas,vegetarian,mixed,medium,44.3,some,146.7,670.79,high
train,673.3,6,182.7,coal,gas,vegetarian,mixed,low,38.8,some,154.1,528.51,high
car_petrol,393.2,3,317.2,renewable,none,omnivore,mixed,medium,45.1,some,295.2,508.72,moderate
car_petrol,521.9,2,401.5,coal,electric,omnivore,local,low,25.2,most,8.4,505.0,moderate
bus,1617.3,10,174.3,coal,electric,omnivore,mixed,high,35.9,most,148.2,801.18,high
car_petrol,250.8,4,154.6,mixed,electric,omnivore,local,high,19.6,none,204.5,513.48,high
car_petrol,279.7,4,391.9,coal,electric,meat_heavy,local,medium,30.2,some,131.9,579.4,high
bus,491.7,2,203.4,renewable,electric,vegan,imported,high,18.4,none,94.3,229.97,low
cycle,568.2,1,359.2,mixed,electric,meat_heavy,mixed,medium,16.3,none,60.0,436.86,moderate
train,273.5,0,315.6,mixed,gas,vegetarian,mixed,high,30.3,some,197.6,375.96,low
car_electric,293.4,0,410.8,mixed,gas,omnivore,local,medium,32.4,none,35.2,365.28,low
car_petrol,511.8,0,344.3,coal,gas,omnivore,imported,low,44.5,some,72.8,610.73,high
car_diesel,959.9,0,103.2,coal,gas,meat_heavy,mixed,low,20.2,none,189.0,618.53,high
car_petrol,628.2,0,204.6,coal,electric,vegan,mixed,medium,32.4,some,116.7,430.87,moderate
bus,250.8,2,102.4,mixed,none,meat_heavy,mixed,low,47.3,most,128.0,381.81,low
car_diesel,345.4,2,144.6,coal,gas,omnivore,imported,medium,42.7,some,155.9,646.21,high
bus,549.1,1,521.9,mixed,electric,omnivore,mixed,medium,44.0,none,89.5,538.79,high
car_petrol,397.4,3,243.5,mixed,gas,vegetarian,mixed,high,22.0,none,78.8,416.37,moderate
train,292.5,1,255.2,renewable,none,vegan,mixed,high,17.4,some,251.0,233.77,low
car_petrol,629.3,3,291.1,mixed,electric,meat_heavy,imported,high,38.2,none,54.1,815.52,high
car_petrol,366.5,0,186.3,mixed,gas,omnivore,local,low,27.6,most,68.6,362.75,low
car_electric,522.6,1,281.8,coal,gas,omnivore,mixed,medium,33.2,none,138.5,580.61,high
car_petrol,744.7,2,211.8,mixed,gas,meat_heavy,mixed,low,25.7,some,124.8,597.23,high
car_diesel,450.2,3,205.0,mixed,gas,omnivore,imported,high,14.8,most,10.7,521.77,high
motorbike,370.5,0,266.6,coal,electric,omnivore,local,high,41.6,some,118.6,486.71,moderate
car_electric,183.9,1,21.1,mixed,electric,vegetarian,imported,medium,27.1,most,21.8,217.39,low
cycle,535.1,0,264.2,mixed,none,omnivore,local,medium,26.8,most,159.7,290.66,low
bus,432.4,4,192.6,mixed,electric,meat_heavy,local,medium,22.2,some,304.6,550.12,high
bus,441.0,6,428.0,renewable,gas,omnivore,imported,medium,25.6,some,45.4,419.91,moderate
car_petrol,867.5,1,66.7,renewable,gas,omnivore,local,low,31.4,none,238.1,519.45,high
car_electric,381.3,0,229.1,mixed,gas,vegetarian,imported,medium,38.5,some,222.7,377.25,low
car_diesel,226.7,2,130.9,coal,gas,vegetarian,mixed,medium,36.6,none,150.0,445.88,moderate
car_petrol,578.0,2,208.8,mixed,electric,meat_heavy,mixed,medium,40.0,none,78.3,570.69,high
cycle,500.1,2,395.4,renewable,gas,omnivore,mixed,high,26.7,most,39.9,331.28,low
car_diesel,383.2,3,108.0,renewable,electric,vegan,mixed,high,28.4,some,83.6,264.21,low
cycle,993.3,0,257.0,renewable,gas,meat_heavy,mixed,low,38.8,some,200.9,385.97,low
bus,287.1,3,229.8,coal,oil,meat_heavy,mixed,medium,21.8,none,141.3,662.0,high
train,649.7,2,387.1,mixed,none,vegetarian,mixed,low,2.0,some,44.3,249.19,low
train,675.8,1,208.6,mixed,oil,omnivore,mixed,low,36.6,none,50.3,419.54,moderate
train,377.1,2,200.9,renewable,gas,omnivore,local,medium,36.5,most,68.0,262.89,low
car_petrol,699.0,2,342.9,mixed,electric,vegan,local,high,41.0,some,209.7,535.4,high
car_diesel,230.5,4,255.5,mixed,gas,omnivore,local,medium,19.2,some,40.7,432.57,moderate
bus,379.6,0,197.9,mixed,electric,meat_heavy,mixed,medium,20.7,most,97.8,361.08,low
bus,735.3,2,215.2,coal,none,vegetarian,mixed,high,34.7,some,213.8,424.79,moderate
train,823.2,3,216.9,mixed,gas,vegetarian,local,high,50.8,some,131.0,445.31,moderate
cycle,538.9,2,312.9,renewable,oil,vegetarian,mixed,high,35.4,none,230.7,330.64,low
car_petrol,529.8,4,200.2,mixed,electric,omnivore,local,low,25.4,most,59.0,464.0,moderate
bus,693.9,0,197.2,mixed,gas,meat_heavy,local,high,33.7,some,281.9,564.64,high
car_petrol,481.6,2,258.8,renewable,electric,vegan,local,high,12.3,none,81.4,262.56,low
cycle,267.5,1,277.8,coal,oil,omnivore,mixed,medium,45.7,most,81.9,537.41,high
cycle,636.2,6,252.1,coal,oil,omnivore,mixed,low,57.4,most,100.5,590.06,high
cycle,872.8,1,399.8,coal,electric,omnivore,mixed,low,35.1,most,195.3,504.92,moderate
train,146.2,0,80.2,mixed,electric,omnivore,local,low,24.4,most,57.7,231.05,low
car_diesel,786.8,4,125.4,mixed,none,vegetarian,mixed,medium,17.8,some,28.0,353.29,low
train,656.1,0,175.6,mixed,oil,omnivore,local,low,36.8,none,95.7,397.76,low
car_petrol,571.2,1,366.2,mixed,electric,omnivore,local,high,29.3,some,49.6,525.26,high
cycle,752.7,2,318.6,renewable,electric,omnivore,imported,medium,44.6,some,31.6,343.65,low
car_petrol,532.1,0,299.0,mixed,oil,meat_heavy,mixed,low,25.7,some,209.3,565.53,high
bus,219.9,0,131.4,mixed,electric,omnivore,mixed,high,36.1,most,109.7,394.37,low
car_petrol,529.2,0,362.2,mixed,none,vegan,mixed,medium,35.6,some,291.3,422.62,moderate
car_petrol,789.1,1,259.6,coal,electric,vegetarian,local,high,30.2,some,110.9,529.9,high
car_petrol,505.9,0,289.3,coal,none,omnivore,local,medium,41.2,some,104.2,433.97,moderate
car_petrol,1349.0,1,141.0,coal,none,omnivore,imported,high,30.9,none,117.7,714.41,high
car_diesel,771.1,1,285.6,mixed,electric,omnivore,mixed,high,23.1,some,176.8,556.77,high
cycle,502.3,0,196.9,mixed,electric,omnivore,local,medium,33.8,most,69.9,287.83,low
bus,812.6,1,491.6,mixed,gas,meat_heavy,local,medium,46.6,none,67.5,519.49,high
cycle,430.8,2,88.7,coal,electric,vegan,local,medium,30.6,some,220.8,363.44,low
bus,670.5,0,134.2,coal,oil,meat_heavy,mixed,low,29.4,none,80.4,539.83,high
cycle,173.8,2,134.9,mixed,gas,omnivore,mixed,medium,38.1,most,129.3,398.99,low
car_diesel,346.6,0,226.3,coal,gas,omnivore,local,high,25.3,most,111.7,528.32,high
car_petrol,705.8,6,286.7,mixed,electric,omnivore,imported,medium,29.1,none,40.7,662.67,high
car_petrol,446.9,3,243.5,mixed,none,meat_heavy,local,medium,40.3,none,199.8,543.37,high
car_petrol,430.0,0,206.0,mixed,gas,vegetarian,local,medium,43.8,most,44.4,355.42,low
cycle,329.2,0,312.5,renewable,none,vegetarian,imported,medium,45.8,most,137.8,208.71,low
motorbike,794.7,2,218.8,coal,gas,meat_heavy,local,low,41.1,most,71.3,529.41,high
train,598.7,10,184.8,coal,oil,meat_heavy,imported,high,17.6,most,28.7,840.76,high
car_petrol,143.7,2,133.0,mixed,gas,omnivore,mixed,medium,21.7,some,211.6,433.66,moderate
car_petrol,507.4,0,291.9,mixed,electric,omnivore,mixed,high,2.4,none,94.8,439.27,moderate
bus,704.8,2,284.1,coal,gas,omnivore,imported,medium,28.0,some,49.6,576.92,high
car_electric,1039.2,0,212.3,mixed,gas,meat_heavy,imported,low,22.8,some,87.9,530.25,high
car_petrol,163.4,0,232.7,mixed,gas,vegetarian,local,low,15.7,some,140.0,315.64,low
car_electric,584.8,3,183.2,mixed,electric,omnivore,local,high,51.0,some,92.0,425.05,moderate
cycle,739.3,3,104.6,coal,gas,meat_heavy,local,high,29.2,none,70.8,549.88,high
motorbike,314.8,0,208.6,mixed,none,omnivore,imported,low,31.1,most,335.2,421.67,moderate
bus,193.9,4,222.3,mixed,gas,omnivore,mixed,low,31.8,none,218.7,551.47,high
bus,526.4,3,238.2,mixed,gas,vegetarian,mixed,medium,18.3,most,228.8,447.24,moderate
bus,480.7,0,387.0,coal,gas,omnivore,imported,high,16.3,most,303.9,682.04,high
car_petrol,727.8,0,285.4,mixed,none,omnivore,mixed,low,8.1,most,183.7,437.54,moderate
train,416.9,2,212.4,coal,electric,meat_heavy,imported,medium,32.8,some,24.2,552.3,high
car_electric,64.5,3,183.6,coal,oil,meat_heavy,local,medium,40.1,some,216.1,589.79,high
car_petrol,500.6,2,237.3,mixed,gas,vegetarian,mixed,medium,5.2,none,85.4,400.75,moderate
train,290.4,2,238.3,mixed,electric,omnivore,imported,medium,24.1,some,122.3,470.81,moderate
motorbike,465.8,4,231.2,mixed,none,meat_heavy,local,medium,33.9,most,146.5,416.16,moderate
bus,300.7,2,227.1,renewable,gas,meat_heavy,local,high,31.5,none,115.3,407.49,moderate
motorbike,539.6,0,231.2,mixed,gas,omnivore,mixed,medium,17.8,some,24.3,341.69,low
car_diesel,1153.1,2,338.9,coal,gas,omnivore,local,low,33.1,some,133.0,725.73,high
cycle,120.5,1,319.2,mixed,oil,meat_heavy,mixed,medium,28.0,some,137.0,533.05,high
motorbike,693.7,0,313.0,mixed,gas,omnivore,local,high,22.2,some,179.5,450.56,moderate
cycle,449.3,6,212.1,renewable,oil,vegetarian,local,low,37.1,some,106.0,309.74,low
train,1217.6,0,196.9,coal,gas,vegan,mixed,medium,23.5,some,143.6,368.8,low
car_petrol,295.5,0,207.3,mixed,gas,meat_heavy,mixed,medium,36.4,most,165.9,493.56,moderate
car_petrol,577.8,3,243.6,mixed,gas,vegan,mixed,medium,21.2,most,79.8,408.8,moderate
car_petrol,556.4,3,219.6,renewable,gas,vegan,local,low,30.8,most,28.8,297.56,low
train,125.7,3,271.9,mixed,electric,meat_heavy,local,low,28.2,some,30.4,363.53,low
car_diesel,866.1,1,117.8,coal,gas,omnivore,local,low,19.3,some,91.1,564.0,high
car_electric,794.3,2,358.7,mixed,oil,omnivore,mixed,medium,44.1,none,152.9,559.0,high
car_petrol,558.9,1,176.9,coal,electric,vegetarian,local,low,15.4,some,64.3,392.0,low
car_petrol,597.8,0,231.9,mixed,electric,vegetarian,local,high,24.8,most,343.2,467.9,moderate
bus,356.5,0,250.9,mixed,gas,omnivore,local,low,35.3,none,59.9,384.65,low
motorbike,534.0,6,238.0,mixed,electric,omnivore,imported,medium,29.9,some,88.4,584.97,high
bus,287.0,2,503.4,mixed,gas,omnivore,mixed,low,37.5,none,141.7,543.32,high
car_petrol,702.4,3,285.9,mixed,oil,omnivore,imported,high,10.5,none,96.9,702.31,high
car_diesel,593.1,4,263.2,renewable,oil,vegetarian,local,medium,23.4,none,144.8,372.18,low
car_petrol,476.1,2,197.5,mixed,oil,meat_heavy,mixed,medium,24.5,none,143.3,597.76,high
train,393.3,6,259.3,mixed,electric,omnivore,local,high,24.1,some,350.8,566.38,high
car_petrol,351.3,1,292.3,mixed,electric,vegetarian,imported,medium,29.9,most,49.5,388.08,low
bus,585.9,0,301.4,mixed,gas,meat_heavy,local,medium,35.6,some,227.8,526.21,high
train,118.3,6,146.2,renewable,gas,omnivore,mixed,medium,34.4,most,79.3,385.24,low
cycle,404.1,0,310.0,renewable,gas,omnivore,mixed,low,26.2,some,43.8,212.26,low
cycle,401.9,1,271.2,coal,gas,omnivore,mixed,medium,24.1,some,232.9,536.42,high
cycle,316.7,1,182.9,mixed,gas,meat_heavy,imported,low,20.1,some,117.2,443.42,moderate
car_petrol,432.8,0,282.3,mixed,electric,omnivore,mixed,low,42.8,most,130.8,423.12,moderate
cycle,402.6,2,123.5,mixed,electric,vegetarian,mixed,medium,20.2,none,156.8,310.82,low
car_diesel,326.1,0,20.0,mixed,oil,omnivore,mixed,high,31.9,most,298.5,528.04,high
cycle,285.8,1,223.0,coal,gas,omnivore,mixed,high,29.0,some,77.0,542.49,high
car_petrol,187.7,0,229.8,mixed,gas,meat_heavy,imported,medium,32.1,some,430.0,678.61,high
car_electric,373.2,0,330.2,coal,gas,vegan,imported,medium,30.2,some,77.7,439.32,moderate
car_petrol,549.0,0,202.2,mixed,gas,omnivore,mixed,medium,26.6,some,29.7,433.36,moderate
bus,615.8,0,20.0,mixed,gas,vegetarian,mixed,medium,27.3,none,75.2,304.6,low
train,89.9,2,117.1,renewable,electric,vegetarian,imported,low,14.8,some,24.4,184.1,low
train,481.3,0,368.9,mixed,gas,vegetarian,mixed,medium,28.3,none,61.6,332.45,low
bus,178.8,0,95.7,renewable,electric,vegetarian,mixed,medium,23.9,some,276.7,258.5,low
cycle,616.4,1,150.4,mixed,gas,omnivore,local,medium,11.2,some,123.1,313.93,low
bus,422.2,1,123.4,mixed,oil,vegetarian,local,high,25.2,most,15.0,309.21,low
cycle,268.6,4,147.2,coal,gas,omnivore,mixed,medium,26.9,some,81.8,490.13,moderate
motorbike,702.1,4,298.0,mixed,none,meat_heavy,mixed,high,21.9,most,96.0,598.19,high
car_petrol,476.6,0,286.8,coal,gas,meat_heavy,local,low,25.9,most,143.7,575.68,high
motorbike,211.3,0,201.4,coal,oil,meat_heavy,mixed,medium,48.9,most,130.9,565.23,high
cycle,832.0,2,352.4,mixed,none,omnivore,imported,medium,26.7,none,89.4,417.39,moderate
cycle,371.5,0,138.9,mixed,gas,omnivore,imported,medium,25.3,most,206.5,432.42,moderate
motorbike,282.7,0,159.7,mixed,gas,omnivore,mixed,high,32.6,none,212.0,483.68,moderate
motorbike,601.6,6,283.2,coal,none,meat_heavy,mixed,high,21.6,none,195.6,710.96,high
cycle,667.7,0,257.9,renewable,none,omnivore,mixed,medium,31.3,most,204.5,284.48,low
car_petrol,646.9,1,422.7,coal,oil,omnivore,mixed,medium,26.7,none,104.5,711.22,high
cycle,317.4,1,190.2,mixed,electric,omnivore,local,high,34.8,most,98.8,315.98,low
car_petrol,118.8,6,205.6,mixed,electric,meat_heavy,imported,high,14.6,some,127.1,680.73,high
car_electric,489.6,0,277.0,mixed,gas,meat_heavy,local,high,46.2,none,109.5,524.02,high
car_petrol,185.2,1,254.3,mixed,oil,vegetarian,imported,medium,50.6,some,72.7,442.43,moderate
motorbike,338.8,0,179.2,mixed,gas,vegetarian,imported,medium,15.8,some,261.2,392.21,low
bus,398.9,4,325.4,mixed,oil,vegetarian,imported,high,35.2,most,245.4,560.67,high
bus,154.1,1,244.0,coal,gas,omnivore,mixed,medium,14.5,some,143.0,510.44,moderate
car_electric,348.3,0,287.8,coal,none,omnivore,mixed,high,38.0,some,131.2,407.92,moderate
train,231.4,2,228.9,coal,electric,omnivore,mixed,medium,11.8,some,200.9,463.12,moderate
motorbike,894.8,2,132.0,mixed,oil,omnivore,mixed,low,31.9,most,204.7,514.41,high
cycle,988.4,0,330.5,coal,oil,vegetarian,imported,low,36.1,some,87.8,440.09,moderate
car_electric,366.4,1,189.7,coal,electric,omnivore,local,low,35.0,most,245.8,418.92,moderate
train,585.2,2,126.8,coal,none,meat_heavy,imported,medium,40.6,some,162.5,474.49,moderate
bus,240.8,3,181.7,mixed,electric,meat_heavy,mixed,medium,26.0,most,80.2,420.85,moderate
car_petrol,660.2,0,139.6,mixed,electric,vegetarian,local,low,30.5,most,252.9,395.07,low
car_petrol,406.5,3,153.2,coal,oil,meat_heavy,imported,medium,19.0,some,33.9,695.5,high
train,709.7,1,51.9,mixed,oil,vegetarian,local,high,23.1,most,199.2,347.91,low
car_petrol,224.0,1,177.1,mixed,none,omnivore,mixed,high,9.1,some,152.8,395.11,low
train,665.3,3,270.7,mixed,none,vegetarian,mixed,medium,39.1,some,77.6,317.46,low
car_petrol,575.1,0,278.1,renewable,electric,omnivore,mixed,low,23.4,most,139.5,346.08,low
car_petrol,272.3,2,227.2,coal,gas,vegan,mixed,medium,35.4,none,234.8,558.99,high
cycle,439.1,1,388.9,mixed,gas,omnivore,local,high,10.4,some,40.6,394.04,low
car_petrol,550.9,6,212.0,coal,gas,meat_heavy,local,high,36.0,some,138.2,764.43,high
car_petrol,577.6,0,153.4,mixed,gas,omnivore,local,low,50.9,most,100.5,452.14,moderate
car_diesel,660.5,0,70.3,mixed,oil,omnivore,imported,medium,39.1,most,251.1,569.7,high
train,253.3,0,292.1,mixed,electric,vegan,mixed,high,28.5,most,109.6,292.18,low
car_petrol,288.7,2,341.6,mixed,oil,omnivore,mixed,low,32.2,some,261.2,588.02,high
motorbike,849.0,0,293.2,renewable,none,omnivore,imported,medium,29.2,none,75.1,393.29,low
car_petrol,559.7,6,150.2,renewable,electric,omnivore,local,medium,26.8,none,117.9,519.98,high
car_diesel,357.9,4,269.5,coal,gas,meat_heavy,mixed,low,36.4,none,119.6,654.8,high
car_petrol,318.0,4,169.1,mixed,electric,vegetarian,imported,low,12.2,some,84.2,361.0,low
car_petrol,307.6,3,305.6,renewable,electric,omnivore,mixed,medium,30.4,some,102.7,423.5,moderate
cycle,1026.9,1,135.6,mixed,gas,meat_heavy,imported,medium,28.7,some,113.0,525.08,high
train,626.9,0,99.3,mixed,electric,omnivore,mixed,medium,16.2,none,125.3,328.15,low
motorbike,260.2,1,204.6,mixed,none,omnivore,mixed,medium,29.6,some,66.9,327.54,low
car_petrol,336.9,2,216.4,renewable,electric,omnivore,imported,low,19.5,most,66.2,333.62,low
bus,533.4,6,411.2,coal,gas,vegan,mixed,medium,32.0,none,75.2,585.19,high
bus,745.1,3,163.9,coal,electric,meat_heavy,mixed,low,28.6,some,165.0,641.09,high
car_petrol,435.8,0,286.2,mixed,oil,omnivore,mixed,medium,31.0,some,184.8,453.59,moderate
car_diesel,185.3,2,255.8,mixed,gas,vegetarian,mixed,medium,34.8,some,39.8,340.28,low
cycle,253.9,2,255.9,renewable,gas,omnivore,local,medium,35.2,most,77.5,268.64,low
car_diesel,497.1,0,262.5,coal,electric,omnivore,mixed,high,31.4,most,64.8,522.42,high
motorbike,427.4,0,319.1,renewable,electric,omnivore,mixed,high,37.5,most,162.3,347.59,low
car_petrol,301.6,4,146.8,mixed,oil,omnivore,imported,medium,10.3,most,212.3,643.04,high
cycle,64.9,1,158.8,mixed,electric,omnivore,mixed,low,28.2,some,126.6,315.41,low
car_petrol,314.2,0,183.4,renewable,electric,omnivore,local,medium,11.9,some,196.7,310.24,low
cycle,791.5,0,412.1,mixed,oil,omnivore,local,medium,33.4,some,182.4,460.28,moderate
motorbike,390.4,0,259.8,mixed,electric,vegetarian,local,low,18.6,most,301.2,340.31,low
car_electric,468.6,2,164.5,mixed,oil,omnivore,mixed,low,45.0,some,67.5,413.74,moderate
car_diesel,218.3,1,309.9,mixed,gas,omnivore,mixed,low,35.2,none,229.4,506.28,moderate
car_diesel,216.9,4,116.4,coal,gas,meat_heavy,mixed,medium,18.8,some,66.1,583.61,high
train,695.1,1,287.8,renewable,oil,omnivore,mixed,high,27.8,none,31.7,335.64,low
bus,241.7,0,169.1,mixed,gas,vegetarian,local,high,33.0,none,165.1,349.59,low
car_petrol,625.7,3,295.7,coal,gas,vegetarian,local,low,23.2,none,29.2,610.57,high
bus,539.8,0,326.4,mixed,electric,omnivore,local,high,35.5,most,70.5,364.55,low
car_electric,347.5,3,259.6,mixed,electric,meat_heavy,mixed,medium,34.7,most,29.6,447.59,moderate
bus,169.4,2,165.1,mixed,electric,meat_heavy,local,medium,28.4,none,185.8,427.04,moderate
motorbike,657.5,2,170.1,coal,gas,meat_heavy,mixed,low,4.7,most,31.6,539.96,high
car_petrol,659.7,1,250.7,coal,gas,meat_heavy,mixed,medium,27.6,none,230.7,813.0,high
train,783.6,0,136.0,mixed,gas,omnivore,imported,medium,23.0,most,126.9,420.56,moderate
train,366.4,2,175.3,renewable,gas,vegetarian,mixed,high,37.6,most,56.2,257.16,low
cycle,547.2,0,202.5,mixed,electric,omnivore,mixed,medium,44.0,some,293.9,440.11,moderate
train,346.5,6,326.2,mixed,oil,omnivore,local,medium,22.0,most,205.4,566.16,high
car_petrol,201.5,0,43.2,renewable,gas,omnivore,mixed,low,38.7,most,351.7,345.57,low
car_electric,516.3,1,256.9,coal,gas,omnivore,mixed,high,33.5,most,155.2,547.74,high
car_diesel,493.1,6,246.3,mixed,electric,vegan,local,low,7.5,some,163.2,422.91,moderate
bus,386.4,1,257.6,coal,gas,omnivore,mixed,medium,17.8,some,151.7,515.8,high
bus,157.7,0,332.5,mixed,electric,omnivore,mixed,medium,39.3,some,291.1,476.27,moderate
motorbike,256.8,2,104.2,mixed,gas,omnivore,mixed,medium,25.3,some,83.8,395.8,low
bus,513.8,0,267.2,coal,oil,omnivore,imported,high,24.3,none,261.4,718.79,high
car_petrol,543.1,0,240.4,coal,gas,omnivore,imported,medium,15.1,none,77.0,627.1,high
cycle,171.6,1,203.5,mixed,electric,vegan,mixed,low,28.3,some,51.5,219.81,low
car_electric,280.9,2,132.9,mixed,electric,meat_heavy,local,low,34.2,some,67.9,362.97,low
car_diesel,392.3,0,332.0,mixed,gas,omnivore,mixed,high,29.6,some,154.9,514.39,high
cycle,1294.5,1,241.3,mixed,gas,meat_heavy,local,medium,44.1,most,90.5,413.43,moderate
bus,146.1,0,336.2,renewable,electric,vegetarian,imported,low,41.0,some,204.7,268.35,low
bus,651.4,3,135.0,coal,gas,meat_heavy,mixed,medium,20.5,none,73.4,564.31,high
train,647.6,3,341.2,mixed,electric,omnivore,imported,low,26.4,most,192.3,505.07,moderate
car_petrol,250.4,3,151.7,coal,electric,meat_heavy,mixed,medium,37.6,none,199.2,614.19,high
car_electric,513.6,0,329.1,mixed,electric,vegetarian,mixed,low,27.1,some,201.4,329.21,low
car_petrol,659.0,3,161.8,mixed,none,meat_heavy,imported,high,30.7,none,143.9,694.54,high
train,592.9,3,361.0,renewable,oil,omnivore,local,medium,29.2,some,71.3,288.51,low
motorbike,431.2,0,420.0,renewable,gas,vegetarian,mixed,high,31.6,some,148.0,297.13,low
train,1422.3,0,339.2,renewable,none,vegetarian,local,medium,12.9,some,80.4,193.47,low
car_petrol,199.5,1,409.3,mixed,oil,meat_heavy,local,medium,34.6,most,50.0,476.1,moderate
car_diesel,282.6,1,118.3,mixed,none,meat_heavy,local,high,39.3,some,102.7,425.11,moderate
car_diesel,244.6,10,443.0,mixed,electric,vegetarian,local,medium,15.9,some,42.9,511.73,high
motorbike,325.3,2,205.8,coal,oil,vegetarian,imported,low,32.3,most,219.4,548.8,high
cycle,347.7,0,180.7,renewable,gas,meat_heavy,local,medium,28.0,some,120.6,257.59,low
motorbike,509.6,0,229.8,renewable,gas,omnivore,mixed,low,28.8,none,132.8,318.42,low
car_electric,111.7,3,135.2,renewable,gas,omnivore,mixed,medium,31.6,none,92.4,336.13,low
motorbike,624.1,1,406.8,renewable,gas,meat_heavy,local,high,26.5,some,336.6,491.66,moderate
cycle,628.1,0,222.2,coal,electric,vegan,mixed,low,22.1,some,120.7,290.96,low
car_electric,74.8,0,259.2,mixed,oil,meat_heavy,mixed,low,39.9,some,204.2,485.09,moderate
train,1062.6,3,278.2,mixed,gas,vegetarian,local,low,31.4,most,128.8,391.36,low
car_petrol,333.7,3,361.6,mixed,gas,meat_heavy,imported,low,24.8,none,41.9,667.38,high
train,608.9,0,281.2,coal,electric,omnivore,imported,high,34.3,some,403.0,771.65,high
car_petrol,348.3,0,164.2,mixed,gas,omnivore,mixed,medium,35.9,most,138.9,417.01,moderate
car_petrol,388.0,3,208.5,mixed,electric,meat_heavy,imported,low,21.1,most,125.5,563.07,high
car_electric,572.0,1,227.4,coal,gas,omnivore,mixed,medium,14.3,none,98.3,505.93,moderate
train,428.4,2,267.4,renewable,gas,vegetarian,local,medium,21.0,most,227.2,268.82,low
car_diesel,565.8,0,263.1,coal,gas,omnivore,imported,medium,37.2,most,67.5,550.6,high
car_diesel,558.4,4,193.9,coal,gas,omnivore,imported,medium,8.2,none,101.5,613.59,high
car_diesel,667.3,1,270.0,coal,gas,vegetarian,imported,medium,28.8,some,123.0,534.95,high
car_petrol,536.2,6,338.6,renewable,electric,vegetarian,local,medium,22.7,some,148.1,451.03,moderate
car_diesel,357.4,1,298.6,coal,gas,vegetarian,imported,medium,31.8,most,331.3,600.23,high
car_diesel,1074.9,3,253.6,mixed,gas,vegetarian,imported,medium,22.8,most,125.2,563.02,high
car_petrol,350.3,0,137.9,mixed,none,omnivore,imported,high,37.4,most,239.4,530.42,high
car_electric,584.5,3,253.7,mixed,gas,omnivore,local,high,15.3,none,42.5,449.9,moderate
train,373.4,2,150.9,coal,gas,omnivore,local,high,39.9,some,73.2,458.08,moderate
train,521.6,3,351.3,mixed,oil,meat_heavy,mixed,high,36.7,most,61.6,628.95,high
car_petrol,431.7,3,126.6,mixed,oil,meat_heavy,mixed,low,14.8,most,57.8,543.73,high
car_petrol,607.6,3,186.6,mixed,gas,vegetarian,local,medium,19.1,some,58.6,481.49,moderate
cycle,280.5,0,251.3,mixed,gas,omnivore,mixed,low,4.9,none,183.4,340.57,low
cycle,293.9,0,240.2,renewable,electric,vegan,mixed,high,7.8,some,93.5,139.58,low
bus,387.4,0,290.7,renewable,gas,omnivore,mixed,low,22.5,none,113.3,312.11,low
car_petrol,606.1,1,268.9,coal,none,omnivore,local,medium,33.1,most,114.3,442.73,moderate
train,325.0,1,233.1,mixed,electric,omnivore,mixed,low,33.2,some,57.9,339.21,low
bus,733.6,1,210.7,renewable,gas,meat_heavy,mixed,low,23.0,none,107.6,378.68,low
cycle,834.3,2,201.8,renewable,oil,vegan,imported,medium,34.6,some,49.4,202.34,low
train,1402.0,6,167.6,renewable,none,vegan,imported,high,31.4,none,167.6,391.9,low
motorbike,872.3,1,307.8,renewable,gas,meat_heavy,imported,low,20.6,most,62.1,440.36,moderate
car_diesel,276.7,0,318.0,mixed,gas,vegetarian,mixed,high,41.6,none,77.8,426.79,moderate
car_electric,287.4,1,161.3,renewable,gas,meat_heavy,imported,medium,27.1,none,52.8,423.17,moderate
cycle,488.6,6,277.6,mixed,gas,vegetarian,imported,low,25.7,some,70.4,462.76,moderate
car_diesel,941.3,3,223.3,mixed,none,omnivore,mixed,low,25.3,some,69.0,468.59,moderate
car_diesel,754.9,3,170.3,coal,gas,vegan,mixed,high,22.9,none,106.4,501.91,moderate
car_petrol,407.4,0,211.7,mixed,gas,meat_heavy,local,low,29.7,none,73.8,464.8,moderate
cycle,631.7,3,161.3,coal,gas,vegetarian,local,high,38.9,some,94.1,404.52,moderate
car_petrol,577.3,2,182.8,mixed,oil,vegetarian,local,low,56.6,most,159.7,476.69,moderate
car_diesel,374.0,1,366.8,renewable,oil,omnivore,mixed,high,19.4,none,111.3,412.78,moderate
car_petrol,758.9,2,266.6,coal,gas,vegetarian,local,low,50.1,most,113.1,625.39,high
car_petrol,1168.6,4,234.4,mixed,oil,omnivore,mixed,medium,23.1,some,94.9,713.05,high
motorbike,220.0,3,304.1,renewable,electric,vegetarian,local,high,22.7,most,81.0,274.23,low
car_diesel,852.0,1,224.2,mixed,oil,meat_heavy,imported,low,39.0,most,159.6,684.44,high
bus,1224.9,0,236.8,renewable,gas,vegan,imported,low,31.4,some,94.8,239.46,low
car_petrol,417.1,1,300.5,renewable,gas,meat_heavy,mixed,high,32.0,most,199.5,536.19,high
car_electric,512.8,0,317.3,coal,gas,vegan,local,medium,36.6,some,110.7,410.64,moderate
bus,454.3,1,355.6,renewable,electric,vegetarian,local,medium,5.9,some,126.9,220.59,low
cycle,241.6,1,325.0,coal,electric,vegetarian,mixed,medium,36.2,some,271.2,476.96,moderate
car_petrol,743.1,0,20.2,coal,gas,omnivore,mixed,medium,32.9,some,159.6,527.6,high
bus,419.6,0,159.2,mixed,oil,meat_heavy,local,low,37.6,some,163.2,439.89,moderate
car_diesel,541.1,1,116.7,coal,gas,vegan,mixed,medium,40.1,none,52.4,426.43,moderate
cycle,584.9,2,176.1,coal,none,meat_heavy,local,medium,21.0,some,164.5,407.5,moderate
car_electric,763.1,3,218.6,mixed,gas,omnivore,mixed,low,45.0,none,128.5,523.66,high
car_petrol,415.6,1,281.5,mixed,gas,vegan,imported,low,22.9,some,160.6,386.55,low
car_diesel,915.3,0,357.2,renewable,oil,omnivore,local,high,35.5,some,314.6,533.93,high
bus,495.5,0,267.2,renewable,gas,vegetarian,mixed,medium,26.6,most,48.0,185.29,low
bus,337.6,0,254.6,renewable,none,vegetarian,local,high,30.3,some,46.4,167.7,low
motorbike,587.0,2,77.3,renewable,none,vegetarian,mixed,high,27.0,some,202.1,346.05,low
train,227.5,1,296.0,coal,oil,meat_heavy,mixed,medium,21.7,most,31.6,564.03,high
car_petrol,746.5,2,470.0,mixed,gas,vegan,local,medium,8.2,none,222.9,501.88,moderate
cycle,371.0,1,381.5,mixed,gas,vegetarian,local,low,11.3,some,111.2,308.11,low
motorbike,185.8,3,150.4,mixed,gas,meat_heavy,imported,medium,18.3,most,23.0,481.89,moderate
car_diesel,391.6,2,129.6,renewable,gas,omnivore,mixed,medium,15.6,some,195.2,342.03,low
cycle,312.9,2,198.9,mixed,electric,omnivore,local,medium,22.0,none,111.0,357.58,low
cycle,374.6,0,263.3,coal,gas,meat_heavy,mixed,low,27.6,some,66.4,501.36,moderate
motorbike,655.8,1,180.0,coal,gas,omnivore,local,high,24.7,some,59.7,554.83,high
car_petrol,248.2,1,253.2,mixed,gas,omnivore,local,low,2.0,some,184.9,408.95,moderate
bus,592.7,2,285.8,mixed,gas,meat_heavy,mixed,medium,34.2,none,130.7,546.46,high
cycle,330.0,1,152.3,renewable,electric,vegetarian,local,medium,31.0,none,143.4,209.14,low
car_petrol,610.4,0,243.6,coal,gas,omnivore,mixed,medium,34.0,most,102.3,583.78,high
motorbike,566.8,0,272.4,renewable,gas,omnivore,imported,medium,31.8,some,28.6,346.29,low
cycle,174.5,0,368.3,renewable,gas,meat_heavy,imported,low,16.7,most,73.2,348.98,low
motorbike,233.5,4,235.9,mixed,gas,omnivore,mixed,high,12.3,most,103.1,465.6,moderate
car_petrol,497.1,0,133.0,mixed,none,omnivore,imported,low,5.4,none,96.5,367.42,low
cycle,488.1,0,292.3,coal,gas,omnivore,mixed,medium,42.9,some,99.6,498.42,moderate
train,526.9,2,143.9,mixed,oil,meat_heavy,mixed,low,32.2,none,89.6,455.25,moderate
car_petrol,426.9,3,320.9,renewable,none,omnivore,mixed,high,26.6,none,47.2,402.79,moderate
car_petrol,448.9,4,174.3,mixed,oil,meat_heavy,local,medium,31.2,most,132.9,581.11,high
bus,230.1,0,306.9,renewable,gas,vegan,mixed,low,35.7,some,51.0,166.36,low
car_diesel,555.2,0,410.5,mixed,oil,omnivore,local,low,15.9,some,154.3,498.66,moderate
car_petrol,364.7,2,292.6,mixed,gas,omnivore,imported,medium,43.8,some,97.2,538.22,high
car_petrol,329.4,0,257.4,mixed,electric,omnivore,imported,high,33.8,some,159.1,551.71,high
car_diesel,153.2,10,182.4,mixed,electric,omnivore,mixed,low,35.3,some,229.9,609.25,high
cycle,641.0,0,314.2,coal,none,omnivore,local,low,36.6,some,48.5,298.61,low
car_electric,587.0,0,334.1,coal,none,omnivore,mixed,medium,19.8,some,171.4,417.11,moderate
motorbike,183.5,2,217.9,mixed,oil,meat_heavy,local,high,18.2,some,156.3,509.17,moderate
car_electric,275.1,0,157.7,coal,gas,meat_heavy,imported,medium,39.1,some,79.9,575.0,high
train,199.6,0,246.1,mixed,none,vegetarian,local,medium,45.3,some,32.1,205.73,low
car_electric,613.7,1,301.6,renewable,gas,omnivore,mixed,medium,24.7,most,67.6,270.19,low
bus,695.5,6,246.7,renewable,none,omnivore,imported,low,33.2,none,141.1,549.91,high
cycle,779.7,6,282.8,renewable,electric,omnivore,local,medium,36.7,none,51.5,318.41,low
bus,565.5,0,129.5,renewable,none,meat_heavy,imported,high,37.2,some,122.5,498.27,moderate
car_petrol,414.0,3,236.6,mixed,electric,omnivore,imported,high,23.8,some,221.1,640.01,high
car_diesel,904.9,0,330.0,mixed,gas,vegan,mixed,high,35.3,some,95.2,436.01,moderate
bus,308.1,3,202.0,coal,electric,vegetarian,mixed,low,23.7,most,69.5,377.46,low
car_petrol,448.3,1,327.8,mixed,electric,omnivore,imported,high,27.5,most,223.7,653.7,high
cycle,588.2,0,217.9,mixed,gas,omnivore,mixed,low,13.6,some,152.8,361.76,low
car_diesel,115.2,1,279.6,coal,gas,vegan,local,medium,20.1,none,129.9,426.84,moderate
cycle,315.0,0,380.3,coal,oil,meat_heavy,local,low,15.7,none,92.1,513.14,high
motorbike,264.9,0,202.8,coal,gas,meat_heavy,mixed,low,18.2,none,283.5,591.69,high
cycle,687.9,4,180.4,coal,electric,omnivore,mixed,medium,38.5,most,140.1,471.51,moderate
cycle,614.1,0,212.5,coal,none,omnivore,local,medium,33.7,none,46.7,297.52,low
train,563.5,2,99.2,coal,electric,omnivore,mixed,low,16.2,none,45.7,376.13,low
motorbike,451.5,0,231.8,mixed,oil,meat_heavy,mixed,medium,16.0,some,103.8,444.01,moderate
bus,577.3,4,236.5,renewable,electric,omnivore,imported,medium,38.0,none,168.0,505.62,moderate
car_petrol,174.2,2,293.9,mixed,oil,meat_heavy,mixed,medium,49.1,most,91.2,508.5,moderate
car_petrol,587.3,1,175.1,mixed,gas,meat_heavy,local,low,32.2,none,119.6,589.68,high
car_diesel,380.3,2,311.1,mixed,oil,meat_heavy,mixed,high,28.4,some,228.0,673.23,high
car_electric,212.7,0,322.3,coal,gas,vegetarian,mixed,medium,27.3,most,130.1,414.07,moderate
car_electric,408.5,3,350.5,coal,electric,meat_heavy,mixed,medium,30.6,most,86.7,604.08,high
motorbike,338.7,0,243.7,renewable,gas,meat_heavy,mixed,medium,20.7,most,95.0,343.26,low
cycle,709.5,4,237.8,mixed,electric,meat_heavy,mixed,high,31.7,none,51.3,554.79,high
car_electric,663.6,3,182.9,coal,none,meat_heavy,mixed,low,18.8,some,127.1,446.82,moderate
car_diesel,530.4,0,148.2,coal,electric,meat_heavy,mixed,low,41.2,some,235.1,521.13,high
car_diesel,533.0,1,205.7,mixed,gas,omnivore,mixed,low,25.2,most,126.2,425.4,moderate
bus,637.6,1,170.5,coal,oil,omnivore,local,low,36.3,some,287.7,566.3,high
train,718.2,0,115.5,mixed,electric,vegetarian,local,medium,20.2,none,57.5,240.72,low
car_electric,554.5,3,74.2,coal,electric,omnivore,mixed,low,26.2,none,65.4,363.21,low
cycle,747.8,0,220.4,mixed,none,omnivore,mixed,medium,22.6,most,33.6,223.23,low
train,430.5,0,320.2,mixed,gas,omnivore,mixed,low,28.3,most,31.8,348.71,low
car_petrol,154.9,2,263.0,mixed,gas,omnivore,mixed,medium,26.1,some,81.2,448.86,moderate
car_diesel,220.5,1,249.0,renewable,gas,vegetarian,mixed,high,44.6,some,244.9,350.27,low
car_diesel,576.1,6,335.9,coal,gas,omnivore,imported,low,42.3,most,193.2,773.51,high
train,642.6,3,254.8,mixed,electric,omnivore,mixed,medium,40.7,most,309.5,592.2,high
car_petrol,488.0,0,281.1,mixed,gas,omnivore,imported,medium,34.1,most,363.5,628.67,high
train,546.5,0,358.4,mixed,electric,meat_heavy,mixed,medium,35.9,some,94.7,472.99,moderate
train,621.7,3,71.5,mixed,electric,vegetarian,mixed,medium,17.3,most,112.1,301.35,low
bus,274.8,3,237.9,renewable,electric,vegetarian,local,medium,22.0,none,137.6,272.11,low
car_petrol,252.2,0,244.8,mixed,gas,vegan,imported,medium,16.9,some,169.6,316.72,low
bus,99.0,0,246.5,coal,gas,omnivore,local,medium,38.7,some,76.5,423.67,moderate
bus,511.6,2,228.9,mixed,gas,vegan,imported,medium,24.0,none,142.6,385.53,low
car_diesel,136.4,2,224.8,coal,oil,omnivore,imported,medium,13.6,most,268.4,713.38,high
car_diesel,231.3,2,181.6,mixed,gas,omnivore,mixed,medium,32.8,some,68.2,414.63,moderate
bus,285.5,2,309.7,coal,gas,meat_heavy,local,high,33.7,most,103.1,621.39,high
car_petrol,517.4,6,59.5,mixed,oil,meat_heavy,local,high,34.8,most,127.9,664.1,high
train,568.0,0,275.2,renewable,gas,meat_heavy,mixed,high,27.9,none,130.7,397.85,low
car_electric,138.8,2,278.6,coal,none,meat_heavy,mixed,medium,28.6,none,83.2,467.07,moderate
train,132.2,1,127.4,coal,gas,meat_heavy,mixed,medium,13.1,some,136.9,524.14,high
bus,555.8,2,288.3,mixed,electric,meat_heavy,mixed,medium,32.0,none,71.8,493.97,moderate
cycle,345.1,1,361.6,mixed,electric,meat_heavy,mixed,medium,44.0,most,120.1,479.84,moderate
car_petrol,397.7,0,484.2,renewable,gas,meat_heavy,imported,low,31.8,some,160.6,501.62,moderate
car_petrol,860.5,2,238.2,coal,none,omnivore,mixed,medium,36.6,some,175.2,541.08,high
cycle,413.8,3,231.7,coal,gas,omnivore,local,medium,36.7,some,152.8,518.39,high
bus,583.2,1,139.2,renewable,electric,meat_heavy,mixed,medium,25.8,most,138.6,365.14,low
train,509.0,0,234.4,mixed,none,omnivore,imported,low,26.6,none,191.4,398.91,low
car_petrol,770.2,1,256.4,renewable,gas,omnivore,mixed,high,7.0,none,241.1,578.51,high
car_petrol,353.1,0,254.8,mixed,gas,vegetarian,imported,low,20.2,most,252.3,461.31,moderate
cycle,339.2,0,146.0,mixed,gas,omnivore,local,medium,33.8,most,107.1,302.64,low
car_diesel,294.7,0,120.7,mixed,gas,meat_heavy,local,medium,15.1,some,184.3,468.46,moderate
car_electric,1288.1,10,138.2,mixed,electric,omnivore,local,medium,35.7,most,212.6,604.22,high
motorbike,869.5,2,155.8,mixed,electric,meat_heavy,mixed,medium,10.8,some,128.7,501.07,moderate
bus,158.1,0,394.0,coal,gas,meat_heavy,imported,medium,37.6,none,136.5,698.99,high
bus,61.4,3,289.9,renewable,none,omnivore,mixed,medium,15.2,some,53.5,289.6,low
car_electric,1059.9,0,202.2,mixed,none,omnivore,mixed,medium,28.5,some,214.6,385.7,low
train,285.4,1,504.1,coal,gas,omnivore,imported,high,19.5,none,132.9,719.02,high
motorbike,311.6,0,307.4,coal,electric,vegetarian,local,medium,37.1,some,150.4,453.39,moderate
car_petrol,477.6,1,150.5,mixed,oil,meat_heavy,mixed,medium,19.4,some,154.6,605.63,high
cycle,398.1,2,203.0,mixed,gas,omnivore,mixed,medium,24.2,some,145.3,422.39,moderate
car_petrol,84.4,1,268.8,coal,electric,vegetarian,imported,high,29.8,most,55.8,413.93,moderate
cycle,312.3,1,454.3,mixed,gas,vegetarian,mixed,medium,26.1,most,121.4,357.77,low
bus,523.9,3,212.2,renewable,gas,omnivore,mixed,low,22.3,none,105.9,358.09,low
motorbike,513.0,4,183.1,coal,gas,vegetarian,local,medium,24.9,most,157.9,525.15,high
car_electric,357.1,0,149.7,mixed,gas,omnivore,imported,medium,21.9,some,144.3,416.43,moderate
cycle,828.8,3,192.1,mixed,electric,omnivore,local,medium,21.6,most,159.7,356.97,low
train,220.5,0,309.0,coal,none,vegetarian,mixed,low,37.8,most,22.4,249.12,low
bus,255.1,0,318.8,coal,electric,meat_heavy,imported,high,23.2,none,85.2,656.93,high
car_electric,360.4,0,197.9,renewable,gas,omnivore,local,medium,30.9,some,75.7,234.86,low
car_petrol,289.7,1,145.4,renewable,gas,vegan,mixed,medium,35.7,none,229.6,307.53,low
car_diesel,306.4,0,316.8,mixed,none,omnivore,mixed,medium,19.3,most,249.8,422.16,moderate
bus,83.0,1,225.6,mixed,gas,omnivore,mixed,low,11.6,none,255.2,403.32,moderate
bus,263.7,3,292.2,mixed,gas,vegetarian,local,low,17.4,some,193.9,389.85,low
train,420.9,3,259.9,mixed,gas,meat_heavy,local,medium,39.1,most,44.4,470.46,moderate
bus,663.5,3,226.5,mixed,electric,omnivore,mixed,medium,31.9,none,93.5,460.16,moderate
car_diesel,505.6,1,397.3,mixed,none,omnivore,imported,high,41.2,most,132.2,488.85,moderate
bus,353.8,0,265.2,coal,electric,meat_heavy,mixed,medium,22.9,some,72.1,519.33,high
car_petrol,541.5,2,224.4,mixed,electric,omnivore,mixed,high,43.2,most,224.4,608.48,high
cycle,58.2,3,280.1,coal,gas,vegan,local,low,26.5,most,144.6,423.39,moderate
bus,90.7,0,300.6,mixed,gas,omnivore,imported,low,12.6,most,124.0,400.37,moderate
car_electric,197.0,2,115.8,coal,oil,vegetarian,mixed,high,43.1,some,64.1,445.49,moderate
cycle,276.5,4,235.2,mixed,electric,vegetarian,local,medium,35.7,most,93.7,359.5,low
cycle,222.8,10,188.4,mixed,oil,omnivore,mixed,medium,27.7,some,56.4,603.08,high
motorbike,574.7,0,349.3,coal,electric,meat_heavy,mixed,medium,15.4,some,89.7,566.07,high
bus,475.9,6,300.3,renewable,none,vegetarian,imported,medium,24.3,none,116.1,387.59,low
motorbike,455.3,6,294.9,mixed,gas,omnivore,mixed,high,25.8,most,241.4,679.62,high
car_electric,680.2,0,119.1,coal,gas,meat_heavy,mixed,medium,24.9,none,122.3,506.15,moderate
bus,418.6,2,169.5,mixed,gas,vegan,imported,high,32.6,most,290.3,430.72,moderate
train,525.9,3,162.0,mixed,gas,vegan,local,high,35.8,some,91.4,352.8,low
car_petrol,387.6,3,281.6,mixed,electric,omnivore,local,low,22.1,most,35.5,399.92,moderate
bus,1251.6,0,256.8,renewable,gas,omnivore,local,medium,22.9,most,105.3,350.87,low
car_petrol,693.5,2,255.9,mixed,electric,meat_heavy,imported,low,33.7,none,139.3,625.56,high
cycle,237.9,3,363.1,mixed,gas,omnivore,imported,high,45.8,some,88.4,586.95,high
car_petrol,565.1,3,353.6,mixed,gas,vegan,mixed,medium,33.3,none,85.1,471.61,moderate
bus,568.9,2,275.2,mixed,electric,omnivore,mixed,medium,16.5,none,140.1,457.19,moderate
bus,602.4,2,294.7,renewable,gas,vegetarian,mixed,high,20.5,most,77.7,258.23,low
train,462.2,0,179.0,mixed,none,omnivore,mixed,medium,29.6,some,307.1,372.6,low
car_petrol,990.5,3,285.5,coal,oil,meat_heavy,mixed,high,50.9,some,99.5,916.47,high
car_diesel,308.4,1,49.7,coal,gas,omnivore,mixed,medium,27.8,some,132.5,471.01,moderate
car_diesel,853.9,0,72.8,mixed,electric,omnivore,mixed,high,24.8,none,257.4,566.46,high
car_petrol,279.8,3,203.9,coal,gas,omnivore,mixed,medium,27.6,some,42.2,519.57,high
cycle,428.5,0,244.6,renewable,gas,omnivore,imported,high,23.2,none,56.2,320.21,low
car_petrol,666.0,0,306.2,mixed,gas,meat_heavy,local,low,15.3,none,93.4,553.02,high
car_electric,322.7,0,296.6,coal,gas,vegetarian,local,medium,35.8,most,223.9,465.07,moderate
bus,635.2,0,176.7,mixed,electric,vegetarian,mixed,medium,28.6,some,77.0,314.56,low
bus,1626.4,0,216.2,mixed,none,omnivore,imported,medium,28.2,most,186.4,484.78,moderate
train,803.8,3,162.9,mixed,gas,meat_heavy,mixed,high,43.1,most,275.3,656.86,high
bus,433.5,2,313.6,mixed,electric,meat_heavy,local,medium,38.8,some,25.5,394.0,low
train,464.2,6,299.2,coal,gas,vegetarian,local,high,35.2,some,138.8,622.07,high
bus,594.5,0,336.4,renewable,electric,vegetarian,imported,medium,34.8,most,92.3,256.44,low
car_petrol,568.8,2,135.0,mixed,gas,omnivore,imported,high,17.3,most,85.7,636.15,high
car_petrol,625.4,1,191.0,coal,oil,omnivore,local,high,15.1,none,96.7,648.19,high
motorbike,536.4,6,249.4,mixed,none,vegetarian,local,low,25.8,some,145.3,384.15,low
bus,519.8,2,544.4,mixed,electric,vegetarian,imported,high,22.7,some,332.4,598.04,high
cycle,538.0,4,185.8,coal,gas,omnivore,mixed,medium,34.4,none,136.2,548.72,high
cycle,553.7,0,323.3,mixed,gas,omnivore,mixed,medium,47.4,none,111.0,441.81,moderate
bus,371.0,2,397.1,mixed,oil,vegetarian,local,low,26.9,none,40.7,381.59,low
car_petrol,649.6,1,313.0,coal,electric,omnivore,local,high,28.8,most,166.3,606.9,high
car_petrol,607.7,2,152.7,coal,none,vegetarian,mixed,medium,33.7,some,69.6,393.78,low
car_petrol,112.1,2,393.7,mixed,electric,meat_heavy,mixed,high,31.1,none,88.8,553.54,high
bus,508.5,3,51.7,renewable,none,meat_heavy,mixed,low,13.3,most,68.7,353.22,low
train,636.1,6,273.7,mixed,gas,omnivore,mixed,medium,42.4,some,43.4,535.47,high
car_petrol,492.2,1,259.8,mixed,oil,meat_heavy,mixed,high,20.3,none,89.5,642.95,high
car_petrol,277.5,2,206.0,coal,gas,omnivore,local,low,19.5,some,75.5,463.77,moderate
car_diesel,295.2,6,219.9,mixed,electric,omnivore,imported,medium,25.9,some,227.2,563.28,high
motorbike,244.5,2,77.5,mixed,gas,vegan,local,medium,31.0,some,139.6,302.07,low
cycle,245.1,0,184.4,mixed,electric,meat_heavy,local,medium,19.9,some,203.7,390.54,low
car_petrol,676.1,10,245.5,coal,gas,vegetarian,imported,low,36.6,none,65.5,754.85,high
train,179.8,0,246.2,coal,gas,vegan,local,high,27.3,some,61.8,361.3,low
bus,343.7,0,491.5,mixed,gas,vegan,imported,medium,8.3,some,23.6,313.57,low
train,237.3,0,319.5,renewable,oil,vegetarian,imported,low,16.3,most,207.9,231.49,low
car_petrol,186.8,0,253.1,renewable,oil,vegetarian,mixed,medium,29.5,some,91.5,229.85,low
motorbike,1238.5,3,134.8,renewable,oil,vegetarian,local,low,21.5,most,73.8,358.68,low
car_petrol,259.9,1,425.4,renewable,electric,vegetarian,local,medium,30.5,some,84.0,264.61,low
car_petrol,425.4,1,143.4,coal,gas,meat_heavy,local,high,46.6,most,348.3,735.73,high
train,432.2,2,271.2,mixed,oil,meat_heavy,imported,high,26.1,none,506.1,846.14,high
motorbike,1352.6,1,193.8,mixed,electric,omnivore,mixed,medium,21.1,some,34.0,474.87,moderate
cycle,243.4,0,142.6,renewable,electric,meat_heavy,imported,medium,28.0,some,209.2,392.78,low
cycle,356.8,1,368.6,mixed,oil,omnivore,mixed,medium,30.3,most,158.6,454.06,moderate
cycle,430.4,2,121.4,mixed,electric,meat_heavy,local,medium,20.0,some,201.4,385.64,low
bus,686.4,2,346.2,mixed,gas,vegetarian,mixed,low,26.8,most,124.0,379.71,low
train,454.4,0,365.8,mixed,electric,omnivore,mixed,medium,24.7,most,382.1,478.25,moderate
car_petrol,1154.8,0,268.6,renewable,oil,omnivore,mixed,low,31.3,some,52.7,468.83,moderate
bus,382.0,2,249.1,coal,gas,vegetarian,local,medium,43.1,none,121.9,490.6,moderate
car_diesel,278.9,6,235.1,coal,electric,omnivore,mixed,medium,42.3,most,188.7,628.5,high
train,514.0,6,212.2,renewable,gas,omnivore,mixed,medium,27.8,some,118.3,425.21,moderate
cycle,259.9,1,216.4,coal,electric,omnivore,mixed,low,38.1,some,292.4,518.68,high
cycle,484.4,2,211.9,mixed,electric,vegan,mixed,high,32.5,some,147.4,339.25,low
bus,519.5,2,303.0,renewable,electric,meat_heavy,mixed,low,34.7,none,202.3,468.21,moderate
bus,149.8,1,268.9,coal,gas,meat_heavy,mixed,low,42.6,none,62.0,546.78,high
car_electric,186.3,0,68.4,mixed,oil,omnivore,mixed,low,42.0,some,49.6,325.64,low
car_petrol,255.6,1,191.4,coal,oil,omnivore,imported,medium,23.3,most,191.9,659.13,high
car_petrol,448.7,2,270.0,mixed,gas,meat_heavy,mixed,medium,22.7,most,50.8,555.4,high
car_diesel,281.5,1,281.5,mixed,none,omnivore,imported,medium,23.7,most,207.8,457.15,moderate
car_petrol,469.5,2,145.0,coal,gas,meat_heavy,local,low,34.2,most,173.6,595.41,high
car_petrol,542.4,4,248.2,mixed,electric,omnivore,local,high,26.4,none,86.4,531.62,high
car_petrol,321.9,2,235.2,coal,gas,omnivore,imported,high,17.1,some,152.8,587.11,high
car_petrol,985.9,1,398.3,renewable,electric,vegetarian,imported,high,23.0,most,80.7,479.49,moderate
car_diesel,331.4,4,224.4,coal,gas,meat_heavy,mixed,medium,32.2,most,45.3,639.88,high
bus,215.2,3,367.4,renewable,electric,meat_heavy,mixed,low,32.1,none,93.2,418.12,moderate
cycle,182.5,3,253.3,mixed,electric,omnivore,mixed,medium,36.2,some,126.4,472.1,moderate
bus,255.5,0,223.3,mixed,electric,omnivore,local,low,30.0,most,180.1,370.71,low
car_electric,710.5,2,243.1,renewable,electric,omnivore,local,medium,32.9,some,86.6,301.63,low
motorbike,814.5,2,286.6,mixed,gas,vegetarian,mixed,high,33.9,most,163.5,493.19,moderate
cycle,220.3,0,66.2,mixed,gas,omnivore,mixed,low,30.0,some,132.5,295.27,low
motorbike,572.0,1,242.1,mixed,gas,vegan,local,high,20.0,some,78.8,315.92,low
train,219.0,3,352.8,renewable,gas,meat_heavy,imported,medium,45.3,some,70.9,470.78,moderate
car_petrol,508.6,0,251.2,mixed,none,meat_heavy,mixed,medium,21.7,some,63.5,453.15,moderate
car_diesel,419.6,0,129.3,coal,gas,omnivore,mixed,low,40.3,none,232.3,577.81,high
train,380.4,4,146.9,coal,electric,vegetarian,local,low,36.8,most,253.2,460.08,moderate
bus,362.0,0,442.1,mixed,gas,omnivore,mixed,medium,40.3,some,122.2,418.74,moderate
car_petrol,614.9,1,292.1,coal,gas,omnivore,local,high,42.4,some,200.4,692.0,high
car_petrol,372.4,4,376.6,mixed,gas,vegetarian,local,high,29.5,most,189.2,482.36,moderate
car_petrol,306.6,2,192.3,coal,none,omnivore,imported,high,21.8,most,62.0,447.22,moderate
car_electric,929.3,0,249.6,mixed,gas,omnivore,local,low,34.5,most,202.6,377.19,low
car_petrol,753.5,2,290.9,coal,gas,vegetarian,mixed,low,25.4,some,219.6,620.45,high
cycle,968.8,0,235.5,renewable,gas,meat_heavy,mixed,high,40.2,some,103.5,409.82,moderate
train,568.4,0,451.0,renewable,gas,omnivore,mixed,medium,33.5,most,177.8,311.03,low
motorbike,385.4,0,284.1,mixed,electric,omnivore,mixed,medium,24.5,none,237.0,460.31,moderate
car_diesel,298.4,2,334.3,mixed,electric,meat_heavy,mixed,medium,26.5,most,89.9,479.34,moderate
car_petrol,661.8,2,366.9,renewable,oil,omnivore,local,low,38.0,most,51.0,392.73,low
bus,590.4,4,292.3,mixed,none,omnivore,mixed,medium,19.6,most,96.9,415.91,moderate
train,308.3,2,161.2,mixed,oil,vegan,imported,low,42.3,some,140.3,322.53,low
car_petrol,163.1,2,437.7,coal,oil,vegan,mixed,low,24.3,most,166.7,550.03,high
train,1020.8,2,312.7,mixed,gas,vegan,imported,medium,22.5,none,271.3,444.82,moderate
train,514.3,2,134.9,coal,gas,omnivore,imported,high,19.8,most,227.6,620.12,high
cycle,383.0,2,312.9,mixed,oil,vegetarian,mixed,high,33.6,most,148.2,425.15,moderate
cycle,379.5,4,297.0,mixed,gas,vegetarian,mixed,high,21.9,some,92.2,398.96,low
car_diesel,628.9,3,277.6,mixed,electric,omnivore,mixed,medium,16.2,most,72.2,515.72,high
car_petrol,329.6,2,342.4,renewable,oil,vegetarian,imported,high,26.8,some,193.3,392.14,low
car_petrol,545.8,1,150.6,mixed,oil,omnivore,imported,low,27.6,some,138.1,534.43,high
car_diesel,262.3,3,276.0,renewable,oil,omnivore,local,medium,39.0,most,216.8,370.85,low
car_petrol,659.2,1,270.2,renewable,electric,meat_heavy,mixed,high,18.6,most,156.1,524.61,high
cycle,475.2,1,287.0,renewable,gas,omnivore,mixed,medium,24.0,most,133.3,294.67,low
motorbike,1805.3,2,253.0,mixed,gas,omnivore,mixed,high,27.4,none,98.5,644.76,high
train,512.5,2,165.2,mixed,gas,omnivore,imported,medium,13.2,none,279.6,538.85,high
motorbike,525.5,0,294.9,mixed,electric,vegan,local,medium,15.3,none,232.4,315.42,low
car_petrol,369.5,2,330.6,coal,gas,omnivore,mixed,medium,42.9,some,68.1,635.11,high
car_electric,219.6,0,332.6,renewable,gas,omnivore,mixed,medium,21.7,some,82.1,270.87,low
car_petrol,392.1,3,223.7,mixed,electric,meat_heavy,mixed,low,36.1,none,115.2,582.64,high
train,263.0,0,243.4,mixed,gas,omnivore,mixed,medium,23.9,most,299.3,452.03,moderate
car_petrol,601.5,4,325.9,coal,oil,vegetarian,mixed,medium,13.3,some,106.3,712.85,high
cycle,456.5,2,368.9,coal,electric,vegetarian,local,medium,26.5,some,140.0,439.51,moderate
car_electric,858.6,6,376.9,mixed,oil,meat_heavy,local,medium,27.9,most,74.8,508.8,moderate
car_electric,511.9,6,228.4,mixed,gas,omnivore,local,high,18.1,most,60.0,476.84,moderate
motorbike,603.6,0,159.6,mixed,gas,omnivore,local,medium,28.8,some,56.8,413.52,moderate
car_petrol,770.9,0,188.3,mixed,electric,meat_heavy,mixed,high,34.5,some,48.6,599.09,high
car_diesel,506.7,1,222.5,renewable,oil,vegetarian,local,high,25.2,none,78.6,318.66,low
cycle,296.1,0,210.7,renewable,electric,omnivore,mixed,low,35.3,some,277.2,309.1,low
motorbike,620.2,6,299.1,coal,gas,omnivore,imported,medium,22.5,none,135.3,721.38,high
train,476.9,3,349.6,renewable,electric,vegan,mixed,medium,23.5,some,454.8,387.49,low
car_diesel,468.1,0,151.3,mixed,oil,vegetarian,mixed,medium,28.8,some,279.9,466.55,moderate
motorbike,424.0,1,37.6,coal,gas,vegetarian,imported,low,15.7,most,46.4,331.83,low
car_petrol,695.2,2,180.2,coal,gas,omnivore,mixed,medium,15.5,some,121.2,619.48,high
cycle,322.6,0,321.0,mixed,gas,meat_heavy,imported,medium,28.0,some,126.3,480.68,moderate
cycle,313.3,0,340.9,mixed,electric,vegetarian,mixed,medium,34.9,some,103.2,301.76,low
bus,486.5,1,478.2,coal,electric,vegetarian,mixed,low,22.7,some,201.2,515.75,high
car_electric,987.3,1,252.0,mixed,oil,omnivore,imported,high,25.0,most,205.4,630.68,high
car_petrol,674.9,0,325.7,mixed,gas,omnivore,local,medium,21.1,some,98.2,489.64,moderate
bus,320.1,2,154.4,mixed,electric,omnivore,imported,high,19.2,some,124.3,468.39,moderate
bus,730.8,4,372.1,coal,electric,omnivore,mixed,high,38.4,none,37.8,651.77,high
car_petrol,554.5,0,305.2,renewable,gas,meat_heavy,local,high,15.7,some,171.0,448.81,moderate
car_electric,329.0,0,167.8,coal,oil,meat_heavy,mixed,low,38.4,most,8.3,454.56,moderate
bus,737.6,0,307.3,mixed,gas,vegetarian,local,low,48.4,most,62.8,358.76,low
cycle,424.2,3,203.5,mixed,oil,meat_heavy,mixed,low,15.8,some,169.7,517.0,high
car_petrol,335.0,0,339.1,mixed,electric,meat_heavy,imported,medium,23.6,some,93.1,597.13,high
car_petrol,94.0,1,169.5,coal,electric,meat_heavy,imported,high,24.0,some,167.0,635.59,high
cycle,355.7,1,271.0,mixed,gas,meat_heavy,mixed,low,19.4,none,110.3,433.93,moderate
train,257.0,0,192.3,mixed,gas,omnivore,mixed,high,29.0,most,128.7,421.33,moderate
bus,979.7,0,239.1,coal,oil,vegan,imported,high,28.2,most,147.0,474.79,moderate
train,206.9,0,153.2,mixed,gas,omnivore,local,medium,36.8,none,107.8,361.62,low
motorbike,686.1,0,173.1,mixed,gas,omnivore,imported,low,22.1,none,250.7,481.17,moderate
train,129.7,2,276.8,mixed,gas,vegetarian,mixed,medium,25.7,some,83.0,350.67,low
car_electric,645.1,10,211.9,mixed,electric,meat_heavy,mixed,low,23.4,some,148.3,652.39,high
train,767.3,0,234.2,renewable,gas,meat_heavy,imported,high,27.6,some,56.9,428.95,moderate
bus,378.2,2,242.2,coal,gas,omnivore,local,low,33.8,none,78.6,514.68,high
car_petrol,451.3,2,243.8,renewable,oil,meat_heavy,mixed,medium,26.6,none,197.0,551.85,high
bus,437.1,2,318.7,mixed,gas,vegan,local,low,31.9,most,304.7,425.46,moderate
car_petrol,406.5,1,279.9,mixed,none,vegetarian,local,medium,13.8,some,44.6,257.81,low
motorbike,311.9,4,291.2,coal,electric,vegetarian,mixed,high,34.7,most,265.1,582.59,high
bus,637.2,6,300.7,coal,oil,vegan,mixed,medium,39.9,some,232.6,627.76,high
car_petrol,225.6,0,352.0,renewable,gas,omnivore,mixed,medium,17.4,most,373.4,387.07,low
cycle,347.2,0,298.5,coal,none,omnivore,mixed,high,28.5,some,64.8,340.79,low
car_diesel,507.5,0,180.6,coal,oil,vegan,mixed,medium,14.6,none,100.6,433.04,moderate
motorbike,297.5,4,259.6,coal,gas,meat_heavy,local,low,26.8,most,94.6,592.71,high
motorbike,163.6,0,313.8,mixed,electric,omnivore,imported,medium,15.5,most,72.0,353.92,low
car_petrol,485.9,1,60.6,mixed,gas,omnivore,mixed,high,29.0,some,155.6,531.74,high
cycle,348.2,4,337.3,mixed,electric,meat_heavy,imported,high,31.3,none,171.3,706.48,high
cycle,772.3,0,220.8,mixed,oil,meat_heavy,mixed,high,20.2,none,266.5,611.89,high
motorbike,379.5,0,183.7,mixed,none,meat_heavy,mixed,medium,37.4,most,52.5,362.6,low
car_petrol,691.8,0,377.2,renewable,electric,omnivore,mixed,medium,41.0,none,157.6,447.52,moderate
train,794.2,2,161.5,mixed,electric,omnivore,mixed,high,21.2,none,77.5,431.97,moderate
cycle,595.4,0,354.6,renewable,gas,meat_heavy,local,high,28.6,some,107.2,353.48,low
bus,358.2,1,20.0,mixed,gas,omnivore,mixed,low,38.6,most,66.3,352.22,low
train,348.1,0,400.1,mixed,electric,omnivore,mixed,medium,35.1,some,155.7,414.95,moderate
motorbike,650.3,2,241.6,mixed,none,meat_heavy,mixed,medium,18.5,some,156.2,477.2,moderate
car_petrol,446.0,2,295.8,coal,gas,omnivore,mixed,medium,51.5,some,209.7,650.79,high
cycle,251.3,3,285.5,mixed,gas,vegan,local,medium,25.5,most,68.1,306.38,low
car_petrol,314.2,0,342.9,mixed,none,meat_heavy,mixed,low,46.6,some,157.4,420.65,moderate
bus,529.2,6,349.6,mixed,oil,omnivore,mixed,low,24.8,most,166.7,601.2,high
motorbike,142.0,0,298.9,mixed,electric,vegan,mixed,medium,26.6,some,165.4,278.92,low
train,421.3,0,233.3,coal,electric,omnivore,mixed,high,14.5,none,219.4,468.88,moderate
car_electric,830.6,6,218.0,mixed,gas,meat_heavy,mixed,low,26.5,most,124.9,622.03,high
car_electric,478.4,1,370.6,mixed,electric,vegan,local,medium,32.6,some,143.0,318.33,low
cycle,363.6,0,195.7,renewable,gas,omnivore,local,low,49.0,most,82.8,221.14,low
motorbike,885.7,0,259.5,coal,electric,vegetarian,local,low,14.3,none,125.8,398.51,low
bus,398.8,3,131.0,coal,electric,omnivore,local,low,30.7,most,199.8,444.61,moderate
cycle,1160.5,2,472.9,mixed,gas,meat_heavy,mixed,low,62.1,some,153.4,534.78,high
train,628.2,1,251.7,mixed,gas,vegetarian,mixed,medium,50.1,some,78.2,365.71,low
bus,234.2,0,419.4,coal,gas,omnivore,mixed,medium,26.7,none,115.3,568.86,high
car_diesel,217.1,2,210.2,coal,gas,omnivore,imported,medium,41.5,some,174.7,587.19,high
train,458.3,0,114.8,renewable,electric,vegetarian,local,medium,2.0,some,78.4,146.66,low
cycle,341.8,10,205.4,coal,gas,vegetarian,mixed,medium,11.7,most,223.9,635.97,high
train,266.8,4,367.8,coal,electric,vegan,imported,medium,26.5,some,75.7,446.2,moderate
car_diesel,194.6,1,321.3,coal,electric,omnivore,imported,medium,18.7,some,75.4,526.78,high
bus,258.0,0,452.8,coal,gas,meat_heavy,local,low,31.4,none,131.4,597.9,high
cycle,222.3,1,149.4,mixed,electric,omnivore,mixed,high,25.6,some,27.1,336.71,low
car_petrol,737.4,1,120.2,mixed,gas,omnivore,mixed,medium,31.2,none,41.9,504.02,moderate
bus,597.5,0,281.2,coal,none,omnivore,local,low,26.8,some,54.4,330.72,low
car_petrol,799.7,0,134.6,mixed,oil,omnivore,mixed,high,34.2,most,95.9,596.57,high
motorbike,601.6,1,169.0,coal,gas,meat_heavy,mixed,medium,13.4,some,228.3,658.63,high
car_petrol,616.5,0,279.8,coal,oil,omnivore,local,medium,26.9,some,52.4,560.31,high
bus,370.6,2,424.4,renewable,electric,meat_heavy,mixed,high,52.1,none,242.6,562.07,high
car_electric,853.7,3,225.8,mixed,electric,omnivore,imported,medium,40.6,none,155.2,530.61,high
car_petrol,321.2,4,201.9,renewable,oil,omnivore,mixed,medium,34.7,most,41.3,410.38,moderate
cycle,453.7,2,122.0,mixed,gas,meat_heavy,mixed,medium,24.7,none,247.1,551.38,high
car_diesel,466.4,6,214.5,coal,electric,vegetarian,local,high,45.1,most,52.5,473.73,moderate
cycle,397.6,4,76.1,renewable,gas,omnivore,mixed,medium,3.3,some,82.0,328.88,low
cycle,144.6,1,259.2,coal,electric,omnivore,local,low,30.9,some,233.7,473.24,moderate
car_petrol,132.2,2,314.6,mixed,gas,omnivore,local,high,20.0,some,98.0,452.26,moderate
car_petrol,262.0,0,356.6,coal,gas,meat_heavy,mixed,medium,44.3,most,158.2,655.5,high
cycle,247.4,2,348.2,mixed,gas,vegan,local,medium,28.5,most,106.7,298.57,low
train,289.5,2,352.9,mixed,oil,omnivore,imported,low,24.0,none,184.4,525.73,high
bus,554.0,3,416.9,coal,gas,omnivore,imported,low,35.0,most,130.0,676.41,high
car_electric,584.7,2,408.2,mixed,gas,omnivore,imported,high,30.4,some,157.1,590.74,high
car_diesel,347.1,4,279.3,mixed,gas,vegan,mixed,medium,35.0,most,87.9,428.28,moderate
car_petrol,420.4,0,196.0,mixed,gas,omnivore,mixed,low,21.6,some,108.1,421.37,moderate
car_petrol,310.1,0,348.3,renewable,electric,vegetarian,mixed,medium,32.1,some,232.6,336.41,low
bus,526.7,3,308.4,mixed,oil,omnivore,local,low,37.7,most,82.9,449.25,moderate
train,666.2,1,213.8,mixed,gas,omnivore,mixed,low,51.9,some,176.6,444.97,moderate
cycle,1152.7,2,224.6,mixed,none,omnivore,local,high,41.1,none,237.4,419.56,moderate
car_diesel,409.6,0,161.4,mixed,electric,omnivore,local,low,37.1,most,164.9,388.68,low
train,399.8,0,265.0,mixed,gas,omnivore,mixed,low,30.4,some,126.7,396.43,low
bus,235.7,4,333.2,mixed,gas,meat_heavy,mixed,medium,35.1,some,124.7,577.1,high
car_petrol,365.7,1,168.5,mixed,oil,vegan,mixed,medium,10.6,some,50.2,335.57,low
car_diesel,427.3,1,231.4,coal,oil,omnivore,mixed,high,45.3,none,31.7,586.26,high
car_electric,387.3,2,188.8,renewable,gas,meat_heavy,local,high,31.5,some,53.0,363.26,low
car_petrol,1056.6,0,201.1,renewable,electric,omnivore,local,high,10.9,none,83.7,471.88,moderate
car_diesel,297.1,6,235.6,mixed,gas,vegetarian,local,medium,22.0,some,132.7,487.89,moderate
car_diesel,310.0,0,250.7,coal,electric,meat_heavy,local,medium,35.6,most,136.1,462.52,moderate
car_petrol,318.7,1,239.2,coal,gas,vegan,mixed,medium,20.2,most,32.4,427.54,moderate
car_petrol,452.7,6,175.1,coal,gas,omnivore,mixed,high,28.2,some,177.1,702.17,high
motorbike,561.6,0,213.5,mixed,oil,meat_heavy,mixed,medium,33.0,none,203.4,541.4,high
train,501.8,2,186.6,mixed,electric,omnivore,local,high,38.4,none,162.4,458.66,moderate
car_diesel,795.3,3,259.3,mixed,gas,vegetarian,mixed,low,33.0,none,166.9,566.58,high
bus,346.5,0,243.9,mixed,gas,vegan,local,medium,30.7,some,160.2,301.41,low
car_petrol,1408.9,4,242.7,mixed,none,omnivore,local,medium,24.0,most,227.6,707.88,high
car_petrol,287.3,4,299.0,coal,electric,meat_heavy,local,medium,23.0,some,89.6,584.71,high
car_petrol,744.7,1,88.4,coal,none,meat_heavy,mixed,low,20.4,some,227.6,511.03,moderate
car_electric,180.0,1,141.5,coal,electric,vegetarian,imported,medium,27.2,none,57.9,327.18,low
car_diesel,1228.4,2,300.1,mixed,electric,omnivore,mixed,medium,21.9,most,99.3,594.11,high
motorbike,142.3,0,317.9,renewable,gas,omnivore,imported,low,36.9,none,63.9,295.39,low
car_diesel,183.2,6,434.2,coal,gas,omnivore,mixed,low,30.6,some,381.0,843.67,high
cycle,451.8,0,253.7,coal,none,meat_heavy,mixed,low,2.2,some,179.7,383.81,low
train,824.3,1,269.1,coal,oil,meat_heavy,local,high,31.4,some,119.2,603.35,high
car_petrol,701.3,1,129.9,mixed,oil,omnivore,mixed,medium,29.9,none,62.7,533.64,high
cycle,856.1,0,286.4,mixed,gas,meat_heavy,mixed,low,47.8,most,150.5,441.27,moderate
car_petrol,357.4,6,213.1,mixed,electric,meat_heavy,local,medium,30.0,some,56.0,541.15,high
train,183.5,1,232.4,mixed,gas,omnivore,mixed,low,26.9,none,275.9,438.66,moderate
motorbike,360.2,1,172.2,mixed,electric,meat_heavy,local,low,6.6,some,162.9,408.53,moderate
car_petrol,692.1,3,242.6,mixed,none,omnivore,mixed,low,29.3,some,111.4,474.05,moderate
cycle,909.2,2,262.6,renewable,gas,meat_heavy,mixed,low,33.9,none,261.5,424.68,moderate
motorbike,227.7,1,362.6,mixed,electric,omnivore,imported,high,22.5,most,99.3,548.51,high
cycle,360.1,1,451.4,mixed,gas,meat_heavy,imported,medium,38.1,some,40.0,539.45,high
car_petrol,262.7,3,389.9,mixed,gas,vegetarian,mixed,medium,6.2,some,118.5,444.03,moderate
car_diesel,704.6,0,258.3,coal,electric,vegetarian,imported,high,19.9,none,123.5,518.99,high
car_petrol,264.2,1,326.7,coal,gas,meat_heavy,local,high,17.6,most,63.2,613.3,high
cycle,287.2,4,188.2,mixed,oil,omnivore,imported,high,37.7,some,57.1,507.82,moderate
car_petrol,382.7,2,240.0,mixed,gas,vegan,mixed,medium,42.6,none,439.3,605.91,high
car_petrol,420.0,1,404.4,mixed,gas,omnivore,local,high,10.6,most,119.5,517.76,high
car_petrol,375.5,2,331.2,mixed,oil,meat_heavy,imported,medium,19.8,none,134.4,686.3,high
bus,809.5,4,159.6,renewable,oil,meat_heavy,imported,medium,46.2,some,199.0,609.96,high
cycle,238.9,6,283.2,coal,gas,omnivore,mixed,medium,13.6,some,61.7,539.4,high
car_electric,218.1,3,283.6,mixed,electric,vegetarian,mixed,medium,27.5,most,286.0,450.62,moderate
car_diesel,508.2,6,279.7,mixed,electric,meat_heavy,mixed,high,28.4,none,73.3,691.12,high
train,145.9,0,163.9,mixed,electric,vegan,mixed,medium,30.3,none,83.2,211.69,low
car_electric,665.4,1,366.5,coal,oil,meat_heavy,mixed,medium,18.1,most,73.4,629.77,high
motorbike,545.3,3,227.8,mixed,gas,meat_heavy,local,high,25.7,some,36.0,545.83,high
bus,395.0,6,227.6,mixed,electric,omnivore,imported,medium,36.0,some,19.8,484.34,moderate
cycle,284.4,0,300.5,mixed,oil,meat_heavy,mixed,medium,6.7,most,134.9,456.78,moderate
cycle,625.8,1,117.8,mixed,oil,meat_heavy,mixed,high,31.2,some,39.6,497.63,moderate
cycle,998.6,3,440.6,coal,gas,vegetarian,local,medium,26.6,most,247.4,595.0,high
cycle,244.2,1,356.3,coal,none,vegetarian,local,high,18.4,some,49.8,282.67,low
cycle,435.9,1,296.6,mixed,gas,meat_heavy,local,high,41.5,some,131.8,484.84,moderate
car_petrol,896.2,1,81.8,mixed,gas,meat_heavy,mixed,low,29.8,some,164.8,583.43,high
car_petrol,328.6,3,289.3,renewable,none,vegan,mixed,low,35.0,most,113.1,259.79,low
cycle,135.4,1,231.7,coal,oil,omnivore,local,low,7.1,most,103.4,445.75,moderate
car_diesel,292.7,3,439.2,mixed,oil,meat_heavy,local,medium,24.6,some,86.3,572.72,high
car_petrol,307.5,3,208.0,coal,electric,meat_heavy,local,high,24.2,some,228.5,661.27,high
motorbike,709.0,1,474.3,renewable,gas,meat_heavy,local,medium,45.6,some,185.0,423.08,moderate
car_diesel,544.2,2,223.1,renewable,gas,omnivore,mixed,low,21.0,none,81.4,358.64,low
car_petrol,518.4,2,257.5,mixed,gas,omnivore,local,high,22.3,some,105.3,546.11,high
train,1179.4,1,379.3,renewable,electric,vegan,imported,medium,28.9,none,203.0,295.47,low
car_diesel,336.4,0,251.8,coal,electric,vegetarian,imported,medium,34.1,most,239.6,543.28,high
car_diesel,464.8,0,196.7,mixed,gas,omnivore,mixed,low,29.9,most,394.1,515.29,high
car_diesel,323.1,2,142.4,coal,gas,vegan,mixed,high,19.2,some,136.1,428.09,moderate
car_diesel,311.5,0,171.2,renewable,gas,omnivore,imported,medium,20.8,some,221.1,383.82,low
car_petrol,847.3,4,326.8,mixed,none,vegetarian,mixed,low,43.7,some,187.1,525.64,high
car_petrol,270.4,0,168.6,coal,gas,vegetarian,local,low,38.4,most,133.1,398.37,low
cycle,781.0,2,159.4,mixed,gas,omnivore,imported,low,29.6,most,14.8,375.58,low
cycle,309.4,0,216.7,coal,electric,vegetarian,mixed,medium,53.1,most,144.7,343.28,low
car_electric,503.6,4,20.0,coal,none,vegan,mixed,high,24.1,some,111.2,255.31,low
motorbike,583.9,1,326.2,coal,none,omnivore,local,medium,8.4,most,162.5,367.73,low
motorbike,478.9,4,354.5,mixed,oil,meat_heavy,local,medium,27.8,most,110.4,586.8,high
bus,362.9,0,351.7,mixed,none,meat_heavy,mixed,medium,35.4,some,72.8,414.38,moderate
car_petrol,173.3,4,277.0,mixed,gas,meat_heavy,mixed,low,25.3,none,159.3,531.71,high
car_diesel,372.2,0,281.2,coal,none,omnivore,mixed,low,32.3,some,73.0,388.59,low
cycle,368.4,3,309.3,coal,oil,omnivore,local,medium,22.1,most,103.6,499.11,moderate
cycle,512.6,1,275.1,renewable,gas,vegan,mixed,medium,19.6,some,85.0,154.37,low
motorbike,334.8,1,249.5,coal,gas,omnivore,mixed,medium,24.9,some,62.6,504.12,moderate
car_petrol,578.5,1,305.3,mixed,gas,meat_heavy,mixed,high,43.2,none,149.2,731.9,high
car_petrol,361.0,0,332.8,mixed,gas,omnivore,mixed,high,29.9,some,100.4,502.88,moderate
train,90.6,2,268.7,mixed,electric,vegan,mixed,low,24.2,none,172.2,347.16,low
car_petrol,233.4,1,289.5,mixed,electric,meat_heavy,mixed,low,27.3,some,115.5,498.85,moderate
car_electric,563.7,2,320.8,renewable,gas,vegetarian,imported,medium,34.8,none,109.2,311.58,low
car_petrol,459.7,2,192.9,renewable,oil,vegetarian,local,low,23.9,most,103.3,297.83,low
cycle,667.0,2,183.5,renewable,gas,meat_heavy,local,low,15.3,some,162.0,291.18,low
car_electric,629.5,4,189.9,mixed,gas,omnivore,mixed,low,26.8,none,51.7,448.58,moderate
car_electric,359.2,0,59.5,mixed,oil,meat_heavy,mixed,high,32.0,some,243.2,559.51,high
train,308.4,0,55.7,renewable,electric,vegan,imported,medium,10.7,some,379.7,276.76,low
car_petrol,153.9,6,194.5,mixed,electric,meat_heavy,mixed,high,28.8,none,183.3,710.02,high
car_diesel,495.9,3,302.4,mixed,electric,meat_heavy,mixed,high,19.4,some,300.0,719.78,high
train,133.9,1,211.3,coal,electric,omnivore,mixed,low,21.1,most,119.7,403.61,moderate
cycle,863.1,4,281.6,mixed,electric,vegan,local,low,41.1,some,64.1,320.15,low
cycle,252.7,1,150.1,renewable,gas,omnivore,local,low,36.5,most,234.7,278.54,low
motorbike,1039.9,0,154.8,renewable,oil,omnivore,mixed,low,13.3,some,30.7,300.17,low
car_electric,416.2,6,221.7,mixed,gas,omnivore,local,high,17.3,most,147.8,503.29,moderate
cycle,803.6,4,337.5,renewable,electric,meat_heavy,mixed,low,2.0,some,159.5,402.06,moderate
car_petrol,160.0,0,268.5,mixed,gas,omnivore,imported,high,10.4,some,101.6,505.34,moderate
car_petrol,586.8,0,239.1,renewable,electric,vegetarian,local,high,34.0,some,296.6,404.38,moderate
car_petrol,129.3,10,251.9,coal,gas,omnivore,mixed,high,32.1,some,53.7,767.66,high
cycle,551.2,10,387.0,coal,gas,omnivore,mixed,low,41.2,some,61.6,728.1,high
motorbike,400.0,0,319.0,coal,gas,vegetarian,mixed,medium,24.7,none,378.7,577.1,high
car_diesel,192.2,0,126.0,coal,gas,vegan,local,high,37.3,none,88.8,332.09,low
bus,564.4,0,237.0,coal,electric,meat_heavy,imported,medium,39.9,none,86.1,665.16,high
bus,584.5,3,270.0,coal,gas,meat_heavy,imported,low,30.2,most,180.7,699.85,high
car_diesel,287.2,0,315.4,mixed,gas,vegetarian,mixed,high,29.2,some,440.3,536.89,high
train,365.3,0,204.4,coal,gas,meat_heavy,imported,medium,23.3,some,142.4,604.56,high
train,754.6,0,172.6,renewable,gas,omnivore,imported,low,26.2,none,200.6,375.14,low
bus,405.9,1,157.5,mixed,gas,omnivore,mixed,medium,18.7,most,140.1,426.27,moderate
car_petrol,117.1,0,455.2,renewable,oil,omnivore,imported,high,22.4,most,143.4,406.55,moderate
bus,166.8,2,136.6,mixed,electric,omnivore,local,low,22.8,some,55.9,306.05,low
car_electric,647.8,0,278.2,mixed,none,omnivore,local,high,3.9,some,28.8,276.61,low
cycle,779.6,2,337.3,coal,oil,omnivore,mixed,high,28.4,some,199.4,689.71,high
car_petrol,799.8,3,145.2,coal,electric,meat_heavy,local,medium,27.1,most,131.0,694.79,high
cycle,243.4,3,426.8,renewable,oil,omnivore,local,high,25.9,most,62.8,306.05,low
train,389.6,1,225.4,mixed,electric,vegetarian,mixed,low,39.4,most,224.8,344.95,low
car_petrol,438.5,0,261.9,coal,oil,vegetarian,mixed,low,22.7,none,49.5,486.0,moderate
car_diesel,956.8,0,253.8,renewable,electric,meat_heavy,mixed,low,26.5,none,219.4,503.28,moderate
bus,400.2,3,240.9,mixed,electric,omnivore,mixed,high,34.3,most,72.7,474.11,moderate
cycle,618.2,2,223.5,mixed,gas,vegan,local,medium,11.7,most,135.3,284.9,low
car_petrol,674.4,0,276.3,mixed,gas,omnivore,imported,low,45.6,some,117.0,517.48,high
car_diesel,566.2,0,306.3,renewable,none,vegan,imported,medium,36.7,none,209.7,286.0,low
car_petrol,742.2,1,227.4,renewable,gas,vegan,local,medium,37.6,some,89.2,321.94,low
car_diesel,456.0,2,263.1,coal,electric,omnivore,local,medium,7.7,some,12.5,430.09,moderate
train,245.8,3,394.4,mixed,gas,vegetarian,local,low,33.8,most,54.0,353.3,low
car_petrol,358.2,3,366.9,coal,electric,omnivore,imported,high,27.1,some,44.8,634.23,high
cycle,259.5,0,196.6,mixed,electric,omnivore,mixed,high,15.3,most,97.7,335.21,low
motorbike,397.9,1,231.9,coal,electric,vegetarian,mixed,high,45.8,some,78.3,456.94,moderate
bus,294.3,2,193.2,renewable,none,omnivore,local,medium,27.4,most,208.0,319.17,low
cycle,644.7,1,258.6,mixed,gas,vegan,imported,high,18.5,most,49.1,282.8,low
car_diesel,426.3,4,287.0,renewable,none,vegetarian,imported,low,41.9,some,129.6,399.02,low
cycle,526.4,1,84.7,mixed,oil,vegan,mixed,medium,30.3,some,78.5,257.39,low
car_diesel,326.6,2,354.7,renewable,gas,omnivore,mixed,medium,17.7,some,151.6,376.42,low
train,369.2,0,254.2,mixed,gas,vegetarian,mixed,medium,38.5,some,192.6,357.66,low
train,352.1,4,242.9,coal,electric,meat_heavy,imported,high,8.2,none,116.1,645.42,high
bus,378.1,0,222.8,mixed,gas,omnivore,local,high,13.8,most,125.7,409.94,moderate
cycle,851.5,10,165.5,coal,electric,vegan,mixed,high,22.7,most,214.1,529.7,high
cycle,245.7,1,299.0,mixed,oil,omnivore,imported,high,15.2,most,85.5,488.65,moderate
car_petrol,213.0,6,249.4,mixed,electric,vegetarian,local,low,25.3,some,79.5,395.39,low
motorbike,476.2,0,240.4,mixed,oil,omnivore,mixed,high,18.0,some,102.1,462.37,moderate
car_petrol,395.2,0,176.1,mixed,none,meat_heavy,local,high,24.4,most,37.7,367.43,low
cycle,533.5,3,260.4,mixed,gas,meat_heavy,mixed,low,43.9,none,129.7,468.66,moderate
bus,1472.9,0,263.8,coal,gas,vegetarian,local,high,29.5,most,71.9,520.24,high
cycle,194.4,1,56.1,mixed,electric,meat_heavy,mixed,medium,31.9,some,123.6,408.34,moderate
cycle,841.8,0,285.2,mixed,none,meat_heavy,mixed,low,47.6,some,89.4,334.56,low
car_petrol,486.5,1,283.9,mixed,electric,omnivore,mixed,low,39.2,some,124.0,486.39,moderate
cycle,288.6,0,352.1,coal,none,vegetarian,imported,high,38.8,none,104.8,346.57,low
car_petrol,692.9,1,180.2,mixed,electric,meat_heavy,imported,high,26.0,none,120.3,717.2,high
bus,499.1,0,224.1,coal,electric,omnivore,imported,medium,46.1,some,53.3,495.39,moderate
bus,453.9,4,311.0,renewable,gas,omnivore,local,high,27.3,none,335.2,489.09,moderate
bus,561.3,2,179.2,mixed,gas,meat_heavy,mixed,high,31.9,none,111.7,588.27,high
bus,808.4,0,192.8,mixed,electric,omnivore,mixed,high,37.6,none,20.8,403.54,moderate
train,895.1,3,228.5,coal,none,meat_heavy,mixed,low,26.3,some,145.3,499.8,moderate
bus,460.6,1,318.1,coal,gas,vegan,mixed,medium,25.7,none,196.9,503.12,moderate
bus,590.1,0,414.9,coal,gas,omnivore,mixed,medium,31.3,most,192.3,641.28,high
car_petrol,493.2,3,264.1,mixed,none,vegan,local,medium,41.7,most,167.7,371.97,low
